epoch,batch,train_loss,timestamp
1,0,0.4288196563720703,2026-05-18T09:14:33.336251
1,1,0.032669853419065475,2026-05-18T09:14:42.637583
1,2,0.030956817790865898,2026-05-18T09:14:42.753293
1,3,0.033776815980672836,2026-05-18T09:14:42.844978
1,4,0.030818577855825424,2026-05-18T09:14:42.919547
1,5,0.027920950204133987,2026-05-18T09:14:42.993351
1,6,0.03059798665344715,2026-05-18T09:14:43.064627
1,7,0.032943468540906906,2026-05-18T09:14:43.136174
1,8,0.029550516977906227,2026-05-18T09:14:43.205404
1,9,0.03252954035997391,2026-05-18T09:14:43.275621
1,10,0.03218414634466171,2026-05-18T09:14:43.469058
1,11,0.031181402504444122,2026-05-18T09:14:43.642909
1,12,0.03692988306283951,2026-05-18T09:14:43.711994
1,13,0.03330949693918228,2026-05-18T09:14:43.839695
1,14,0.03409045189619064,2026-05-18T09:14:44.224538
1,15,0.02801906317472458,2026-05-18T09:14:44.294472
1,16,0.04084252193570137,2026-05-18T09:14:44.365125
1,17,0.03336824104189873,2026-05-18T09:14:44.436188
1,18,0.031075002625584602,2026-05-18T09:14:44.807341
1,19,0.03211010619997978,2026-05-18T09:14:45.016313
1,20,0.031898897141218185,2026-05-18T09:14:45.084920
1,21,0.03293921425938606,2026-05-18T09:14:45.157362
1,22,0.03284451365470886,2026-05-18T09:14:45.533941
1,23,0.031834181398153305,2026-05-18T09:14:45.735023
1,24,0.03793446719646454,2026-05-18T09:14:45.803257
1,25,0.0331958644092083,2026-05-18T09:14:45.873595
1,26,0.03202515095472336,2026-05-18T09:14:46.157189
1,27,0.029932308942079544,2026-05-18T09:14:46.399449
1,28,0.03625212237238884,2026-05-18T09:14:46.468641
1,29,0.030488699674606323,2026-05-18T09:14:46.542586
1,30,0.03391425311565399,2026-05-18T09:14:46.849043
1,31,0.03350415453314781,2026-05-18T09:14:47.019827
1,32,0.03131953254342079,2026-05-18T09:14:47.208523
1,33,0.03112640045583248,2026-05-18T09:14:47.277111
1,34,0.02925151214003563,2026-05-18T09:14:47.619638
1,35,0.03357561677694321,2026-05-18T09:14:47.688680
1,36,0.03844435140490532,2026-05-18T09:14:47.915512
1,37,0.03505602106451988,2026-05-18T09:14:47.984210
1,38,0.036621298640966415,2026-05-18T09:14:48.334310
1,39,0.031003907322883606,2026-05-18T09:14:48.402910
1,40,0.033465076237916946,2026-05-18T09:14:48.692635
1,41,0.03265999257564545,2026-05-18T09:14:48.760848
1,42,0.03408127650618553,2026-05-18T09:14:49.091530
1,43,0.032391805201768875,2026-05-18T09:14:49.160055
1,44,0.04075765237212181,2026-05-18T09:14:49.436693
1,45,0.030535144731402397,2026-05-18T09:14:49.505987
1,46,0.036162909120321274,2026-05-18T09:14:49.876327
1,47,0.03331131860613823,2026-05-18T09:14:49.946000
1,48,0.031700070947408676,2026-05-18T09:14:50.218984
1,49,0.02983490750193596,2026-05-18T09:14:50.287978
1,50,0.03406105935573578,2026-05-18T09:14:50.614446
1,51,0.027808332815766335,2026-05-18T09:14:50.683109
1,52,0.034001149237155914,2026-05-18T09:14:50.906556
1,53,0.03409961983561516,2026-05-18T09:14:50.973255
1,54,0.03139423951506615,2026-05-18T09:14:51.353762
1,55,0.02968243882060051,2026-05-18T09:14:51.422624
1,56,0.03771735727787018,2026-05-18T09:14:51.550776
1,57,0.034477852284908295,2026-05-18T09:14:51.621759
1,58,0.029955601319670677,2026-05-18T09:14:51.974399
1,59,0.029396533966064453,2026-05-18T09:14:52.044196
1,60,0.028948646038770676,2026-05-18T09:14:52.349995
1,61,0.03152430057525635,2026-05-18T09:14:52.422517
1,62,0.031042464077472687,2026-05-18T09:14:52.770063
1,63,0.028061727061867714,2026-05-18T09:14:52.839739
1,64,0.03376321122050285,2026-05-18T09:14:53.116465
1,65,0.029877979308366776,2026-05-18T09:14:53.184011
1,66,0.03212993964552879,2026-05-18T09:14:53.547020
1,67,0.029062366113066673,2026-05-18T09:14:53.616873
1,68,0.031225033104419708,2026-05-18T09:14:53.687455
1,69,0.03896785527467728,2026-05-18T09:14:53.760978
1,70,0.028130972757935524,2026-05-18T09:14:54.421274
1,71,0.02934277057647705,2026-05-18T09:14:54.490162
1,72,0.027437860146164894,2026-05-18T09:14:54.561357
1,73,0.027966614812612534,2026-05-18T09:14:54.632440
1,74,0.028215115889906883,2026-05-18T09:14:55.164938
1,75,0.03770427778363228,2026-05-18T09:14:55.236946
1,76,0.030583973973989487,2026-05-18T09:14:55.307421
1,77,0.02814250998198986,2026-05-18T09:14:55.454380
1,78,0.026486992835998535,2026-05-18T09:14:55.893239
1,79,0.03029220923781395,2026-05-18T09:14:55.961483
1,80,0.02963423542678356,2026-05-18T09:14:56.032402
1,81,0.03132939338684082,2026-05-18T09:14:56.273293
1,82,0.029135551303625107,2026-05-18T09:14:56.690146
1,83,0.030155228450894356,2026-05-18T09:14:56.765446
1,84,0.029317237436771393,2026-05-18T09:14:56.841613
1,85,0.02500309608876705,2026-05-18T09:14:57.060731
1,86,0.02918880432844162,2026-05-18T09:14:57.453106
1,87,0.028469759970903397,2026-05-18T09:14:57.520771
1,88,0.028567107394337654,2026-05-18T09:14:57.590447
1,89,0.03810518980026245,2026-05-18T09:14:57.740540
1,90,0.027825316414237022,2026-05-18T09:14:58.067749
1,91,0.0271320641040802,2026-05-18T09:14:58.136651
1,92,0.028633225709199905,2026-05-18T09:14:58.224488
1,93,0.027358394116163254,2026-05-18T09:14:58.446911
1,94,0.03008645586669445,2026-05-18T09:14:58.876102
1,95,0.033866383135318756,2026-05-18T09:14:58.944950
1,96,0.02782920002937317,2026-05-18T09:14:59.020181
1,97,0.03247936815023422,2026-05-18T09:14:59.172959
1,98,0.03077179752290249,2026-05-18T09:14:59.587705
1,99,0.03223009780049324,2026-05-18T09:14:59.656458
1,100,0.02624567598104477,2026-05-18T09:14:59.730307
1,101,0.030355293303728104,2026-05-18T09:14:59.905777
1,102,0.028867319226264954,2026-05-18T09:15:00.258464
1,103,0.02874159999191761,2026-05-18T09:15:00.327939
1,104,0.0327923521399498,2026-05-18T09:15:00.397197
1,105,0.029660409316420555,2026-05-18T09:15:00.714328
1,106,0.03215579688549042,2026-05-18T09:15:01.094716
1,107,0.02966137044131756,2026-05-18T09:15:01.167337
1,108,0.027739640325307846,2026-05-18T09:15:01.242503
1,109,0.028354637324810028,2026-05-18T09:15:01.392452
1,110,0.031299713999032974,2026-05-18T09:15:01.720266
1,111,0.029880044981837273,2026-05-18T09:15:01.791583
1,112,0.03483819589018822,2026-05-18T09:15:01.865808
1,113,0.02986774407327175,2026-05-18T09:15:02.066871
1,114,0.03316926583647728,2026-05-18T09:15:02.453701
1,115,0.031150948256254196,2026-05-18T09:15:02.525592
1,116,0.03605761006474495,2026-05-18T09:15:02.597783
1,117,0.02887178398668766,2026-05-18T09:15:02.730388
1,118,0.030439818277955055,2026-05-18T09:15:03.191722
1,119,0.030912499874830246,2026-05-18T09:15:03.264921
1,120,0.02844945900142193,2026-05-18T09:15:03.337662
1,121,0.034711383283138275,2026-05-18T09:15:03.443289
1,122,0.02900032512843609,2026-05-18T09:15:04.040209
1,123,0.03012305125594139,2026-05-18T09:15:04.110958
1,124,0.031030969694256783,2026-05-18T09:15:04.183448
1,125,0.028137672692537308,2026-05-18T09:15:04.256078
1,126,0.030869968235492706,2026-05-18T09:15:04.735841
1,127,0.0303012877702713,2026-05-18T09:15:04.807484
1,128,0.028277698904275894,2026-05-18T09:15:04.879671
1,129,0.030336488038301468,2026-05-18T09:15:04.952747
1,130,0.0377083495259285,2026-05-18T09:15:05.526055
1,131,0.03292151167988777,2026-05-18T09:15:05.599934
1,132,0.034483056515455246,2026-05-18T09:15:05.671674
1,133,0.026355622336268425,2026-05-18T09:15:05.744051
1,134,0.029186323285102844,2026-05-18T09:15:06.241386
1,135,0.030990825966000557,2026-05-18T09:15:06.315323
1,136,0.03071204014122486,2026-05-18T09:15:06.386642
1,137,0.028201434761285782,2026-05-18T09:15:06.459212
1,138,0.029250288382172585,2026-05-18T09:15:06.962595
1,139,0.028067387640476227,2026-05-18T09:15:07.033159
1,140,0.03379669412970543,2026-05-18T09:15:07.104243
1,141,0.031304311007261276,2026-05-18T09:15:07.177622
1,142,0.027102557942271233,2026-05-18T09:15:07.763008
1,143,0.029331618919968605,2026-05-18T09:15:07.835975
1,144,0.029340552166104317,2026-05-18T09:15:07.906853
1,145,0.029536249116063118,2026-05-18T09:15:07.978624
1,146,0.02818366512656212,2026-05-18T09:15:08.419153
1,147,0.02649574726819992,2026-05-18T09:15:08.488730
1,148,0.02775336615741253,2026-05-18T09:15:08.559956
1,149,0.02635527402162552,2026-05-18T09:15:08.715584
1,150,0.026740770787000656,2026-05-18T09:15:09.162114
1,151,0.031618282198905945,2026-05-18T09:15:09.232718
1,152,0.030071699991822243,2026-05-18T09:15:09.304730
1,153,0.029523063451051712,2026-05-18T09:15:09.454955
1,154,0.031315311789512634,2026-05-18T09:15:09.855912
1,155,0.02715330943465233,2026-05-18T09:15:09.926101
1,156,0.026347961276769638,2026-05-18T09:15:09.998423
1,157,0.03025258705019951,2026-05-18T09:15:10.070365
1,158,0.03026553988456726,2026-05-18T09:15:10.437893
1,159,0.027385247871279716,2026-05-18T09:15:10.507925
1,160,0.029740924015641212,2026-05-18T09:15:10.579611
1,161,0.03138577565550804,2026-05-18T09:15:10.708576
1,162,0.02847524918615818,2026-05-18T09:15:11.048646
1,163,0.035338692367076874,2026-05-18T09:15:11.118917
1,164,0.028990522027015686,2026-05-18T09:15:11.382141
1,165,0.03499840945005417,2026-05-18T09:15:11.452386
1,166,0.028681939467787743,2026-05-18T09:15:11.622912
1,167,0.032926980406045914,2026-05-18T09:15:11.692500
1,168,0.029993172734975815,2026-05-18T09:15:12.125772
1,169,0.03060794435441494,2026-05-18T09:15:12.194475
1,170,0.029566235840320587,2026-05-18T09:15:12.265911
1,171,0.029308203607797623,2026-05-18T09:15:12.336588
1,172,0.030151108279824257,2026-05-18T09:15:12.747255
1,173,0.030857952311635017,2026-05-18T09:15:12.815862
1,174,0.0253851767629385,2026-05-18T09:15:12.906024
1,175,0.03953367844223976,2026-05-18T09:15:12.978604
1,176,0.02931375801563263,2026-05-18T09:15:13.472903
1,177,0.029559846967458725,2026-05-18T09:15:13.544107
1,178,0.03858974203467369,2026-05-18T09:15:13.620888
1,179,0.0297837071120739,2026-05-18T09:15:13.693669
1,180,0.02848515287041664,2026-05-18T09:15:14.090326
1,181,0.03130532428622246,2026-05-18T09:15:14.163284
1,182,0.02640688419342041,2026-05-18T09:15:14.364777
1,183,0.028957387432456017,2026-05-18T09:15:14.435368
1,184,0.03206758201122284,2026-05-18T09:15:14.700983
1,185,0.02803165651857853,2026-05-18T09:15:14.770147
1,186,0.029822250828146935,2026-05-18T09:15:15.114295
1,187,0.029547693207859993,2026-05-18T09:15:15.185304
1,188,0.026648441329598427,2026-05-18T09:15:15.432940
1,189,0.026650235056877136,2026-05-18T09:15:15.502474
1,190,0.027169497683644295,2026-05-18T09:15:15.893620
1,191,0.027905650436878204,2026-05-18T09:15:15.963317
1,192,0.027405286207795143,2026-05-18T09:15:16.204724
1,193,0.02722504734992981,2026-05-18T09:15:16.274519
1,194,0.029712580144405365,2026-05-18T09:15:16.524828
1,195,0.03166038170456886,2026-05-18T09:15:16.595744
1,196,0.030771370977163315,2026-05-18T09:15:16.834836
1,197,0.030143393203616142,2026-05-18T09:15:16.905845
1,198,0.028849970549345016,2026-05-18T09:15:17.182238
1,199,0.029306013137102127,2026-05-18T09:15:17.252361
1,200,0.027836846187710762,2026-05-18T09:15:17.417482
1,201,0.025531034916639328,2026-05-18T09:15:17.487250
1,202,0.03155644237995148,2026-05-18T09:15:17.970943
1,203,0.030223868787288666,2026-05-18T09:15:18.040939
1,204,0.03187825530767441,2026-05-18T09:15:18.112680
1,205,0.026184026151895523,2026-05-18T09:15:18.183863
1,206,0.03145455941557884,2026-05-18T09:15:18.546334
1,207,0.030124487355351448,2026-05-18T09:15:18.616008
1,208,0.026844283565878868,2026-05-18T09:15:18.738428
1,209,0.0289519801735878,2026-05-18T09:15:18.808819
1,210,0.03351014107465744,2026-05-18T09:15:19.279095
1,211,0.03164329379796982,2026-05-18T09:15:19.349440
1,212,0.03534254804253578,2026-05-18T09:15:19.435835
1,213,0.03049885481595993,2026-05-18T09:15:19.529585
1,214,0.028397496789693832,2026-05-18T09:15:20.032990
1,215,0.028095223009586334,2026-05-18T09:15:20.102472
1,216,0.02697117067873478,2026-05-18T09:15:20.172555
1,217,0.03073659911751747,2026-05-18T09:15:20.251339
1,218,0.03217974305152893,2026-05-18T09:15:20.685284
1,219,0.030662473291158676,2026-05-18T09:15:20.755796
1,220,0.026985911652445793,2026-05-18T09:15:20.827799
1,221,0.02874770388007164,2026-05-18T09:15:20.948830
1,222,0.031243758276104927,2026-05-18T09:15:21.344611
1,223,0.03071102872490883,2026-05-18T09:15:21.413634
1,224,0.03096667490899563,2026-05-18T09:15:21.485188
1,225,0.027691401541233063,2026-05-18T09:15:21.610979
1,226,0.02903418429195881,2026-05-18T09:15:22.034629
1,227,0.027006683871150017,2026-05-18T09:15:22.104385
1,228,0.029860910028219223,2026-05-18T09:15:22.173368
1,229,0.031408242881298065,2026-05-18T09:15:22.243750
1,230,0.02737346664071083,2026-05-18T09:15:22.742007
1,231,0.03671795502305031,2026-05-18T09:15:22.812330
1,232,0.02984742820262909,2026-05-18T09:15:22.883391
1,233,0.02851320430636406,2026-05-18T09:15:22.977584
1,234,0.0353885218501091,2026-05-18T09:15:23.494488
1,235,0.02803746424615383,2026-05-18T09:15:23.563831
1,236,0.029426954686641693,2026-05-18T09:15:23.634167
1,237,0.03250986337661743,2026-05-18T09:15:23.795472
1,238,0.02906274050474167,2026-05-18T09:15:24.252414
1,239,0.029967427253723145,2026-05-18T09:15:24.321721
1,240,0.029254071414470673,2026-05-18T09:15:24.392965
1,241,0.027179870754480362,2026-05-18T09:15:24.529471
1,242,0.030871925875544548,2026-05-18T09:15:24.938671
1,243,0.02830260433256626,2026-05-18T09:15:25.007409
1,244,0.03132467344403267,2026-05-18T09:15:25.078382
1,245,0.02990073338150978,2026-05-18T09:15:25.342706
1,246,0.026880446821451187,2026-05-18T09:15:25.715276
1,247,0.029169032350182533,2026-05-18T09:15:25.785572
1,248,0.026261644437909126,2026-05-18T09:15:25.855980
1,249,0.031242694705724716,2026-05-18T09:15:26.013524
1,250,0.02658228389918804,2026-05-18T09:15:26.541486
1,251,0.027774112299084663,2026-05-18T09:15:26.610883
1,252,0.03200271725654602,2026-05-18T09:15:26.681199
1,253,0.02683204784989357,2026-05-18T09:15:26.753763
1,254,0.03019874542951584,2026-05-18T09:15:27.413235
1,255,0.027870170772075653,2026-05-18T09:15:27.483953
1,256,0.02815263904631138,2026-05-18T09:15:27.555041
1,257,0.03552291914820671,2026-05-18T09:15:27.625212
1,258,0.027922682464122772,2026-05-18T09:15:28.119273
1,259,0.028696240857243538,2026-05-18T09:15:28.188754
1,260,0.031132161617279053,2026-05-18T09:15:28.259306
1,261,0.027081243693828583,2026-05-18T09:15:28.331449
1,262,0.02862498350441456,2026-05-18T09:15:28.691061
1,263,0.02975168079137802,2026-05-18T09:15:28.765091
1,264,0.025222456082701683,2026-05-18T09:15:28.838051
1,265,0.028491104021668434,2026-05-18T09:15:29.047571
1,266,0.02689235657453537,2026-05-18T09:15:29.450202
1,267,0.028082579374313354,2026-05-18T09:15:29.518653
1,268,0.026935648173093796,2026-05-18T09:15:29.589707
1,269,0.028161771595478058,2026-05-18T09:15:29.660674
1,270,0.025276504456996918,2026-05-18T09:15:30.010829
1,271,0.02870854176580906,2026-05-18T09:15:30.080522
1,272,0.027362043038010597,2026-05-18T09:15:30.153780
1,273,0.02555636130273342,2026-05-18T09:15:30.343307
1,274,0.03298943489789963,2026-05-18T09:15:30.745121
1,275,0.026570549234747887,2026-05-18T09:15:30.814591
1,276,0.031087752431631088,2026-05-18T09:15:30.960808
1,277,0.034047506749629974,2026-05-18T09:15:31.113059
1,278,0.03243175521492958,2026-05-18T09:15:31.544484
1,279,0.02800631895661354,2026-05-18T09:15:31.612951
1,280,0.030114196240901947,2026-05-18T09:15:31.827467
1,281,0.028722010552883148,2026-05-18T09:15:32.059963
1,282,0.027454907074570656,2026-05-18T09:15:32.194811
1,283,0.025225725024938583,2026-05-18T09:15:32.263668
1,284,0.029943183064460754,2026-05-18T09:15:32.593193
1,285,0.030020488426089287,2026-05-18T09:15:32.832907
1,286,0.03031698241829872,2026-05-18T09:15:32.955889
1,287,0.030133452266454697,2026-05-18T09:15:33.025007
1,288,0.02649015188217163,2026-05-18T09:15:33.273586
1,289,0.030989134684205055,2026-05-18T09:15:33.534349
1,290,0.03404713049530983,2026-05-18T09:15:33.754943
1,291,0.02678363025188446,2026-05-18T09:15:33.824671
1,292,0.032131489366292953,2026-05-18T09:15:34.086183
1,293,0.029276501387357712,2026-05-18T09:15:34.337132
1,294,0.03105364739894867,2026-05-18T09:15:34.409199
1,295,0.02795042097568512,2026-05-18T09:15:34.483195
1,296,0.02784908004105091,2026-05-18T09:15:34.834010
1,297,0.02858925238251686,2026-05-18T09:15:35.134783
1,298,0.025973744690418243,2026-05-18T09:15:35.206173
1,299,0.02947053499519825,2026-05-18T09:15:35.279026
1,300,0.030261090025305748,2026-05-18T09:15:35.557546
1,301,0.026778938248753548,2026-05-18T09:15:35.935019
1,302,0.02903076447546482,2026-05-18T09:15:36.007880
1,303,0.03013772703707218,2026-05-18T09:15:36.080989
1,304,0.026626642793416977,2026-05-18T09:15:36.470371
1,305,0.028206590563058853,2026-05-18T09:15:36.739851
1,306,0.027318710461258888,2026-05-18T09:15:36.811144
1,307,0.029289353638887405,2026-05-18T09:15:36.883759
1,308,0.02975153923034668,2026-05-18T09:15:37.550399
1,309,0.03194500133395195,2026-05-18T09:15:37.621900
1,310,0.027698593214154243,2026-05-18T09:15:37.695688
1,311,0.027220837771892548,2026-05-18T09:15:37.771220
1,312,0.029307398945093155,2026-05-18T09:15:38.224900
1,313,0.029189545661211014,2026-05-18T09:15:38.299868
1,314,0.02849426493048668,2026-05-18T09:15:38.369833
1,315,0.03331449255347252,2026-05-18T09:15:38.442165
1,316,0.028221705928444862,2026-05-18T09:15:38.956677
1,317,0.024991672486066818,2026-05-18T09:15:39.027455
1,318,0.027253348380327225,2026-05-18T09:15:39.099180
1,319,0.029674896970391273,2026-05-18T09:15:39.173461
1,320,0.02924109436571598,2026-05-18T09:15:39.784405
1,321,0.027468165382742882,2026-05-18T09:15:39.857971
1,322,0.028015000745654106,2026-05-18T09:15:39.929932
1,323,0.026511680334806442,2026-05-18T09:15:40.003532
1,324,0.02612195536494255,2026-05-18T09:15:40.429010
1,325,0.027670230716466904,2026-05-18T09:15:40.501063
1,326,0.030835723504424095,2026-05-18T09:15:40.572438
1,327,0.03332613781094551,2026-05-18T09:15:40.645841
1,328,0.025886304676532745,2026-05-18T09:15:41.254577
1,329,0.028395051136612892,2026-05-18T09:15:41.324853
1,330,0.02787077985703945,2026-05-18T09:15:41.395509
1,331,0.032273806631565094,2026-05-18T09:15:41.467072
1,332,0.02861931547522545,2026-05-18T09:15:41.990904
1,333,0.028088338673114777,2026-05-18T09:15:42.061614
1,334,0.03217364475131035,2026-05-18T09:15:42.133848
1,335,0.03334289789199829,2026-05-18T09:15:42.204281
1,336,0.03141540661454201,2026-05-18T09:15:42.890442
1,337,0.02794603630900383,2026-05-18T09:15:42.961042
1,338,0.02824735827744007,2026-05-18T09:15:43.033107
1,339,0.029744112864136696,2026-05-18T09:15:43.104281
1,340,0.027661874890327454,2026-05-18T09:15:43.654787
1,341,0.028509685769677162,2026-05-18T09:15:43.724438
1,342,0.02856355346739292,2026-05-18T09:15:43.796670
1,343,0.02997213788330555,2026-05-18T09:15:43.868303
1,344,0.031169526278972626,2026-05-18T09:15:44.398582
1,345,0.028670594096183777,2026-05-18T09:15:44.468237
1,346,0.026249447837471962,2026-05-18T09:15:44.539584
1,347,0.025684617459774017,2026-05-18T09:15:44.610551
1,348,0.031011808663606644,2026-05-18T09:15:45.189461
1,349,0.02780078537762165,2026-05-18T09:15:45.259707
1,350,0.031646788120269775,2026-05-18T09:15:45.334167
1,351,0.031173773109912872,2026-05-18T09:15:45.406451
1,352,0.03197493031620979,2026-05-18T09:15:45.860101
1,353,0.026114359498023987,2026-05-18T09:15:45.929278
1,354,0.03011058270931244,2026-05-18T09:15:46.001590
1,355,0.02745790407061577,2026-05-18T09:15:46.073090
1,356,0.03230930492281914,2026-05-18T09:15:46.642918
1,357,0.027875501662492752,2026-05-18T09:15:46.713462
1,358,0.028813105076551437,2026-05-18T09:15:46.785291
1,359,0.028145672753453255,2026-05-18T09:15:46.856936
1,360,0.02910546027123928,2026-05-18T09:15:47.371930
1,361,0.03160136193037033,2026-05-18T09:15:47.440687
1,362,0.027424773201346397,2026-05-18T09:15:47.511399
1,363,0.030191773548722267,2026-05-18T09:15:47.582861
1,364,0.026648234575986862,2026-05-18T09:15:48.225726
1,365,0.027412230148911476,2026-05-18T09:15:48.295305
1,366,0.029726644977927208,2026-05-18T09:15:48.366097
1,367,0.02599118836224079,2026-05-18T09:15:48.437092
1,368,0.031330522149801254,2026-05-18T09:15:48.970359
1,369,0.025862883776426315,2026-05-18T09:15:49.044017
1,370,0.030514800921082497,2026-05-18T09:15:49.114811
1,371,0.028419537469744682,2026-05-18T09:15:49.186298
1,372,0.03286677226424217,2026-05-18T09:15:49.675387
1,373,0.02643524669110775,2026-05-18T09:15:49.745694
1,374,0.027306009083986282,2026-05-18T09:15:49.816958
1,375,0.031005525961518288,2026-05-18T09:15:49.889073
1,376,0.02816166914999485,2026-05-18T09:15:50.359516
1,377,0.03066246025264263,2026-05-18T09:15:50.512919
1,378,0.028901388868689537,2026-05-18T09:15:50.582515
1,379,0.027732182294130325,2026-05-18T09:15:50.653242
1,380,0.029529035091400146,2026-05-18T09:15:51.244571
1,381,0.03020155057311058,2026-05-18T09:15:51.314543
1,382,0.035967156291007996,2026-05-18T09:15:51.385290
1,383,0.027711665257811546,2026-05-18T09:15:51.456656
1,384,0.027961328625679016,2026-05-18T09:15:52.039822
1,385,0.02793722227215767,2026-05-18T09:15:52.112171
1,386,0.027485346421599388,2026-05-18T09:15:52.182310
1,387,0.0270772073417902,2026-05-18T09:15:52.253624
1,388,0.02717430330812931,2026-05-18T09:15:52.742651
1,389,0.031912751495838165,2026-05-18T09:15:52.812778
1,390,0.027899520471692085,2026-05-18T09:15:52.883844
1,391,0.02747500129044056,2026-05-18T09:15:52.955594
1,392,0.03138033300638199,2026-05-18T09:15:53.554152
1,393,0.03338366374373436,2026-05-18T09:15:53.624348
1,394,0.026830030605196953,2026-05-18T09:15:53.696394
1,395,0.027866890653967857,2026-05-18T09:15:53.768549
1,396,0.026913370937108994,2026-05-18T09:15:54.266939
1,397,0.029577014967799187,2026-05-18T09:15:54.336414
1,398,0.028807666152715683,2026-05-18T09:15:54.409674
1,399,0.030377279967069626,2026-05-18T09:15:54.484211
1,400,0.029367882758378983,2026-05-18T09:15:54.926178
1,401,0.027298105880618095,2026-05-18T09:15:55.138090
1,402,0.02847009338438511,2026-05-18T09:15:55.208254
1,403,0.025033099576830864,2026-05-18T09:15:55.278247
1,404,0.026789000257849693,2026-05-18T09:15:55.541684
1,405,0.028381366282701492,2026-05-18T09:15:55.999353
1,406,0.029399817809462547,2026-05-18T09:15:56.071785
1,407,0.028172196820378304,2026-05-18T09:15:56.142280
1,408,0.02680092304944992,2026-05-18T09:15:56.236575
1,409,0.02989414893090725,2026-05-18T09:15:56.703685
1,410,0.026947034522891045,2026-05-18T09:15:56.773257
1,411,0.027750395238399506,2026-05-18T09:15:56.843887
1,412,0.029334262013435364,2026-05-18T09:15:56.978258
1,413,0.02697465755045414,2026-05-18T09:15:57.525318
1,414,0.028828267008066177,2026-05-18T09:15:57.595250
1,415,0.031133098527789116,2026-05-18T09:15:57.666751
1,416,0.029611190780997276,2026-05-18T09:15:57.739479
1,417,0.04403959959745407,2026-05-18T09:15:58.155084
1,418,0.026288466528058052,2026-05-18T09:15:58.224769
1,419,0.026763638481497765,2026-05-18T09:15:58.295162
1,420,0.029396995902061462,2026-05-18T09:15:58.365657
1,421,0.026821814477443695,2026-05-18T09:15:58.810332
1,422,0.027984336018562317,2026-05-18T09:15:58.879166
1,423,0.02681015431880951,2026-05-18T09:15:58.949940
1,424,0.029236428439617157,2026-05-18T09:15:59.027954
1,425,0.024652129039168358,2026-05-18T09:15:59.685718
1,426,0.030162734910845757,2026-05-18T09:15:59.755399
1,427,0.02552272193133831,2026-05-18T09:15:59.825893
1,428,0.029833784326910973,2026-05-18T09:15:59.899292
1,429,0.027165284380316734,2026-05-18T09:16:00.478262
1,430,0.026791760697960854,2026-05-18T09:16:00.547693
1,431,0.03239886462688446,2026-05-18T09:16:00.618430
1,432,0.027175024151802063,2026-05-18T09:16:00.689404
1,433,0.024284401908516884,2026-05-18T09:16:01.300794
1,434,0.027021823450922966,2026-05-18T09:16:01.370323
1,435,0.02847444638609886,2026-05-18T09:16:01.440356
1,436,0.03180272504687309,2026-05-18T09:16:01.510316
1,437,0.0336855985224247,2026-05-18T09:16:01.996210
1,438,0.025447051972150803,2026-05-18T09:16:02.067352
1,439,0.02583041600883007,2026-05-18T09:16:02.137081
1,440,0.027632253244519234,2026-05-18T09:16:02.207889
1,441,0.03035658411681652,2026-05-18T09:16:02.676026
1,442,0.02756454050540924,2026-05-18T09:16:02.744531
1,443,0.028037268668413162,2026-05-18T09:16:02.815341
1,444,0.026615655049681664,2026-05-18T09:16:02.887386
1,445,0.025947824120521545,2026-05-18T09:16:03.354446
1,446,0.028469214215874672,2026-05-18T09:16:03.425062
1,447,0.02867409773170948,2026-05-18T09:16:03.497065
1,448,0.02935716323554516,2026-05-18T09:16:03.568059
1,449,0.03300117701292038,2026-05-18T09:16:04.157906
1,450,0.027070188894867897,2026-05-18T09:16:04.230707
1,451,0.03003685735166073,2026-05-18T09:16:04.304214
1,452,0.030105046927928925,2026-05-18T09:16:04.374715
1,453,0.027516156435012817,2026-05-18T09:16:04.768013
1,454,0.025623543187975883,2026-05-18T09:16:04.837506
1,455,0.02617424912750721,2026-05-18T09:16:04.908473
1,456,0.027988048270344734,2026-05-18T09:16:04.980883
1,457,0.03363243117928505,2026-05-18T09:16:05.650862
1,458,0.026815956458449364,2026-05-18T09:16:05.720584
1,459,0.029486756771802902,2026-05-18T09:16:05.794377
1,460,0.03329680860042572,2026-05-18T09:16:05.866513
1,461,0.030667435377836227,2026-05-18T09:16:06.555073
1,462,0.025570539757609367,2026-05-18T09:16:06.623611
1,463,0.02786277048289776,2026-05-18T09:16:06.696234
1,464,0.02666458487510681,2026-05-18T09:16:06.766814
1,465,0.03511892631649971,2026-05-18T09:16:07.181785
1,466,0.02783760242164135,2026-05-18T09:16:07.249342
1,467,0.027498628944158554,2026-05-18T09:16:07.320515
1,468,0.029912061989307404,2026-05-18T09:16:07.394277
1,469,0.02569892816245556,2026-05-18T09:16:07.798783
1,470,0.030638303607702255,2026-05-18T09:16:07.870371
1,471,0.032414745539426804,2026-05-18T09:16:07.940648
1,472,0.029851987957954407,2026-05-18T09:16:08.070583
1,473,0.02757897414267063,2026-05-18T09:16:08.533963
1,474,0.02651953138411045,2026-05-18T09:16:08.602514
1,475,0.027130862697958946,2026-05-18T09:16:08.673326
1,476,0.032335180789232254,2026-05-18T09:16:08.933846
1,477,0.03145438805222511,2026-05-18T09:16:09.232031
1,478,0.031713128089904785,2026-05-18T09:16:09.303570
1,479,0.027860980480909348,2026-05-18T09:16:09.374517
1,480,0.03317537158727646,2026-05-18T09:16:09.731483
1,481,0.02916603535413742,2026-05-18T09:16:10.119299
1,482,0.02805548906326294,2026-05-18T09:16:10.189442
1,483,0.027898510918021202,2026-05-18T09:16:10.262510
1,484,0.02646867372095585,2026-05-18T09:16:10.488158
1,485,0.02970222942531109,2026-05-18T09:16:10.911858
1,486,0.028445616364479065,2026-05-18T09:16:10.986787
1,487,0.02927570417523384,2026-05-18T09:16:11.059188
1,488,0.026420921087265015,2026-05-18T09:16:11.368550
1,489,0.02800770290195942,2026-05-18T09:16:11.610961
1,490,0.027147779241204262,2026-05-18T09:16:11.681657
1,491,0.02577817440032959,2026-05-18T09:16:11.754404
1,492,0.026563024148344994,2026-05-18T09:16:12.177412
1,493,0.03225238248705864,2026-05-18T09:16:12.444884
1,494,0.026239322498440742,2026-05-18T09:16:12.517939
1,495,0.02716163545846939,2026-05-18T09:16:12.592951
1,496,0.027432994917035103,2026-05-18T09:16:13.027642
1,497,0.029746651649475098,2026-05-18T09:16:13.313160
1,498,0.029520966112613678,2026-05-18T09:16:13.384463
1,499,0.028133250772953033,2026-05-18T09:16:13.455091
1,500,0.02538999542593956,2026-05-18T09:16:13.983641
1,501,0.029725825414061546,2026-05-18T09:16:14.172140
1,502,0.027985529974102974,2026-05-18T09:16:14.241087
1,503,0.02680043876171112,2026-05-18T09:16:14.312374
1,504,0.025566603988409042,2026-05-18T09:16:14.816632
1,505,0.030568694695830345,2026-05-18T09:16:15.010656
1,506,0.025585675612092018,2026-05-18T09:16:15.079812
1,507,0.036085423082113266,2026-05-18T09:16:15.153656
1,508,0.030015895143151283,2026-05-18T09:16:15.544531
1,509,0.027797549962997437,2026-05-18T09:16:15.907715
1,510,0.02941827103495598,2026-05-18T09:16:15.977276
1,511,0.02764546126127243,2026-05-18T09:16:16.050012
1,512,0.02715568244457245,2026-05-18T09:16:16.395209
1,513,0.02852889709174633,2026-05-18T09:16:16.761593
1,514,0.02959596738219261,2026-05-18T09:16:16.832995
1,515,0.026727844029664993,2026-05-18T09:16:16.904093
1,516,0.028296243399381638,2026-05-18T09:16:17.214459
1,517,0.030180837959051132,2026-05-18T09:16:17.445116
1,518,0.025620844215154648,2026-05-18T09:16:17.516658
1,519,0.031627822667360306,2026-05-18T09:16:17.588692
1,520,0.024880046024918556,2026-05-18T09:16:17.955639
1,521,0.02937023527920246,2026-05-18T09:16:18.116641
1,522,0.029609335586428642,2026-05-18T09:16:18.188172
1,523,0.02751884236931801,2026-05-18T09:16:18.260024
1,524,0.027091853320598602,2026-05-18T09:16:18.701634
1,525,0.029577137902379036,2026-05-18T09:16:18.801451
1,526,0.03198478743433952,2026-05-18T09:16:18.870542
1,527,0.026254987344145775,2026-05-18T09:16:18.940925
1,528,0.027489205822348595,2026-05-18T09:16:19.480493
1,529,0.029038481414318085,2026-05-18T09:16:19.582521
1,530,0.02857247181236744,2026-05-18T09:16:19.651656
1,531,0.02691289782524109,2026-05-18T09:16:19.723144
1,532,0.031090237200260162,2026-05-18T09:16:20.199557
1,533,0.03600239381194115,2026-05-18T09:16:20.391885
1,534,0.02792425826191902,2026-05-18T09:16:20.466090
1,535,0.0289149172604084,2026-05-18T09:16:20.538734
1,536,0.026507606729865074,2026-05-18T09:16:21.045001
1,537,0.026562239974737167,2026-05-18T09:16:21.116821
1,538,0.02860039472579956,2026-05-18T09:16:21.188802
1,539,0.028044553473591805,2026-05-18T09:16:21.258996
1,540,0.029577545821666718,2026-05-18T09:16:21.806884
1,541,0.028159815818071365,2026-05-18T09:16:21.877019
1,542,0.029435517266392708,2026-05-18T09:16:21.948493
1,543,0.027642710134387016,2026-05-18T09:16:22.019232
1,544,0.025335663929581642,2026-05-18T09:16:22.696253
1,545,0.030519453808665276,2026-05-18T09:16:22.768092
1,546,0.02770180255174637,2026-05-18T09:16:22.839429
1,547,0.03746742755174637,2026-05-18T09:16:22.909379
1,548,0.027452785521745682,2026-05-18T09:16:23.504535
1,549,0.03191600739955902,2026-05-18T09:16:23.573837
1,550,0.02868504822254181,2026-05-18T09:16:23.650715
1,551,0.03005179949104786,2026-05-18T09:16:23.763159
1,552,0.03294562175869942,2026-05-18T09:16:24.277608
1,553,0.03024085983633995,2026-05-18T09:16:24.348321
1,554,0.029265601187944412,2026-05-18T09:16:24.418827
1,555,0.03118588775396347,2026-05-18T09:16:24.490320
1,556,0.03080737218260765,2026-05-18T09:16:25.035279
1,557,0.027128078043460846,2026-05-18T09:16:25.107249
1,558,0.02611699514091015,2026-05-18T09:16:25.180891
1,559,0.025163855403661728,2026-05-18T09:16:25.259346
1,560,0.026659920811653137,2026-05-18T09:16:26.001016
1,561,0.030291946604847908,2026-05-18T09:16:26.070412
1,562,0.029873935505747795,2026-05-18T09:16:26.141030
1,563,0.02977195754647255,2026-05-18T09:16:26.213317
1,564,0.03092382289469242,2026-05-18T09:16:26.774426
1,565,0.025260090827941895,2026-05-18T09:16:26.843461
1,566,0.02782564051449299,2026-05-18T09:16:26.914403
1,567,0.029087642207741737,2026-05-18T09:16:26.985283
1,568,0.02663279138505459,2026-05-18T09:16:27.494073
1,569,0.03079570084810257,2026-05-18T09:16:27.564291
1,570,0.030205022543668747,2026-05-18T09:16:27.635969
1,571,0.0257109347730875,2026-05-18T09:16:27.708562
1,572,0.03179403021931648,2026-05-18T09:16:28.306810
1,573,0.02913881093263626,2026-05-18T09:16:28.379968
1,574,0.025656921789050102,2026-05-18T09:16:28.454713
1,575,0.029002360999584198,2026-05-18T09:16:28.526229
1,576,0.02704789489507675,2026-05-18T09:16:29.206914
1,577,0.027747852727770805,2026-05-18T09:16:29.276404
1,578,0.028703993186354637,2026-05-18T09:16:29.349111
1,579,0.026124613359570503,2026-05-18T09:16:29.421237
1,580,0.03050507791340351,2026-05-18T09:16:29.965843
1,581,0.027802089229226112,2026-05-18T09:16:30.036123
1,582,0.028865298256278038,2026-05-18T09:16:30.110432
1,583,0.027179621160030365,2026-05-18T09:16:30.182215
1,584,0.03004489280283451,2026-05-18T09:16:30.885969
1,585,0.02739330567419529,2026-05-18T09:16:30.955380
1,586,0.026347601786255836,2026-05-18T09:16:31.028150
1,587,0.027990782633423805,2026-05-18T09:16:31.099462
1,588,0.02621440961956978,2026-05-18T09:16:31.707397
1,589,0.027603501453995705,2026-05-18T09:16:31.783017
1,590,0.029186148196458817,2026-05-18T09:16:31.858829
1,591,0.033285051584243774,2026-05-18T09:16:31.935244
1,592,0.02843387797474861,2026-05-18T09:16:32.586153
1,593,0.026180613785982132,2026-05-18T09:16:32.664312
1,594,0.034079790115356445,2026-05-18T09:16:32.741342
1,595,0.030822787433862686,2026-05-18T09:16:32.820691
1,596,0.028046132996678352,2026-05-18T09:16:33.503420
1,597,0.028643326833844185,2026-05-18T09:16:33.577776
1,598,0.029266472905874252,2026-05-18T09:16:33.654983
1,599,0.027553245425224304,2026-05-18T09:16:33.731881
1,600,0.029800839722156525,2026-05-18T09:16:34.318027
1,601,0.030535491183400154,2026-05-18T09:16:34.396792
1,602,0.02729446440935135,2026-05-18T09:16:34.472903
1,603,0.030324852094054222,2026-05-18T09:16:34.552733
1,604,0.026709482073783875,2026-05-18T09:16:35.122945
1,605,0.031222013756632805,2026-05-18T09:16:35.197545
1,606,0.02930396795272827,2026-05-18T09:16:35.274681
1,607,0.030632538720965385,2026-05-18T09:16:35.347272
1,608,0.03326043114066124,2026-05-18T09:16:35.874453
1,609,0.026118505746126175,2026-05-18T09:16:35.944883
1,610,0.02751258574426174,2026-05-18T09:16:36.015288
1,611,0.0259505957365036,2026-05-18T09:16:36.086458
1,612,0.029822399839758873,2026-05-18T09:16:36.449735
1,613,0.03348137438297272,2026-05-18T09:16:36.520131
1,614,0.029986830428242683,2026-05-18T09:16:36.593013
1,615,0.026950957253575325,2026-05-18T09:16:36.666005
1,616,0.02892770618200302,2026-05-18T09:16:37.278240
1,617,0.02968260459601879,2026-05-18T09:16:37.348363
1,618,0.026447078213095665,2026-05-18T09:16:37.420166
1,619,0.031190326437354088,2026-05-18T09:16:37.492328
1,620,0.029094550758600235,2026-05-18T09:16:38.082681
1,621,0.029139161109924316,2026-05-18T09:16:38.153822
1,622,0.02852480486035347,2026-05-18T09:16:38.225035
1,623,0.024750979617238045,2026-05-18T09:16:38.296260
1,624,0.025167327374219894,2026-05-18T09:16:38.898689
1,625,0.030001847073435783,2026-05-18T09:16:38.969008
1,626,0.02768322266638279,2026-05-18T09:16:39.042039
1,627,0.028989190235733986,2026-05-18T09:16:39.116640
1,628,0.025262227281928062,2026-05-18T09:16:39.618914
1,629,0.026906782761216164,2026-05-18T09:16:39.695563
1,630,0.02757604420185089,2026-05-18T09:16:39.775253
1,631,0.028470022603869438,2026-05-18T09:16:39.858788
1,632,0.02643647976219654,2026-05-18T09:16:40.538679
1,633,0.027521321550011635,2026-05-18T09:16:40.610539
1,634,0.026981668546795845,2026-05-18T09:16:40.688242
1,635,0.024800904095172882,2026-05-18T09:16:40.767184
1,636,0.027514982968568802,2026-05-18T09:16:41.345892
1,637,0.027535168454051018,2026-05-18T09:16:41.418469
1,638,0.02857963554561138,2026-05-18T09:16:41.491344
1,639,0.03331243619322777,2026-05-18T09:16:41.564448
1,640,0.028536247089505196,2026-05-18T09:16:42.142937
1,641,0.028485197573900223,2026-05-18T09:16:42.213145
1,642,0.028551306575536728,2026-05-18T09:16:42.285210
1,643,0.029388198629021645,2026-05-18T09:16:42.359149
1,644,0.028883719816803932,2026-05-18T09:16:42.817333
1,645,0.0296020470559597,2026-05-18T09:16:43.097515
1,646,0.03003259375691414,2026-05-18T09:16:43.169152
1,647,0.030859990045428276,2026-05-18T09:16:43.241745
1,648,0.02640558034181595,2026-05-18T09:16:43.458778
1,649,0.027293728664517403,2026-05-18T09:16:43.779335
1,650,0.026128409430384636,2026-05-18T09:16:43.853919
1,651,0.02780921943485737,2026-05-18T09:16:43.927967
1,652,0.02866191230714321,2026-05-18T09:16:44.215145
1,653,0.02506292052567005,2026-05-18T09:16:44.445367
1,654,0.027980003505945206,2026-05-18T09:16:44.517422
1,655,0.02640695311129093,2026-05-18T09:16:44.589922
1,656,0.029232585802674294,2026-05-18T09:16:45.034467
1,657,0.03172864764928818,2026-05-18T09:16:45.254108
1,658,0.026785725727677345,2026-05-18T09:16:45.323545
1,659,0.027669887989759445,2026-05-18T09:16:45.396985
1,660,0.033704616129398346,2026-05-18T09:16:45.650583
1,661,0.028223557397723198,2026-05-18T09:16:45.974681
1,662,0.030175864696502686,2026-05-18T09:16:46.124916
1,663,0.028251932933926582,2026-05-18T09:16:46.194437
1,664,0.026405910030007362,2026-05-18T09:16:46.455306
1,665,0.02827119641005993,2026-05-18T09:16:46.667149
1,666,0.028835594654083252,2026-05-18T09:16:46.853148
1,667,0.02826561965048313,2026-05-18T09:16:46.924079
1,668,0.026327935978770256,2026-05-18T09:16:47.221712
1,669,0.026244673877954483,2026-05-18T09:16:47.321002
1,670,0.02707666903734207,2026-05-18T09:16:47.570618
1,671,0.033546578139066696,2026-05-18T09:16:47.640793
1,672,0.02687765657901764,2026-05-18T09:16:48.008266
1,673,0.026293819770216942,2026-05-18T09:16:48.141820
1,674,0.024107811972498894,2026-05-18T09:16:48.254280
1,675,0.03019840642809868,2026-05-18T09:16:48.324583
1,676,0.030136285349726677,2026-05-18T09:16:48.780196
1,677,0.02577793225646019,2026-05-18T09:16:48.884465
1,678,0.029504194855690002,2026-05-18T09:16:49.133001
1,679,0.028324050828814507,2026-05-18T09:16:49.205090
1,680,0.028997235000133514,2026-05-18T09:16:49.507783
1,681,0.02730949968099594,2026-05-18T09:16:49.649696
1,682,0.03460914269089699,2026-05-18T09:16:49.936881
1,683,0.026167191565036774,2026-05-18T09:16:50.006622
1,684,0.027993228286504745,2026-05-18T09:16:50.205307
1,685,0.031482066959142685,2026-05-18T09:16:50.454942
1,686,0.02671615593135357,2026-05-18T09:16:50.753098
1,687,0.026668809354305267,2026-05-18T09:16:50.824068
1,688,0.02551039308309555,2026-05-18T09:16:50.923130
1,689,0.02816680818796158,2026-05-18T09:16:51.093727
1,690,0.029788540676236153,2026-05-18T09:16:51.379736
1,691,0.028466258198022842,2026-05-18T09:16:51.448644
1,692,0.02591576613485813,2026-05-18T09:16:51.551265
1,693,0.02692433074116707,2026-05-18T09:16:51.822361
1,694,0.02809125930070877,2026-05-18T09:16:52.060982
1,695,0.027059180662035942,2026-05-18T09:16:52.130320
1,696,0.027219781652092934,2026-05-18T09:16:52.270927
1,697,0.02681024931371212,2026-05-18T09:16:52.528117
1,698,0.029439961537718773,2026-05-18T09:16:52.698722
1,699,0.025646915659308434,2026-05-18T09:16:52.768288
1,700,0.02859835885465145,2026-05-18T09:16:53.017641
1,701,0.028414350003004074,2026-05-18T09:16:53.354718
1,702,0.02714039571583271,2026-05-18T09:16:53.464451
1,703,0.026368016377091408,2026-05-18T09:16:53.534120
1,704,0.03197721391916275,2026-05-18T09:16:53.804312
1,705,0.027251897379755974,2026-05-18T09:16:54.009307
1,706,0.02962644025683403,2026-05-18T09:16:54.079340
1,707,0.02681603655219078,2026-05-18T09:16:54.150506
1,708,0.03855908289551735,2026-05-18T09:16:54.600945
1,709,0.03193429112434387,2026-05-18T09:16:54.790453
1,710,0.025318972766399384,2026-05-18T09:16:54.865817
1,711,0.027694035321474075,2026-05-18T09:16:54.935801
1,712,0.031762585043907166,2026-05-18T09:16:55.348663
1,713,0.028137492015957832,2026-05-18T09:16:55.516309
1,714,0.027776891365647316,2026-05-18T09:16:55.584968
1,715,0.025638867169618607,2026-05-18T09:16:55.657838
1,716,0.025426499545574188,2026-05-18T09:16:55.984928
1,717,0.027430368587374687,2026-05-18T09:16:56.113507
1,718,0.026055173948407173,2026-05-18T09:16:56.313726
1,719,0.03081381693482399,2026-05-18T09:16:56.383967
1,720,0.029061339795589447,2026-05-18T09:16:56.627961
1,721,0.03204041346907616,2026-05-18T09:16:56.774106
1,722,0.031536079943180084,2026-05-18T09:16:56.972827
1,723,0.028233211487531662,2026-05-18T09:16:57.041121
1,724,0.025724289938807487,2026-05-18T09:16:57.446606
1,725,0.026130657643079758,2026-05-18T09:16:57.514524
1,726,0.027251143008470535,2026-05-18T09:16:57.701252
1,727,0.027991769835352898,2026-05-18T09:16:57.768858
1,728,0.026050981134176254,2026-05-18T09:16:58.164430
1,729,0.026977475732564926,2026-05-18T09:16:58.234614
1,730,0.027055038139224052,2026-05-18T09:16:58.305066
1,731,0.030404075980186462,2026-05-18T09:16:58.375828
1,732,0.030422287061810493,2026-05-18T09:16:58.882702
1,733,0.028089160099625587,2026-05-18T09:16:58.950400
1,734,0.0286942757666111,2026-05-18T09:16:59.020451
1,735,0.02966146171092987,2026-05-18T09:16:59.092846
1,736,0.028109032660722733,2026-05-18T09:16:59.660697
1,737,0.027508487924933434,2026-05-18T09:16:59.732429
1,738,0.025970272719860077,2026-05-18T09:16:59.803709
1,739,0.027697067707777023,2026-05-18T09:16:59.874588
1,740,0.027280082926154137,2026-05-18T09:17:00.353849
1,741,0.03023262694478035,2026-05-18T09:17:00.423409
1,742,0.02891426533460617,2026-05-18T09:17:00.493606
1,743,0.02882978320121765,2026-05-18T09:17:00.563706
1,744,0.025951337069272995,2026-05-18T09:17:01.151936
1,745,0.028656169772148132,2026-05-18T09:17:01.221481
1,746,0.029985863715410233,2026-05-18T09:17:01.293852
1,747,0.028965463861823082,2026-05-18T09:17:01.364429
1,748,0.03471888601779938,2026-05-18T09:17:01.881776
1,749,0.02814023196697235,2026-05-18T09:17:01.953160
1,750,0.029164955019950867,2026-05-18T09:17:02.027643
1,751,0.03104902058839798,2026-05-18T09:17:02.098219
1,752,0.024846065789461136,2026-05-18T09:17:02.736105
1,753,0.027329783886671066,2026-05-18T09:17:02.806961
1,754,0.025467339903116226,2026-05-18T09:17:02.882670
1,755,0.028491413220763206,2026-05-18T09:17:02.954441
1,756,0.028750864788889885,2026-05-18T09:17:03.750476
1,757,0.02865980565547943,2026-05-18T09:17:03.820121
1,758,0.029472388327121735,2026-05-18T09:17:03.894705
1,759,0.027558425441384315,2026-05-18T09:17:03.966135
1,760,0.029500257223844528,2026-05-18T09:17:04.483834
1,761,0.026428114622831345,2026-05-18T09:17:04.552563
1,762,0.027987701818346977,2026-05-18T09:17:04.624847
1,763,0.02546721324324608,2026-05-18T09:17:04.694787
1,764,0.0262222308665514,2026-05-18T09:17:05.337065
1,765,0.027079347521066666,2026-05-18T09:17:05.406772
1,766,0.029975630342960358,2026-05-18T09:17:05.477125
1,767,0.02929798513650894,2026-05-18T09:17:05.548981
1,768,0.028062965720891953,2026-05-18T09:17:05.985756
1,769,0.028766831383109093,2026-05-18T09:17:06.056488
1,770,0.027483273297548294,2026-05-18T09:17:06.129010
1,771,0.027483711019158363,2026-05-18T09:17:06.199669
1,772,0.028075318783521652,2026-05-18T09:17:06.702605
1,773,0.027842383831739426,2026-05-18T09:17:06.772299
1,774,0.031421490013599396,2026-05-18T09:17:06.842774
1,775,0.026689285412430763,2026-05-18T09:17:06.915512
1,776,0.026365581899881363,2026-05-18T09:17:07.504219
1,777,0.026838088408112526,2026-05-18T09:17:07.573430
1,778,0.02928815595805645,2026-05-18T09:17:07.643819
1,779,0.028746847063302994,2026-05-18T09:17:07.713978
1,780,0.0311152171343565,2026-05-18T09:17:08.307240
1,781,0.030695989727973938,2026-05-18T09:17:08.376458
1,782,0.03198409825563431,2026-05-18T09:17:08.446410
1,783,0.02560032531619072,2026-05-18T09:17:08.516297
1,784,0.031026894226670265,2026-05-18T09:17:09.130333
1,785,0.030202407389879227,2026-05-18T09:17:09.200273
1,786,0.024844272062182426,2026-05-18T09:17:09.270690
1,787,0.025613903999328613,2026-05-18T09:17:09.344017
1,788,0.026730481535196304,2026-05-18T09:17:09.771362
1,789,0.02530651167035103,2026-05-18T09:17:09.839915
1,790,0.02827792800962925,2026-05-18T09:17:09.910796
1,791,0.0300858486443758,2026-05-18T09:17:09.981423
1,792,0.027758749201893806,2026-05-18T09:17:10.593223
1,793,0.027347546070814133,2026-05-18T09:17:10.662644
1,794,0.02639799937605858,2026-05-18T09:17:10.732152
1,795,0.027205469086766243,2026-05-18T09:17:10.802781
1,796,0.025723198428750038,2026-05-18T09:17:11.347029
1,797,0.026249505579471588,2026-05-18T09:17:11.417495
1,798,0.029535723850131035,2026-05-18T09:17:11.491587
1,799,0.025071104988455772,2026-05-18T09:17:11.565717
1,800,0.026373090222477913,2026-05-18T09:17:12.157924
1,801,0.02724011056125164,2026-05-18T09:17:12.232160
1,802,0.024437950924038887,2026-05-18T09:17:12.306887
1,803,0.028856314718723297,2026-05-18T09:17:12.381742
1,804,0.025698019191622734,2026-05-18T09:17:12.970563
1,805,0.030114896595478058,2026-05-18T09:17:13.042914
1,806,0.02725829929113388,2026-05-18T09:17:13.118576
1,807,0.025488870218396187,2026-05-18T09:17:13.192115
1,808,0.025220056995749474,2026-05-18T09:17:13.622553
1,809,0.027287518605589867,2026-05-18T09:17:13.694116
1,810,0.029219619929790497,2026-05-18T09:17:13.767120
1,811,0.03325828164815903,2026-05-18T09:17:13.840713
1,812,0.027679380029439926,2026-05-18T09:17:14.586562
1,813,0.032048549503088,2026-05-18T09:17:14.659431
1,814,0.029794352129101753,2026-05-18T09:17:14.736476
1,815,0.028289837762713432,2026-05-18T09:17:14.810864
1,816,0.02846064604818821,2026-05-18T09:17:15.599666
1,817,0.024868858978152275,2026-05-18T09:17:15.673209
1,818,0.02702806144952774,2026-05-18T09:17:15.756435
1,819,0.031572017818689346,2026-05-18T09:17:15.831389
1,820,0.03629719093441963,2026-05-18T09:17:16.662491
1,821,0.030284887179732323,2026-05-18T09:17:16.736608
1,822,0.03533528000116348,2026-05-18T09:17:16.811266
1,823,0.028778085485100746,2026-05-18T09:17:16.884499
1,824,0.028992261737585068,2026-05-18T09:17:17.366436
1,825,0.02766096033155918,2026-05-18T09:17:17.440481
1,826,0.02818680927157402,2026-05-18T09:17:17.522781
1,827,0.033004116266965866,2026-05-18T09:17:17.605793
1,828,0.027669325470924377,2026-05-18T09:17:18.368474
1,829,0.039006587117910385,2026-05-18T09:17:18.442571
1,830,0.02910357527434826,2026-05-18T09:17:18.521275
1,831,0.02798420935869217,2026-05-18T09:17:18.598976
1,832,0.028140082955360413,2026-05-18T09:17:19.319618
1,833,0.029470738023519516,2026-05-18T09:17:19.390219
1,834,0.027654284611344337,2026-05-18T09:17:19.465707
1,835,0.028051363304257393,2026-05-18T09:17:19.543065
1,836,0.02955448254942894,2026-05-18T09:17:20.219551
1,837,0.024774597957730293,2026-05-18T09:17:20.297178
1,838,0.027256475761532784,2026-05-18T09:17:20.369617
1,839,0.028121573850512505,2026-05-18T09:17:20.443629
1,840,0.03268297761678696,2026-05-18T09:17:21.169757
1,841,0.029266882687807083,2026-05-18T09:17:21.249479
1,842,0.03520192578434944,2026-05-18T09:17:21.323382
1,843,0.02570798434317112,2026-05-18T09:17:21.398722
1,844,0.028447313234210014,2026-05-18T09:17:22.137352
1,845,0.032113030552864075,2026-05-18T09:17:22.209871
1,846,0.027899401262402534,2026-05-18T09:17:22.284221
1,847,0.03099045902490616,2026-05-18T09:17:22.357484
1,848,0.029763586819171906,2026-05-18T09:17:22.968666
1,849,0.031068213284015656,2026-05-18T09:17:23.042852
1,850,0.027693718671798706,2026-05-18T09:17:23.121874
1,851,0.02696075849235058,2026-05-18T09:17:23.196452
1,852,0.028154458850622177,2026-05-18T09:17:23.939885
1,853,0.0260288268327713,2026-05-18T09:17:24.010422
1,854,0.029882095754146576,2026-05-18T09:17:24.082074
1,855,0.02824229560792446,2026-05-18T09:17:24.156907
1,856,0.0255928635597229,2026-05-18T09:17:24.847355
1,857,0.030036969110369682,2026-05-18T09:17:24.917335
1,858,0.026953622698783875,2026-05-18T09:17:24.991122
1,859,0.02732858993113041,2026-05-18T09:17:25.062130
1,860,0.03257844224572182,2026-05-18T09:17:25.761118
1,861,0.02852262742817402,2026-05-18T09:17:25.832995
1,862,0.02797210030257702,2026-05-18T09:17:25.904866
1,863,0.03264027461409569,2026-05-18T09:17:25.977011
1,864,0.02766091376543045,2026-05-18T09:17:26.591629
1,865,0.026401666924357414,2026-05-18T09:17:26.664917
1,866,0.026878468692302704,2026-05-18T09:17:26.740006
1,867,0.02790972776710987,2026-05-18T09:17:26.813562
1,868,0.030849650502204895,2026-05-18T09:17:27.638417
1,869,0.0300168264657259,2026-05-18T09:17:27.712921
1,870,0.02572249248623848,2026-05-18T09:17:27.795450
1,871,0.027574829757213593,2026-05-18T09:17:27.871465
1,872,0.027705537155270576,2026-05-18T09:17:28.534232
1,873,0.029787316918373108,2026-05-18T09:17:28.604948
1,874,0.02795925922691822,2026-05-18T09:17:28.677547
1,875,0.030432065948843956,2026-05-18T09:17:28.749824
1,876,0.0297391377389431,2026-05-18T09:17:29.340885
1,877,0.027799999341368675,2026-05-18T09:17:29.411819
1,878,0.029003281146287918,2026-05-18T09:17:29.483566
1,879,0.02740245684981346,2026-05-18T09:17:29.554204
1,880,0.027055874466896057,2026-05-18T09:17:30.275398
1,881,0.026944618672132492,2026-05-18T09:17:30.346069
1,882,0.02946045808494091,2026-05-18T09:17:30.418042
1,883,0.032977815717458725,2026-05-18T09:17:30.491120
1,884,0.02672775276005268,2026-05-18T09:17:31.109597
1,885,0.031022140756249428,2026-05-18T09:17:31.181211
1,886,0.027071338146924973,2026-05-18T09:17:31.253801
1,887,0.024297870695590973,2026-05-18T09:17:31.325969
1,888,0.028286490589380264,2026-05-18T09:17:32.024919
1,889,0.03159474954009056,2026-05-18T09:17:32.096738
1,890,0.03091471642255783,2026-05-18T09:17:32.170966
1,891,0.030257543548941612,2026-05-18T09:17:32.245921
1,892,0.0251868087798357,2026-05-18T09:17:32.878981
1,893,0.027330823242664337,2026-05-18T09:17:32.949563
1,894,0.03284898400306702,2026-05-18T09:17:33.021293
1,895,0.027267709374427795,2026-05-18T09:17:33.094053
1,896,0.03162176162004471,2026-05-18T09:17:33.658064
1,897,0.032959502190351486,2026-05-18T09:17:33.727173
1,898,0.0270959734916687,2026-05-18T09:17:33.798699
1,899,0.028790561482310295,2026-05-18T09:17:33.870698
1,900,0.026978231966495514,2026-05-18T09:17:34.703772
1,901,0.025131914764642715,2026-05-18T09:17:34.776374
1,902,0.028200676664710045,2026-05-18T09:17:34.849680
1,903,0.02780251018702984,2026-05-18T09:17:34.923680
1,904,0.027370670810341835,2026-05-18T09:17:35.537665
1,905,0.031208524480462074,2026-05-18T09:17:35.608835
1,906,0.026767095550894737,2026-05-18T09:17:35.681877
1,907,0.026756074279546738,2026-05-18T09:17:35.756517
1,908,0.02714267186820507,2026-05-18T09:17:36.482083
1,909,0.028682732954621315,2026-05-18T09:17:36.553119
1,910,0.030966568738222122,2026-05-18T09:17:36.625238
1,911,0.026089293882250786,2026-05-18T09:17:36.698585
1,912,0.03166107088327408,2026-05-18T09:17:37.508830
1,913,0.02582617476582527,2026-05-18T09:17:37.580347
1,914,0.028547190129756927,2026-05-18T09:17:37.652452
1,915,0.029201557859778404,2026-05-18T09:17:37.723891
1,916,0.030769165605306625,2026-05-18T09:17:38.338562
1,917,0.025124019011855125,2026-05-18T09:17:38.408994
1,918,0.029882393777370453,2026-05-18T09:17:38.481551
1,919,0.02454996667802334,2026-05-18T09:17:38.554327
1,920,0.02557305432856083,2026-05-18T09:17:39.197835
1,921,0.025384774431586266,2026-05-18T09:17:39.268519
1,922,0.0256396122276783,2026-05-18T09:17:39.341163
1,923,0.030495282262563705,2026-05-18T09:17:39.419471
1,924,0.026939135044813156,2026-05-18T09:17:40.099832
1,925,0.02860584855079651,2026-05-18T09:17:40.173323
1,926,0.027942152693867683,2026-05-18T09:17:40.244388
1,927,0.027305874973535538,2026-05-18T09:17:40.315822
1,928,0.031690508127212524,2026-05-18T09:17:40.864343
1,929,0.027656618505716324,2026-05-18T09:17:40.933281
1,930,0.028161363676190376,2026-05-18T09:17:41.006906
1,931,0.026978200301527977,2026-05-18T09:17:41.078769
1,932,0.026451384648680687,2026-05-18T09:17:41.775685
1,933,0.029085539281368256,2026-05-18T09:17:41.845550
1,934,0.026956796646118164,2026-05-18T09:17:41.918652
1,935,0.02655950002372265,2026-05-18T09:17:41.990768
1,936,0.0288443174213171,2026-05-18T09:17:42.557964
1,937,0.03108091652393341,2026-05-18T09:17:42.638045
1,938,0.025007227435708046,2026-05-18T09:17:42.711727
1,939,0.027194919064641,2026-05-18T09:17:42.788848
1,940,0.029793865978717804,2026-05-18T09:17:43.612415
1,941,0.026367472484707832,2026-05-18T09:17:43.685204
1,942,0.031950950622558594,2026-05-18T09:17:43.760746
1,943,0.02909558266401291,2026-05-18T09:17:43.835587
1,944,0.028044573962688446,2026-05-18T09:17:44.434868
1,945,0.02942134253680706,2026-05-18T09:17:44.509578
1,946,0.026104459539055824,2026-05-18T09:17:44.585005
1,947,0.026729943230748177,2026-05-18T09:17:44.661633
1,948,0.02935822866857052,2026-05-18T09:17:45.305983
1,949,0.030200596898794174,2026-05-18T09:17:45.380258
1,950,0.03439497575163841,2026-05-18T09:17:45.463543
1,951,0.029067669063806534,2026-05-18T09:17:45.540549
1,952,0.029295841231942177,2026-05-18T09:17:46.197885
1,953,0.02779383584856987,2026-05-18T09:17:46.277911
1,954,0.027115261182188988,2026-05-18T09:17:46.356243
1,955,0.030681457370519638,2026-05-18T09:17:46.432331
1,956,0.026716213673353195,2026-05-18T09:17:47.056078
1,957,0.02603861130774021,2026-05-18T09:17:47.127054
1,958,0.02677580714225769,2026-05-18T09:17:47.202709
1,959,0.029342155903577805,2026-05-18T09:17:47.278386
1,960,0.027199579402804375,2026-05-18T09:17:48.063255
1,961,0.027910105884075165,2026-05-18T09:17:48.137293
1,962,0.027454791590571404,2026-05-18T09:17:48.210833
1,963,0.0289998147636652,2026-05-18T09:17:48.284154
1,964,0.027644619345664978,2026-05-18T09:17:48.868931
1,965,0.028943883255124092,2026-05-18T09:17:48.942400
1,966,0.02944652922451496,2026-05-18T09:17:49.015452
1,967,0.029633888974785805,2026-05-18T09:17:49.089325
1,968,0.028660763055086136,2026-05-18T09:17:49.591355
1,969,0.025619789958000183,2026-05-18T09:17:49.666396
1,970,0.02489045448601246,2026-05-18T09:17:49.742120
1,971,0.028501585125923157,2026-05-18T09:17:49.816282
1,972,0.029117846861481667,2026-05-18T09:17:50.403842
1,973,0.025356177240610123,2026-05-18T09:17:50.479481
1,974,0.028802862390875816,2026-05-18T09:17:50.557908
1,975,0.028548836708068848,2026-05-18T09:17:50.637089
1,976,0.02462989091873169,2026-05-18T09:17:51.159272
1,977,0.024743666872382164,2026-05-18T09:17:51.233490
1,978,0.028941510245203972,2026-05-18T09:17:51.305653
1,979,0.028194868937134743,2026-05-18T09:17:51.378186
1,980,0.028801903128623962,2026-05-18T09:17:51.940540
1,981,0.026422599330544472,2026-05-18T09:17:52.010883
1,982,0.023407356813549995,2026-05-18T09:17:52.084045
1,983,0.028155017644166946,2026-05-18T09:17:52.156833
1,984,0.02564075030386448,2026-05-18T09:17:52.804283
1,985,0.030760444700717926,2026-05-18T09:17:52.875174
1,986,0.029169265180826187,2026-05-18T09:17:52.951225
1,987,0.02787116728723049,2026-05-18T09:17:53.025822
1,988,0.03215063363313675,2026-05-18T09:17:53.787104
1,989,0.028361910954117775,2026-05-18T09:17:53.859534
1,990,0.025676319375634193,2026-05-18T09:17:53.931308
1,991,0.02928643487393856,2026-05-18T09:17:54.004511
1,992,0.026476234197616577,2026-05-18T09:17:54.533077
1,993,0.02944936789572239,2026-05-18T09:17:54.605130
1,994,0.02584121935069561,2026-05-18T09:17:54.677349
1,995,0.027785446494817734,2026-05-18T09:17:54.750925
1,996,0.03236660361289978,2026-05-18T09:17:55.283271
1,997,0.03502031788229942,2026-05-18T09:17:55.353203
1,998,0.027403779327869415,2026-05-18T09:17:55.428106
1,999,0.034342896193265915,2026-05-18T09:17:55.500984
1,1000,0.028223251923918724,2026-05-18T09:17:56.102041
1,1001,0.027604052796959877,2026-05-18T09:17:56.173313
1,1002,0.02562333457171917,2026-05-18T09:17:56.248991
1,1003,0.028559617698192596,2026-05-18T09:17:56.320466
1,1004,0.02996521256864071,2026-05-18T09:17:56.931664
1,1005,0.02731649950146675,2026-05-18T09:17:57.004886
1,1006,0.028901999816298485,2026-05-18T09:17:57.082802
1,1007,0.028185700997710228,2026-05-18T09:17:57.155666
1,1008,0.026074284687638283,2026-05-18T09:17:57.793456
1,1009,0.026798240840435028,2026-05-18T09:17:57.864226
1,1010,0.025722626596689224,2026-05-18T09:17:57.936199
1,1011,0.02831415645778179,2026-05-18T09:17:58.008663
1,1012,0.03157282620668411,2026-05-18T09:17:58.550903
1,1013,0.028823629021644592,2026-05-18T09:17:58.628752
1,1014,0.027969468384981155,2026-05-18T09:17:58.702414
1,1015,0.02597551792860031,2026-05-18T09:17:58.775360
1,1016,0.02735363319516182,2026-05-18T09:17:59.278749
1,1017,0.027232542634010315,2026-05-18T09:17:59.350822
1,1018,0.029410049319267273,2026-05-18T09:17:59.422416
1,1019,0.02949080802500248,2026-05-18T09:17:59.494868
1,1020,0.02631603553891182,2026-05-18T09:18:00.081189
1,1021,0.03037935309112072,2026-05-18T09:18:00.150639
1,1022,0.03188773989677429,2026-05-18T09:18:00.222915
1,1023,0.028186023235321045,2026-05-18T09:18:00.296444
1,1024,0.02488480880856514,2026-05-18T09:18:00.903952
1,1025,0.026245955377817154,2026-05-18T09:18:00.973136
1,1026,0.026477184146642685,2026-05-18T09:18:01.045638
1,1027,0.027028419077396393,2026-05-18T09:18:01.120244
1,1028,0.027380166575312614,2026-05-18T09:18:01.680135
1,1029,0.027429761365056038,2026-05-18T09:18:01.753619
1,1030,0.02999805472791195,2026-05-18T09:18:01.829919
1,1031,0.027124794200062752,2026-05-18T09:18:01.901369
1,1032,0.0327741838991642,2026-05-18T09:18:02.470949
1,1033,0.031331419944763184,2026-05-18T09:18:02.540039
1,1034,0.029208920896053314,2026-05-18T09:18:02.610961
1,1035,0.03198128566145897,2026-05-18T09:18:02.682734
1,1036,0.02818775549530983,2026-05-18T09:18:03.043178
1,1037,0.02549128048121929,2026-05-18T09:18:03.112750
1,1038,0.02872546948492527,2026-05-18T09:18:03.297543
1,1039,0.029515190050005913,2026-05-18T09:18:03.366955
1,1040,0.03534727171063423,2026-05-18T09:18:03.967092
1,1041,0.029068993404507637,2026-05-18T09:18:04.039576
1,1042,0.02754945494234562,2026-05-18T09:18:04.110507
1,1043,0.02946644462645054,2026-05-18T09:18:04.181168
1,1044,0.023966340348124504,2026-05-18T09:18:04.739770
1,1045,0.031668100506067276,2026-05-18T09:18:04.811121
1,1046,0.029753612354397774,2026-05-18T09:18:04.883286
1,1047,0.026026295498013496,2026-05-18T09:18:04.956537
1,1048,0.02642243728041649,2026-05-18T09:18:05.566668
1,1049,0.02633022703230381,2026-05-18T09:18:05.641236
1,1050,0.02493440918624401,2026-05-18T09:18:05.720878
1,1051,0.024506518617272377,2026-05-18T09:18:05.793009
1,1052,0.028716471046209335,2026-05-18T09:18:06.386481
1,1053,0.02786724455654621,2026-05-18T09:18:06.459187
1,1054,0.02873111702501774,2026-05-18T09:18:06.531245
1,1055,0.025789620354771614,2026-05-18T09:18:06.606947
1,1056,0.0335395373404026,2026-05-18T09:18:07.253101
1,1057,0.03039812110364437,2026-05-18T09:18:07.325101
1,1058,0.026076659560203552,2026-05-18T09:18:07.404717
1,1059,0.02416924573481083,2026-05-18T09:18:07.479697
1,1060,0.027853893116116524,2026-05-18T09:18:08.304346
1,1061,0.02757229097187519,2026-05-18T09:18:08.376277
1,1062,0.028211358934640884,2026-05-18T09:18:08.454397
1,1063,0.029307302087545395,2026-05-18T09:18:08.527085
1,1064,0.02543049305677414,2026-05-18T09:18:09.098797
1,1065,0.032326363027095795,2026-05-18T09:18:09.169189
1,1066,0.024434851482510567,2026-05-18T09:18:09.240910
1,1067,0.027757268399000168,2026-05-18T09:18:09.315253
1,1068,0.02847263403236866,2026-05-18T09:18:09.859166
1,1069,0.02831757627427578,2026-05-18T09:18:09.931261
1,1070,0.027746133506298065,2026-05-18T09:18:10.003992
1,1071,0.03697020187973976,2026-05-18T09:18:10.076960
1,1072,0.02832958661019802,2026-05-18T09:18:10.616384
1,1073,0.02783600613474846,2026-05-18T09:18:10.688388
1,1074,0.02879180945456028,2026-05-18T09:18:10.779240
1,1075,0.02699911966919899,2026-05-18T09:18:10.849411
1,1076,0.026423467323184013,2026-05-18T09:18:11.352008
1,1077,0.0262767281383276,2026-05-18T09:18:11.424245
1,1078,0.023739725351333618,2026-05-18T09:18:11.589974
1,1079,0.02640923112630844,2026-05-18T09:18:11.659505
1,1080,0.033952757716178894,2026-05-18T09:18:12.144769
1,1081,0.026841916143894196,2026-05-18T09:18:12.214918
1,1082,0.030311645939946175,2026-05-18T09:18:12.319192
1,1083,0.0268845371901989,2026-05-18T09:18:12.394795
1,1084,0.027455812320113182,2026-05-18T09:18:13.005507
1,1085,0.02614172361791134,2026-05-18T09:18:13.076230
1,1086,0.029148120433092117,2026-05-18T09:18:13.148124
1,1087,0.028214477002620697,2026-05-18T09:18:13.220146
1,1088,0.030042657628655434,2026-05-18T09:18:13.876996
1,1089,0.025956911966204643,2026-05-18T09:18:13.951459
1,1090,0.027155105024576187,2026-05-18T09:18:14.025241
1,1091,0.028573831543326378,2026-05-18T09:18:14.098339
1,1092,0.028850262984633446,2026-05-18T09:18:14.977176
1,1093,0.025726821273565292,2026-05-18T09:18:15.049155
1,1094,0.028039293363690376,2026-05-18T09:18:15.130429
1,1095,0.030284414067864418,2026-05-18T09:18:15.204020
1,1096,0.024237267673015594,2026-05-18T09:18:16.249018
1,1097,0.03069077804684639,2026-05-18T09:18:16.325560
1,1098,0.027145806699991226,2026-05-18T09:18:16.416322
1,1099,0.03147919103503227,2026-05-18T09:18:16.491964
1,1100,0.02765098214149475,2026-05-18T09:18:17.225325
1,1101,0.027177749201655388,2026-05-18T09:18:17.313902
1,1102,0.026523832231760025,2026-05-18T09:18:17.391374
1,1103,0.024890689179301262,2026-05-18T09:18:17.474859
1,1104,0.028338918462395668,2026-05-18T09:18:18.505315
1,1105,0.02731558121740818,2026-05-18T09:18:18.592551
1,1106,0.026245614513754845,2026-05-18T09:18:18.678644
1,1107,0.029250608757138252,2026-05-18T09:18:18.763838
1,1108,0.027624091133475304,2026-05-18T09:18:19.601915
1,1109,0.031070103868842125,2026-05-18T09:18:19.677460
1,1110,0.027840925380587578,2026-05-18T09:18:19.755786
1,1111,0.0297183059155941,2026-05-18T09:18:19.832111
1,1112,0.02637862041592598,2026-05-18T09:18:20.624907
1,1113,0.0286356620490551,2026-05-18T09:18:20.703446
1,1114,0.028807872906327248,2026-05-18T09:18:20.778672
1,1115,0.02777397818863392,2026-05-18T09:18:20.856767
1,1116,0.02999255806207657,2026-05-18T09:18:21.413455
1,1117,0.026652006432414055,2026-05-18T09:18:21.511167
1,1118,0.026556886732578278,2026-05-18T09:18:21.585999
1,1119,0.027336331084370613,2026-05-18T09:18:21.665460
1,1120,0.03011220321059227,2026-05-18T09:18:22.515368
1,1121,0.02494034916162491,2026-05-18T09:18:22.588891
1,1122,0.030749836936593056,2026-05-18T09:18:22.663409
1,1123,0.02986009791493416,2026-05-18T09:18:22.737554
1,1124,0.02547663450241089,2026-05-18T09:18:23.463894
1,1125,0.02792682684957981,2026-05-18T09:18:23.538483
1,1126,0.027270043268799782,2026-05-18T09:18:23.616579
1,1127,0.02651144564151764,2026-05-18T09:18:23.697767
1,1128,0.025737669318914413,2026-05-18T09:18:24.414442
1,1129,0.02704482525587082,2026-05-18T09:18:24.488699
1,1130,0.0328279547393322,2026-05-18T09:18:24.568080
1,1131,0.027279270812869072,2026-05-18T09:18:24.646303
1,1132,0.029819048941135406,2026-05-18T09:18:25.551543
1,1133,0.02618834562599659,2026-05-18T09:18:25.624152
1,1134,0.027519701048731804,2026-05-18T09:18:25.700041
1,1135,0.02591782622039318,2026-05-18T09:18:25.775586
1,1136,0.02677532471716404,2026-05-18T09:18:26.400885
1,1137,0.02551094815135002,2026-05-18T09:18:26.482443
1,1138,0.0266883485019207,2026-05-18T09:18:26.562625
1,1139,0.029393795877695084,2026-05-18T09:18:26.642127
1,1140,0.029708322137594223,2026-05-18T09:18:27.458155
1,1141,0.026890385895967484,2026-05-18T09:18:27.532249
1,1142,0.024936078116297722,2026-05-18T09:18:27.606592
1,1143,0.027209190651774406,2026-05-18T09:18:27.685286
1,1144,0.02941806986927986,2026-05-18T09:18:28.273782
1,1145,0.02461499534547329,2026-05-18T09:18:28.375297
1,1146,0.028818229213356972,2026-05-18T09:18:28.448383
1,1147,0.028285181149840355,2026-05-18T09:18:28.523164
2,0,0.025198834016919136,2026-05-18T09:18:36.535067
2,1,0.03655250743031502,2026-05-18T09:18:36.713232
2,2,0.02768727019429207,2026-05-18T09:18:36.816913
2,3,0.0317104198038578,2026-05-18T09:18:36.897948
2,4,0.0282010305672884,2026-05-18T09:18:37.527591
2,5,0.027192218229174614,2026-05-18T09:18:37.597745
2,6,0.025525782257318497,2026-05-18T09:18:37.672446
2,7,0.030225086957216263,2026-05-18T09:18:37.745452
2,8,0.030133411288261414,2026-05-18T09:18:38.253931
2,9,0.027140149846673012,2026-05-18T09:18:38.568883
2,10,0.03054056316614151,2026-05-18T09:18:38.648413
2,11,0.027263259515166283,2026-05-18T09:18:38.724094
2,12,0.029803147539496422,2026-05-18T09:18:39.181627
2,13,0.027424141764640808,2026-05-18T09:18:39.467403
2,14,0.030127057805657387,2026-05-18T09:18:39.544421
2,15,0.026374977082014084,2026-05-18T09:18:39.617927
2,16,0.027935238555073738,2026-05-18T09:18:40.098947
2,17,0.03165613114833832,2026-05-18T09:18:40.266980
2,18,0.025529997423291206,2026-05-18T09:18:40.345008
2,19,0.030947955325245857,2026-05-18T09:18:40.416646
2,20,0.027029968798160553,2026-05-18T09:18:41.041968
2,21,0.03104986436665058,2026-05-18T09:18:41.220712
2,22,0.028101004660129547,2026-05-18T09:18:41.290536
2,23,0.031108835712075233,2026-05-18T09:18:41.370018
2,24,0.02665644697844982,2026-05-18T09:18:41.883574
2,25,0.03331713005900383,2026-05-18T09:18:42.192653
2,26,0.028431201353669167,2026-05-18T09:18:42.264182
2,27,0.027846725657582283,2026-05-18T09:18:42.338318
2,28,0.02768072858452797,2026-05-18T09:18:42.800531
2,29,0.027278978377580643,2026-05-18T09:18:43.161543
2,30,0.024414127692580223,2026-05-18T09:18:43.238801
2,31,0.026908067986369133,2026-05-18T09:18:43.315703
2,32,0.03013393096625805,2026-05-18T09:18:43.862271
2,33,0.02853901870548725,2026-05-18T09:18:43.937991
2,34,0.027789417654275894,2026-05-18T09:18:44.011975
2,35,0.029120968654751778,2026-05-18T09:18:44.164461
2,36,0.0271541029214859,2026-05-18T09:18:44.980125
2,37,0.028060760349035263,2026-05-18T09:18:45.050821
2,38,0.027283959090709686,2026-05-18T09:18:45.124126
2,39,0.030054878443479538,2026-05-18T09:18:45.199524
2,40,0.027348902076482773,2026-05-18T09:18:45.887225
2,41,0.027567649260163307,2026-05-18T09:18:45.960458
2,42,0.03188000246882439,2026-05-18T09:18:46.032840
2,43,0.03269602358341217,2026-05-18T09:18:46.105465
2,44,0.02665741741657257,2026-05-18T09:18:46.706664
2,45,0.02811596356332302,2026-05-18T09:18:46.780613
2,46,0.025445962324738503,2026-05-18T09:18:46.855089
2,47,0.02851656638085842,2026-05-18T09:18:46.930826
2,48,0.030907273292541504,2026-05-18T09:18:47.560531
2,49,0.026623999699950218,2026-05-18T09:18:47.633014
2,50,0.025493044406175613,2026-05-18T09:18:47.707393
2,51,0.02738046832382679,2026-05-18T09:18:47.780531
2,52,0.029212884604930878,2026-05-18T09:18:48.433008
2,53,0.028456322848796844,2026-05-18T09:18:48.509271
2,54,0.030651317909359932,2026-05-18T09:18:48.581304
2,55,0.026963133364915848,2026-05-18T09:18:48.658462
2,56,0.027788380160927773,2026-05-18T09:18:49.295632
2,57,0.0278119258582592,2026-05-18T09:18:49.370696
2,58,0.026433102786540985,2026-05-18T09:18:49.446581
2,59,0.02952183410525322,2026-05-18T09:18:49.524218
2,60,0.03060121089220047,2026-05-18T09:18:50.254351
2,61,0.03438533470034599,2026-05-18T09:18:50.337438
2,62,0.02869902364909649,2026-05-18T09:18:50.413559
2,63,0.03109319694340229,2026-05-18T09:18:50.490198
2,64,0.03224664553999901,2026-05-18T09:18:51.173677
2,65,0.02437933161854744,2026-05-18T09:18:51.248573
2,66,0.027386663481593132,2026-05-18T09:18:51.327990
2,67,0.03064611181616783,2026-05-18T09:18:51.404208
2,68,0.03063531033694744,2026-05-18T09:18:52.237627
2,69,0.028220878913998604,2026-05-18T09:18:52.330921
2,70,0.02815048210322857,2026-05-18T09:18:52.415821
2,71,0.029403744265437126,2026-05-18T09:18:52.499344
2,72,0.026677098125219345,2026-05-18T09:18:53.249458
2,73,0.025820648297667503,2026-05-18T09:18:53.319587
2,74,0.033608563244342804,2026-05-18T09:18:53.394239
2,75,0.02726702205836773,2026-05-18T09:18:53.469602
2,76,0.02810475416481495,2026-05-18T09:18:54.217806
2,77,0.027478815987706184,2026-05-18T09:18:54.290731
2,78,0.028001965954899788,2026-05-18T09:18:54.365504
2,79,0.031314413994550705,2026-05-18T09:18:54.439916
2,80,0.02713310532271862,2026-05-18T09:18:55.092747
2,81,0.028218669816851616,2026-05-18T09:18:55.170177
2,82,0.027989597991108894,2026-05-18T09:18:55.245806
2,83,0.029250415042042732,2026-05-18T09:18:55.320405
2,84,0.026291966438293457,2026-05-18T09:18:56.073740
2,85,0.02702518180012703,2026-05-18T09:18:56.150151
2,86,0.026718849316239357,2026-05-18T09:18:56.223661
2,87,0.02503812499344349,2026-05-18T09:18:56.300415
2,88,0.03714488446712494,2026-05-18T09:18:56.971762
2,89,0.026086319237947464,2026-05-18T09:18:57.045699
2,90,0.02823665738105774,2026-05-18T09:18:57.119305
2,91,0.023779943585395813,2026-05-18T09:18:57.192366
2,92,0.031371474266052246,2026-05-18T09:18:57.664595
2,93,0.02688445709645748,2026-05-18T09:18:57.737701
2,94,0.02631324715912342,2026-05-18T09:18:57.811993
2,95,0.029961852356791496,2026-05-18T09:18:57.886199
2,96,0.025431524962186813,2026-05-18T09:18:58.643959
2,97,0.03223034366965294,2026-05-18T09:18:58.716067
2,98,0.026943407952785492,2026-05-18T09:18:58.790024
2,99,0.033027250319719315,2026-05-18T09:18:58.863952
2,100,0.025871701538562775,2026-05-18T09:18:59.667039
2,101,0.03014276549220085,2026-05-18T09:18:59.739284
2,102,0.02728133276104927,2026-05-18T09:18:59.821140
2,103,0.02595783770084381,2026-05-18T09:18:59.894150
2,104,0.0287485308945179,2026-05-18T09:19:00.498922
2,105,0.028319763019680977,2026-05-18T09:19:00.568712
2,106,0.031438395380973816,2026-05-18T09:19:00.641616
2,107,0.028278157114982605,2026-05-18T09:19:00.716376
2,108,0.028510374948382378,2026-05-18T09:19:01.489403
2,109,0.02757406421005726,2026-05-18T09:19:01.562283
2,110,0.029718728736042976,2026-05-18T09:19:01.636170
2,111,0.027585074305534363,2026-05-18T09:19:01.709625
2,112,0.026466598734259605,2026-05-18T09:19:02.314705
2,113,0.02355034649372101,2026-05-18T09:19:02.387272
2,114,0.02820924110710621,2026-05-18T09:19:02.461754
2,115,0.02971118688583374,2026-05-18T09:19:02.534821
2,116,0.029744809493422508,2026-05-18T09:19:03.081159
2,117,0.03015754744410515,2026-05-18T09:19:03.154842
2,118,0.02622007392346859,2026-05-18T09:19:03.234571
2,119,0.031103473156690598,2026-05-18T09:19:03.309130
2,120,0.03417346999049187,2026-05-18T09:19:03.969889
2,121,0.029420772567391396,2026-05-18T09:19:04.042611
2,122,0.03055109642446041,2026-05-18T09:19:04.119727
2,123,0.02610170468688011,2026-05-18T09:19:04.194535
2,124,0.028968388214707375,2026-05-18T09:19:04.949307
2,125,0.027795135974884033,2026-05-18T09:19:05.018816
2,126,0.027240611612796783,2026-05-18T09:19:05.090930
2,127,0.02875916287302971,2026-05-18T09:19:05.166668
2,128,0.03092838078737259,2026-05-18T09:19:05.682140
2,129,0.03055610880255699,2026-05-18T09:19:05.751341
2,130,0.02441149391233921,2026-05-18T09:19:05.828092
2,131,0.02847679890692234,2026-05-18T09:19:05.914037
2,132,0.026200849562883377,2026-05-18T09:19:06.492458
2,133,0.027275295928120613,2026-05-18T09:19:06.570690
2,134,0.028381789103150368,2026-05-18T09:19:06.644607
2,135,0.0310370996594429,2026-05-18T09:19:06.722642
2,136,0.027385810390114784,2026-05-18T09:19:07.387516
2,137,0.025381596758961678,2026-05-18T09:19:07.459309
2,138,0.032227154821157455,2026-05-18T09:19:07.530009
2,139,0.029768727719783783,2026-05-18T09:19:07.602156
2,140,0.025931693613529205,2026-05-18T09:19:08.304405
2,141,0.025329403579235077,2026-05-18T09:19:08.375810
2,142,0.02885809727013111,2026-05-18T09:19:08.450492
2,143,0.031213926151394844,2026-05-18T09:19:08.521713
2,144,0.027281170710921288,2026-05-18T09:19:09.003296
2,145,0.032927144318819046,2026-05-18T09:19:09.075258
2,146,0.03674755617976189,2026-05-18T09:19:09.147802
2,147,0.033643774688243866,2026-05-18T09:19:09.219457
2,148,0.025104837492108345,2026-05-18T09:19:09.806553
2,149,0.02809142880141735,2026-05-18T09:19:09.878378
2,150,0.02995573915541172,2026-05-18T09:19:09.951033
2,151,0.027305711060762405,2026-05-18T09:19:10.025694
2,152,0.036423735320568085,2026-05-18T09:19:10.697906
2,153,0.026567958295345306,2026-05-18T09:19:10.768524
2,154,0.02587752602994442,2026-05-18T09:19:10.841102
2,155,0.02714645490050316,2026-05-18T09:19:10.913300
2,156,0.027818933129310608,2026-05-18T09:19:11.489628
2,157,0.028166042640805244,2026-05-18T09:19:11.559676
2,158,0.0284552201628685,2026-05-18T09:19:11.630894
2,159,0.02862725779414177,2026-05-18T09:19:11.706088
2,160,0.028242314234375954,2026-05-18T09:19:12.283592
2,161,0.025658175349235535,2026-05-18T09:19:12.353790
2,162,0.026033781468868256,2026-05-18T09:19:12.426372
2,163,0.028108492493629456,2026-05-18T09:19:12.498968
2,164,0.02644968219101429,2026-05-18T09:19:12.855106
2,165,0.02989455685019493,2026-05-18T09:19:12.927701
2,166,0.0274945180863142,2026-05-18T09:19:12.999295
2,167,0.024834340438246727,2026-05-18T09:19:13.163442
2,168,0.02796587347984314,2026-05-18T09:19:13.560110
2,169,0.02935309149324894,2026-05-18T09:19:13.629583
2,170,0.026778055354952812,2026-05-18T09:19:13.701686
2,171,0.033957552164793015,2026-05-18T09:19:13.912002
2,172,0.030062420293688774,2026-05-18T09:19:14.414893
2,173,0.026652147993445396,2026-05-18T09:19:14.484547
2,174,0.024364912882447243,2026-05-18T09:19:14.558085
2,175,0.029451463371515274,2026-05-18T09:19:14.630154
2,176,0.024897025898098946,2026-05-18T09:19:15.224916
2,177,0.026233354583382607,2026-05-18T09:19:15.295591
2,178,0.027941260486841202,2026-05-18T09:19:15.369488
2,179,0.031848251819610596,2026-05-18T09:19:15.445975
2,180,0.02760605327785015,2026-05-18T09:19:16.191805
2,181,0.030104326084256172,2026-05-18T09:19:16.260349
2,182,0.03199909254908562,2026-05-18T09:19:16.334399
2,183,0.03099149465560913,2026-05-18T09:19:16.406174
2,184,0.027795320376753807,2026-05-18T09:19:17.021508
2,185,0.027968507260084152,2026-05-18T09:19:17.090745
2,186,0.026966193690896034,2026-05-18T09:19:17.163182
2,187,0.02669633738696575,2026-05-18T09:19:17.242682
2,188,0.025726230815052986,2026-05-18T09:19:17.910405
2,189,0.028268158435821533,2026-05-18T09:19:17.982400
2,190,0.030126670375466347,2026-05-18T09:19:18.060964
2,191,0.03307468444108963,2026-05-18T09:19:18.135961
2,192,0.030392851680517197,2026-05-18T09:19:18.935532
2,193,0.03230850026011467,2026-05-18T09:19:19.006421
2,194,0.027855660766363144,2026-05-18T09:19:19.077935
2,195,0.026895062997937202,2026-05-18T09:19:19.149413
2,196,0.03059449791908264,2026-05-18T09:19:19.738964
2,197,0.025611121207475662,2026-05-18T09:19:19.806786
2,198,0.026531819254159927,2026-05-18T09:19:19.881148
2,199,0.02769474871456623,2026-05-18T09:19:19.954446
2,200,0.027783162891864777,2026-05-18T09:19:20.697885
2,201,0.028493665158748627,2026-05-18T09:19:20.770170
2,202,0.027286237105727196,2026-05-18T09:19:20.854208
2,203,0.027279099449515343,2026-05-18T09:19:20.929565
2,204,0.026090366765856743,2026-05-18T09:19:21.570191
2,205,0.03372452035546303,2026-05-18T09:19:21.653917
2,206,0.026692219078540802,2026-05-18T09:19:21.731146
2,207,0.027003537863492966,2026-05-18T09:19:21.810482
2,208,0.031049856916069984,2026-05-18T09:19:22.725358
2,209,0.028361180797219276,2026-05-18T09:19:22.801108
2,210,0.029728597030043602,2026-05-18T09:19:22.879649
2,211,0.025772247463464737,2026-05-18T09:19:22.954288
2,212,0.027157625183463097,2026-05-18T09:19:23.704481
2,213,0.02932814136147499,2026-05-18T09:19:23.779775
2,214,0.027614479884505272,2026-05-18T09:19:23.857417
2,215,0.027757128700613976,2026-05-18T09:19:23.933446
2,216,0.03153547644615173,2026-05-18T09:19:24.667907
2,217,0.026656854897737503,2026-05-18T09:19:24.742204
2,218,0.029780812561511993,2026-05-18T09:19:24.815646
2,219,0.026727592572569847,2026-05-18T09:19:24.893018
2,220,0.025969360023736954,2026-05-18T09:19:25.629009
2,221,0.026795972138643265,2026-05-18T09:19:25.702882
2,222,0.029717890545725822,2026-05-18T09:19:25.779641
2,223,0.02871215157210827,2026-05-18T09:19:25.855130
2,224,0.026990752667188644,2026-05-18T09:19:26.517564
2,225,0.03394688665866852,2026-05-18T09:19:26.590388
2,226,0.025596896186470985,2026-05-18T09:19:26.669823
2,227,0.028623227030038834,2026-05-18T09:19:26.742654
2,228,0.03016582503914833,2026-05-18T09:19:27.331983
2,229,0.02821396104991436,2026-05-18T09:19:27.403523
2,230,0.026902616024017334,2026-05-18T09:19:27.477997
2,231,0.027061065658926964,2026-05-18T09:19:27.551543
2,232,0.025940021499991417,2026-05-18T09:19:28.038902
2,233,0.027476899325847626,2026-05-18T09:19:28.110043
2,234,0.024685189127922058,2026-05-18T09:19:28.182801
2,235,0.030186953023076057,2026-05-18T09:19:28.255412
2,236,0.02898240089416504,2026-05-18T09:19:28.871441
2,237,0.02840057760477066,2026-05-18T09:19:28.942863
2,238,0.02603563666343689,2026-05-18T09:19:29.016049
2,239,0.0265043955296278,2026-05-18T09:19:29.091947
2,240,0.02707607112824917,2026-05-18T09:19:29.663481
2,241,0.030307751148939133,2026-05-18T09:19:29.735644
2,242,0.03026079759001732,2026-05-18T09:19:29.808209
2,243,0.029775815084576607,2026-05-18T09:19:29.881244
2,244,0.029218027368187904,2026-05-18T09:19:30.446746
2,245,0.024654895067214966,2026-05-18T09:19:30.522659
2,246,0.027381202206015587,2026-05-18T09:19:30.601557
2,247,0.03166772052645683,2026-05-18T09:19:30.676150
2,248,0.02961285598576069,2026-05-18T09:19:31.153452
2,249,0.02653614804148674,2026-05-18T09:19:31.224573
2,250,0.03106118179857731,2026-05-18T09:19:31.297397
2,251,0.02939501777291298,2026-05-18T09:19:31.564241
2,252,0.02692304737865925,2026-05-18T09:19:32.046383
2,253,0.025630641728639603,2026-05-18T09:19:32.117864
2,254,0.026958508417010307,2026-05-18T09:19:32.189271
2,255,0.030835220590233803,2026-05-18T09:19:32.262234
2,256,0.027767736464738846,2026-05-18T09:19:32.815555
2,257,0.025101177394390106,2026-05-18T09:19:32.886595
2,258,0.02510835975408554,2026-05-18T09:19:32.964751
2,259,0.028033999726176262,2026-05-18T09:19:33.038411
2,260,0.026530122384428978,2026-05-18T09:19:33.593917
2,261,0.02890794351696968,2026-05-18T09:19:33.664042
2,262,0.027697527781128883,2026-05-18T09:19:33.736990
2,263,0.02777709998190403,2026-05-18T09:19:33.815192
2,264,0.031092563644051552,2026-05-18T09:19:34.485294
2,265,0.024461686611175537,2026-05-18T09:19:34.556777
2,266,0.026201754808425903,2026-05-18T09:19:34.628895
2,267,0.026645421981811523,2026-05-18T09:19:34.702389
2,268,0.026654090732336044,2026-05-18T09:19:35.277289
2,269,0.02765628509223461,2026-05-18T09:19:35.346689
2,270,0.024995150044560432,2026-05-18T09:19:35.421110
2,271,0.030033782124519348,2026-05-18T09:19:35.495536
2,272,0.02929413504898548,2026-05-18T09:19:36.052736
2,273,0.027760952711105347,2026-05-18T09:19:36.125601
2,274,0.02745041251182556,2026-05-18T09:19:36.197974
2,275,0.02792174741625786,2026-05-18T09:19:36.272251
2,276,0.029403945431113243,2026-05-18T09:19:36.973282
2,277,0.025337200611829758,2026-05-18T09:19:37.043896
2,278,0.025033442303538322,2026-05-18T09:19:37.116723
2,279,0.026950392872095108,2026-05-18T09:19:37.189362
2,280,0.025843646377325058,2026-05-18T09:19:37.779523
2,281,0.027160409837961197,2026-05-18T09:19:37.850706
2,282,0.029111023992300034,2026-05-18T09:19:37.923250
2,283,0.028046054765582085,2026-05-18T09:19:37.997362
2,284,0.029714390635490417,2026-05-18T09:19:38.595667
2,285,0.03259032592177391,2026-05-18T09:19:38.666241
2,286,0.024679403752088547,2026-05-18T09:19:38.738301
2,287,0.028984690085053444,2026-05-18T09:19:38.813022
2,288,0.029492931440472603,2026-05-18T09:19:39.494640
2,289,0.02624405361711979,2026-05-18T09:19:39.564821
2,290,0.02949521504342556,2026-05-18T09:19:39.636292
2,291,0.026604698970913887,2026-05-18T09:19:39.707960
2,292,0.029261145740747452,2026-05-18T09:19:40.239731
2,293,0.026417212560772896,2026-05-18T09:19:40.307304
2,294,0.028294170275330544,2026-05-18T09:19:40.378858
2,295,0.026613039895892143,2026-05-18T09:19:40.451195
2,296,0.029441645368933678,2026-05-18T09:19:41.050324
2,297,0.032733455300331116,2026-05-18T09:19:41.119184
2,298,0.02634434960782528,2026-05-18T09:19:41.190334
2,299,0.025781158357858658,2026-05-18T09:19:41.264064
2,300,0.029222553595900536,2026-05-18T09:19:41.810003
2,301,0.02623969130218029,2026-05-18T09:19:41.883057
2,302,0.032004207372665405,2026-05-18T09:19:41.961232
2,303,0.029156086966395378,2026-05-18T09:19:42.032836
2,304,0.026777561753988266,2026-05-18T09:19:42.585137
2,305,0.027669889852404594,2026-05-18T09:19:42.656407
2,306,0.02826732024550438,2026-05-18T09:19:42.727423
2,307,0.029931729659438133,2026-05-18T09:19:42.799713
2,308,0.030588220804929733,2026-05-18T09:19:43.385983
2,309,0.028745774179697037,2026-05-18T09:19:43.456344
2,310,0.025542616844177246,2026-05-18T09:19:43.527902
2,311,0.029989639297127724,2026-05-18T09:19:43.600606
2,312,0.027370311319828033,2026-05-18T09:19:44.110134
2,313,0.029645340517163277,2026-05-18T09:19:44.180721
2,314,0.028222747147083282,2026-05-18T09:19:44.251925
2,315,0.028110068291425705,2026-05-18T09:19:44.324089
2,316,0.027667982503771782,2026-05-18T09:19:44.904843
2,317,0.030396830290555954,2026-05-18T09:19:44.974917
2,318,0.028505811467766762,2026-05-18T09:19:45.046775
2,319,0.03065377287566662,2026-05-18T09:19:45.122057
2,320,0.02801242470741272,2026-05-18T09:19:45.746569
2,321,0.03072464093565941,2026-05-18T09:19:45.815622
2,322,0.02910732477903366,2026-05-18T09:19:45.889087
2,323,0.027435483410954475,2026-05-18T09:19:45.960109
2,324,0.026623185724020004,2026-05-18T09:19:46.547080
2,325,0.02425704523921013,2026-05-18T09:19:46.619098
2,326,0.02575264684855938,2026-05-18T09:19:46.690699
2,327,0.03173205256462097,2026-05-18T09:19:46.762865
2,328,0.026090329512953758,2026-05-18T09:19:47.257218
2,329,0.025786014273762703,2026-05-18T09:19:47.328742
2,330,0.026303550228476524,2026-05-18T09:19:47.401815
2,331,0.02685731090605259,2026-05-18T09:19:47.474440
2,332,0.032711196690797806,2026-05-18T09:19:47.979094
2,333,0.028315389528870583,2026-05-18T09:19:48.048074
2,334,0.02563018538057804,2026-05-18T09:19:48.118557
2,335,0.02549455687403679,2026-05-18T09:19:48.189774
2,336,0.029286248609423637,2026-05-18T09:19:48.722427
2,337,0.02624278888106346,2026-05-18T09:19:48.793377
2,338,0.029378116130828857,2026-05-18T09:19:48.865901
2,339,0.029970863834023476,2026-05-18T09:19:48.937528
2,340,0.02694895677268505,2026-05-18T09:19:49.514386
2,341,0.025985056534409523,2026-05-18T09:19:49.584325
2,342,0.024409441277384758,2026-05-18T09:19:49.656361
2,343,0.027941402047872543,2026-05-18T09:19:49.729759
2,344,0.026910636574029922,2026-05-18T09:19:50.285062
2,345,0.025445319712162018,2026-05-18T09:19:50.356577
2,346,0.029683349654078484,2026-05-18T09:19:50.429680
2,347,0.024263456463813782,2026-05-18T09:19:50.501811
2,348,0.02873762883245945,2026-05-18T09:19:51.221154
2,349,0.0280690249055624,2026-05-18T09:19:51.294051
2,350,0.027055921033024788,2026-05-18T09:19:51.371997
2,351,0.03054075501859188,2026-05-18T09:19:51.448905
2,352,0.03201431408524513,2026-05-18T09:19:52.026710
2,353,0.026154715567827225,2026-05-18T09:19:52.099733
2,354,0.02496795356273651,2026-05-18T09:19:52.171289
2,355,0.028739716857671738,2026-05-18T09:19:52.244701
2,356,0.026774534955620766,2026-05-18T09:19:52.845710
2,357,0.02773399092257023,2026-05-18T09:19:52.918442
2,358,0.02816234715282917,2026-05-18T09:19:52.988813
2,359,0.026925424113869667,2026-05-18T09:19:53.060251
2,360,0.025497114285826683,2026-05-18T09:19:53.588304
2,361,0.027028394863009453,2026-05-18T09:19:53.660407
2,362,0.026502512395381927,2026-05-18T09:19:53.733284
2,363,0.031504031270742416,2026-05-18T09:19:53.806113
2,364,0.02763931080698967,2026-05-18T09:19:54.493374
2,365,0.02688043750822544,2026-05-18T09:19:54.566974
2,366,0.026836613193154335,2026-05-18T09:19:54.643796
2,367,0.024879571050405502,2026-05-18T09:19:54.718714
2,368,0.026684310287237167,2026-05-18T09:19:55.323447
2,369,0.027051521465182304,2026-05-18T09:19:55.396098
2,370,0.03121812269091606,2026-05-18T09:19:55.471382
2,371,0.026902053505182266,2026-05-18T09:19:55.545932
2,372,0.027771465480327606,2026-05-18T09:19:56.212932
2,373,0.02605876885354519,2026-05-18T09:19:56.285964
2,374,0.034278105944395065,2026-05-18T09:19:56.359680
2,375,0.029861725866794586,2026-05-18T09:19:56.434011
2,376,0.027114002034068108,2026-05-18T09:19:57.021748
2,377,0.03126514330506325,2026-05-18T09:19:57.092700
2,378,0.029221687465906143,2026-05-18T09:19:57.167699
2,379,0.03336874395608902,2026-05-18T09:19:57.241690
2,380,0.02873077243566513,2026-05-18T09:19:57.797507
2,381,0.025005636736750603,2026-05-18T09:19:57.872374
2,382,0.026235658675432205,2026-05-18T09:19:57.948028
2,383,0.028918765485286713,2026-05-18T09:19:58.021795
2,384,0.028927050530910492,2026-05-18T09:19:58.840948
2,385,0.025493940338492393,2026-05-18T09:19:58.912682
2,386,0.025825563818216324,2026-05-18T09:19:58.986765
2,387,0.03676729276776314,2026-05-18T09:19:59.063837
2,388,0.027095342054963112,2026-05-18T09:19:59.728779
2,389,0.029361819848418236,2026-05-18T09:19:59.802220
2,390,0.03512900322675705,2026-05-18T09:19:59.876489
2,391,0.02774844318628311,2026-05-18T09:19:59.953405
2,392,0.03097842074930668,2026-05-18T09:20:00.636526
2,393,0.025238772854208946,2026-05-18T09:20:00.709007
2,394,0.029689541086554527,2026-05-18T09:20:00.782122
2,395,0.027028754353523254,2026-05-18T09:20:00.856302
2,396,0.026490379124879837,2026-05-18T09:20:01.544529
2,397,0.029274119064211845,2026-05-18T09:20:01.617666
2,398,0.026482991874217987,2026-05-18T09:20:01.691449
2,399,0.029249543324112892,2026-05-18T09:20:01.766972
2,400,0.027117151767015457,2026-05-18T09:20:02.285153
2,401,0.027762413024902344,2026-05-18T09:20:02.355693
2,402,0.030471669510006905,2026-05-18T09:20:02.437448
2,403,0.024819619953632355,2026-05-18T09:20:02.510478
2,404,0.030073288828134537,2026-05-18T09:20:03.101431
2,405,0.02725801058113575,2026-05-18T09:20:03.171825
2,406,0.028095226734876633,2026-05-18T09:20:03.243725
2,407,0.03083782270550728,2026-05-18T09:20:03.317446
2,408,0.028003299608826637,2026-05-18T09:20:03.873834
2,409,0.031138813123106956,2026-05-18T09:20:03.944848
2,410,0.027048738673329353,2026-05-18T09:20:04.018003
2,411,0.026069937273859978,2026-05-18T09:20:04.090837
2,412,0.029959389939904213,2026-05-18T09:20:04.746264
2,413,0.04152332991361618,2026-05-18T09:20:04.816957
2,414,0.027533171698451042,2026-05-18T09:20:04.891795
2,415,0.026564570143818855,2026-05-18T09:20:04.965550
2,416,0.031410932540893555,2026-05-18T09:20:05.575450
2,417,0.029764460399746895,2026-05-18T09:20:05.650687
2,418,0.02895842306315899,2026-05-18T09:20:05.722220
2,419,0.024099750444293022,2026-05-18T09:20:05.794636
2,420,0.029806621372699738,2026-05-18T09:20:06.363569
2,421,0.02844623476266861,2026-05-18T09:20:06.435004
2,422,0.02818513847887516,2026-05-18T09:20:06.507047
2,423,0.031404394656419754,2026-05-18T09:20:06.579504
2,424,0.027745146304368973,2026-05-18T09:20:07.340482
2,425,0.02767047844827175,2026-05-18T09:20:07.419144
2,426,0.02668032795190811,2026-05-18T09:20:07.493640
2,427,0.026529977098107338,2026-05-18T09:20:07.570887
2,428,0.026274608448147774,2026-05-18T09:20:08.320035
2,429,0.02670114114880562,2026-05-18T09:20:08.394810
2,430,0.025052817538380623,2026-05-18T09:20:08.467753
2,431,0.03543178737163544,2026-05-18T09:20:08.543182
2,432,0.034290049225091934,2026-05-18T09:20:09.640055
2,433,0.02928321436047554,2026-05-18T09:20:09.710441
2,434,0.027282839640975,2026-05-18T09:20:09.782029
2,435,0.031193161383271217,2026-05-18T09:20:09.856984
2,436,0.02935638651251793,2026-05-18T09:20:10.673708
2,437,0.03308430314064026,2026-05-18T09:20:10.744549
2,438,0.026413869112730026,2026-05-18T09:20:10.817410
2,439,0.028912872076034546,2026-05-18T09:20:10.892537
2,440,0.026201294735074043,2026-05-18T09:20:11.568254
2,441,0.02950134314596653,2026-05-18T09:20:11.640487
2,442,0.026452818885445595,2026-05-18T09:20:11.712688
2,443,0.02673899196088314,2026-05-18T09:20:11.786253
2,444,0.02702871523797512,2026-05-18T09:20:12.450898
2,445,0.025439415127038956,2026-05-18T09:20:12.523614
2,446,0.03159724920988083,2026-05-18T09:20:12.595762
2,447,0.028302349150180817,2026-05-18T09:20:12.668556
2,448,0.02973930537700653,2026-05-18T09:20:13.374545
2,449,0.02751460112631321,2026-05-18T09:20:13.448005
2,450,0.028701692819595337,2026-05-18T09:20:13.520687
2,451,0.03359387814998627,2026-05-18T09:20:13.594843
2,452,0.027104990556836128,2026-05-18T09:20:14.221989
2,453,0.02951730415225029,2026-05-18T09:20:14.291868
2,454,0.02756526879966259,2026-05-18T09:20:14.368314
2,455,0.02694053202867508,2026-05-18T09:20:14.441384
2,456,0.028019292280077934,2026-05-18T09:20:15.083329
2,457,0.03235432133078575,2026-05-18T09:20:15.155116
2,458,0.0263629499822855,2026-05-18T09:20:15.227926
2,459,0.02996126562356949,2026-05-18T09:20:15.300582
2,460,0.02696733921766281,2026-05-18T09:20:16.192564
2,461,0.026064885780215263,2026-05-18T09:20:16.261936
2,462,0.030720030888915062,2026-05-18T09:20:16.335512
2,463,0.02694750763475895,2026-05-18T09:20:16.411056
2,464,0.02734764665365219,2026-05-18T09:20:17.152617
2,465,0.029158014804124832,2026-05-18T09:20:17.224686
2,466,0.025628551840782166,2026-05-18T09:20:17.307137
2,467,0.028537381440401077,2026-05-18T09:20:17.384021
2,468,0.029410699382424355,2026-05-18T09:20:18.002724
2,469,0.02742740511894226,2026-05-18T09:20:18.076553
2,470,0.030801916494965553,2026-05-18T09:20:18.156650
2,471,0.029791105538606644,2026-05-18T09:20:18.244709
2,472,0.02902013435959816,2026-05-18T09:20:18.856739
2,473,0.0279050525277853,2026-05-18T09:20:18.928417
2,474,0.024111656472086906,2026-05-18T09:20:19.003239
2,475,0.02877810038626194,2026-05-18T09:20:19.084000
2,476,0.02711617574095726,2026-05-18T09:20:19.870523
2,477,0.03283550590276718,2026-05-18T09:20:19.940466
2,478,0.028987111523747444,2026-05-18T09:20:20.013487
2,479,0.029823603108525276,2026-05-18T09:20:20.085229
2,480,0.02589244209229946,2026-05-18T09:20:20.728883
2,481,0.026570303365588188,2026-05-18T09:20:20.802322
2,482,0.030026812106370926,2026-05-18T09:20:20.875308
2,483,0.024704288691282272,2026-05-18T09:20:20.947426
2,484,0.03369748592376709,2026-05-18T09:20:21.623518
2,485,0.027301538735628128,2026-05-18T09:20:21.696623
2,486,0.03199102357029915,2026-05-18T09:20:21.768932
2,487,0.029937462881207466,2026-05-18T09:20:21.841307
2,488,0.02586166374385357,2026-05-18T09:20:22.328819
2,489,0.029121240600943565,2026-05-18T09:20:22.397232
2,490,0.029909664765000343,2026-05-18T09:20:22.469098
2,491,0.026097772642970085,2026-05-18T09:20:22.542275
2,492,0.02450667694211006,2026-05-18T09:20:23.038361
2,493,0.026658833026885986,2026-05-18T09:20:23.110610
2,494,0.029206322506070137,2026-05-18T09:20:23.183182
2,495,0.02887095883488655,2026-05-18T09:20:23.254894
2,496,0.02609626203775406,2026-05-18T09:20:23.807295
2,497,0.024667276069521904,2026-05-18T09:20:23.879177
2,498,0.029202405363321304,2026-05-18T09:20:23.950561
2,499,0.027869364246726036,2026-05-18T09:20:24.023568
2,500,0.0268243458122015,2026-05-18T09:20:24.468725
2,501,0.027020202949643135,2026-05-18T09:20:24.538780
2,502,0.027125556021928787,2026-05-18T09:20:24.618148
2,503,0.023341385647654533,2026-05-18T09:20:24.691858
2,504,0.03121764212846756,2026-05-18T09:20:25.362985
2,505,0.02715763822197914,2026-05-18T09:20:25.433907
2,506,0.03206527605652809,2026-05-18T09:20:25.505831
2,507,0.027690134942531586,2026-05-18T09:20:25.578783
2,508,0.02669728733599186,2026-05-18T09:20:26.174830
2,509,0.028476333245635033,2026-05-18T09:20:26.247750
2,510,0.026421280577778816,2026-05-18T09:20:26.322354
2,511,0.028639841824769974,2026-05-18T09:20:26.399265
2,512,0.02658967487514019,2026-05-18T09:20:27.045108
2,513,0.02798076719045639,2026-05-18T09:20:27.119323
2,514,0.026016930118203163,2026-05-18T09:20:27.194625
2,515,0.0285102017223835,2026-05-18T09:20:27.269355
2,516,0.02473250776529312,2026-05-18T09:20:27.857719
2,517,0.0315161868929863,2026-05-18T09:20:27.942669
2,518,0.02704501338303089,2026-05-18T09:20:28.016318
2,519,0.027004363015294075,2026-05-18T09:20:28.091453
2,520,0.03830112889409065,2026-05-18T09:20:28.781220
2,521,0.02606753446161747,2026-05-18T09:20:28.853949
2,522,0.03061790019273758,2026-05-18T09:20:28.936074
2,523,0.025550996884703636,2026-05-18T09:20:29.018478
2,524,0.027025530114769936,2026-05-18T09:20:29.785174
2,525,0.03266584873199463,2026-05-18T09:20:29.858074
2,526,0.03001098707318306,2026-05-18T09:20:29.931377
2,527,0.025769418105483055,2026-05-18T09:20:30.005380
2,528,0.03148702532052994,2026-05-18T09:20:30.625073
2,529,0.02907773293554783,2026-05-18T09:20:30.695965
2,530,0.02787628024816513,2026-05-18T09:20:30.771127
2,531,0.029348667711019516,2026-05-18T09:20:30.845134
2,532,0.029807768762111664,2026-05-18T09:20:31.396375
2,533,0.031179988756775856,2026-05-18T09:20:31.468224
2,534,0.03052651882171631,2026-05-18T09:20:31.541784
2,535,0.02706087753176689,2026-05-18T09:20:31.614997
2,536,0.026059331372380257,2026-05-18T09:20:32.304326
2,537,0.023709680885076523,2026-05-18T09:20:32.376712
2,538,0.02740377187728882,2026-05-18T09:20:32.449847
2,539,0.03172416612505913,2026-05-18T09:20:32.523913
2,540,0.029418375343084335,2026-05-18T09:20:33.184779
2,541,0.028649376705288887,2026-05-18T09:20:33.256723
2,542,0.026488402858376503,2026-05-18T09:20:33.330772
2,543,0.027685558423399925,2026-05-18T09:20:33.404532
2,544,0.025147709995508194,2026-05-18T09:20:34.061754
2,545,0.024962106719613075,2026-05-18T09:20:34.132164
2,546,0.02650742046535015,2026-05-18T09:20:34.205938
2,547,0.02669144980609417,2026-05-18T09:20:34.278274
2,548,0.028481729328632355,2026-05-18T09:20:34.824085
2,549,0.025239750742912292,2026-05-18T09:20:34.894663
2,550,0.03420521691441536,2026-05-18T09:20:34.967991
2,551,0.028268033638596535,2026-05-18T09:20:35.041525
2,552,0.02646108902990818,2026-05-18T09:20:35.600666
2,553,0.026112696155905724,2026-05-18T09:20:35.671815
2,554,0.027440153062343597,2026-05-18T09:20:35.744756
2,555,0.028758782893419266,2026-05-18T09:20:35.816999
2,556,0.02866305597126484,2026-05-18T09:20:36.404807
2,557,0.028112303465604782,2026-05-18T09:20:36.477293
2,558,0.02811156027019024,2026-05-18T09:20:36.550129
2,559,0.02775288000702858,2026-05-18T09:20:36.622427
2,560,0.031005384400486946,2026-05-18T09:20:37.182758
2,561,0.027022046968340874,2026-05-18T09:20:37.254548
2,562,0.028111422434449196,2026-05-18T09:20:37.325005
2,563,0.028551597148180008,2026-05-18T09:20:37.402825
2,564,0.027690265327692032,2026-05-18T09:20:38.114609
2,565,0.026046037673950195,2026-05-18T09:20:38.194398
2,566,0.030881838873028755,2026-05-18T09:20:38.266030
2,567,0.025976695120334625,2026-05-18T09:20:38.339859
2,568,0.027599217370152473,2026-05-18T09:20:39.124634
2,569,0.028455544263124466,2026-05-18T09:20:39.200022
2,570,0.032669927924871445,2026-05-18T09:20:39.276614
2,571,0.02737375535070896,2026-05-18T09:20:39.353620
2,572,0.028295699506998062,2026-05-18T09:20:40.353195
2,573,0.026335226371884346,2026-05-18T09:20:40.425588
2,574,0.02638545073568821,2026-05-18T09:20:40.497430
2,575,0.028902815654873848,2026-05-18T09:20:40.573712
2,576,0.026445994153618813,2026-05-18T09:20:41.463963
2,577,0.02742471918463707,2026-05-18T09:20:41.544680
2,578,0.02814646251499653,2026-05-18T09:20:41.621116
2,579,0.02931618131697178,2026-05-18T09:20:41.695267
2,580,0.030193699523806572,2026-05-18T09:20:42.363281
2,581,0.024512646719813347,2026-05-18T09:20:42.438818
2,582,0.030573943629860878,2026-05-18T09:20:42.511239
2,583,0.026161355897784233,2026-05-18T09:20:42.590454
2,584,0.030775442719459534,2026-05-18T09:20:43.458952
2,585,0.029179586097598076,2026-05-18T09:20:43.529802
2,586,0.02667699009180069,2026-05-18T09:20:43.601450
2,587,0.026466045528650284,2026-05-18T09:20:43.674999
2,588,0.027467086911201477,2026-05-18T09:20:44.545329
2,589,0.027928072959184647,2026-05-18T09:20:44.620328
2,590,0.026645490899682045,2026-05-18T09:20:44.698534
2,591,0.02809133380651474,2026-05-18T09:20:44.771370
2,592,0.024804290384054184,2026-05-18T09:20:45.552689
2,593,0.03054250217974186,2026-05-18T09:20:45.623929
2,594,0.026956625282764435,2026-05-18T09:20:45.696872
2,595,0.025912180542945862,2026-05-18T09:20:45.769288
2,596,0.03062528744339943,2026-05-18T09:20:46.517572
2,597,0.03254225105047226,2026-05-18T09:20:46.594260
2,598,0.030485738068819046,2026-05-18T09:20:46.670562
2,599,0.03245425596833229,2026-05-18T09:20:46.743231
2,600,0.027852030470967293,2026-05-18T09:20:47.637598
2,601,0.028317559510469437,2026-05-18T09:20:47.709589
2,602,0.02847220003604889,2026-05-18T09:20:47.793199
2,603,0.026465360075235367,2026-05-18T09:20:47.865197
2,604,0.025769466534256935,2026-05-18T09:20:48.594036
2,605,0.02550945058465004,2026-05-18T09:20:48.665441
2,606,0.03046565130352974,2026-05-18T09:20:48.737305
2,607,0.02766164392232895,2026-05-18T09:20:48.809020
2,608,0.026283681392669678,2026-05-18T09:20:49.438377
2,609,0.030348697677254677,2026-05-18T09:20:49.510233
2,610,0.033289585262537,2026-05-18T09:20:49.582830
2,611,0.03072422184050083,2026-05-18T09:20:49.653329
2,612,0.029938796535134315,2026-05-18T09:20:50.274350
2,613,0.0257814209908247,2026-05-18T09:20:50.359401
2,614,0.0270663034170866,2026-05-18T09:20:50.432956
2,615,0.029300367459654808,2026-05-18T09:20:50.513898
2,616,0.026717323809862137,2026-05-18T09:20:51.333913
2,617,0.02865079790353775,2026-05-18T09:20:51.407311
2,618,0.029428785666823387,2026-05-18T09:20:51.484642
2,619,0.026977021247148514,2026-05-18T09:20:51.560711
2,620,0.03029247559607029,2026-05-18T09:20:52.620193
2,621,0.027626587077975273,2026-05-18T09:20:52.695281
2,622,0.027952605858445168,2026-05-18T09:20:52.775468
2,623,0.03147542104125023,2026-05-18T09:20:52.854335
2,624,0.029051251709461212,2026-05-18T09:20:53.714569
2,625,0.02696172520518303,2026-05-18T09:20:53.786848
2,626,0.0253931675106287,2026-05-18T09:20:53.861842
2,627,0.02963913232088089,2026-05-18T09:20:53.941634
2,628,0.024900946766138077,2026-05-18T09:20:54.577816
2,629,0.030414246022701263,2026-05-18T09:20:54.651337
2,630,0.028459513559937477,2026-05-18T09:20:54.889273
2,631,0.030101774260401726,2026-05-18T09:20:54.961588
2,632,0.030711637809872627,2026-05-18T09:20:55.481023
2,633,0.02867688611149788,2026-05-18T09:20:55.551468
2,634,0.027484308928251266,2026-05-18T09:20:55.659704
2,635,0.03166268393397331,2026-05-18T09:20:55.730484
2,636,0.030000342056155205,2026-05-18T09:20:56.183834
2,637,0.02861916460096836,2026-05-18T09:20:56.254421
2,638,0.026021163910627365,2026-05-18T09:20:56.500300
2,639,0.029049426317214966,2026-05-18T09:20:56.573935
2,640,0.029357030987739563,2026-05-18T09:20:57.286774
2,641,0.028485910966992378,2026-05-18T09:20:57.357050
2,642,0.029633954167366028,2026-05-18T09:20:57.428128
2,643,0.02803342416882515,2026-05-18T09:20:57.503223
2,644,0.02516862563788891,2026-05-18T09:20:58.084020
2,645,0.026919443160295486,2026-05-18T09:20:58.155158
2,646,0.02967986650764942,2026-05-18T09:20:58.229514
2,647,0.028768694028258324,2026-05-18T09:20:58.301526
2,648,0.030423251911997795,2026-05-18T09:20:59.129776
2,649,0.026089930906891823,2026-05-18T09:20:59.203397
2,650,0.024826453998684883,2026-05-18T09:20:59.278941
2,651,0.02539680339396,2026-05-18T09:20:59.355067
2,652,0.029967619106173515,2026-05-18T09:21:00.100474
2,653,0.029270736500620842,2026-05-18T09:21:00.174903
2,654,0.02877023257315159,2026-05-18T09:21:00.249440
2,655,0.029332231730222702,2026-05-18T09:21:00.324310
2,656,0.02421475015580654,2026-05-18T09:21:01.127757
2,657,0.024263504892587662,2026-05-18T09:21:01.201683
2,658,0.025811199098825455,2026-05-18T09:21:01.275994
2,659,0.025598915293812752,2026-05-18T09:21:01.354474
2,660,0.025167938321828842,2026-05-18T09:21:01.994028
2,661,0.03809548169374466,2026-05-18T09:21:02.067421
2,662,0.031471677124500275,2026-05-18T09:21:02.142855
2,663,0.02711337059736252,2026-05-18T09:21:02.219803
2,664,0.029753299430012703,2026-05-18T09:21:02.787869
2,665,0.02869550883769989,2026-05-18T09:21:02.861394
2,666,0.03115403838455677,2026-05-18T09:21:03.074149
2,667,0.024952014908194542,2026-05-18T09:21:03.146374
2,668,0.025344930589199066,2026-05-18T09:21:03.647352
2,669,0.026051891967654228,2026-05-18T09:21:03.719460
2,670,0.027194466441869736,2026-05-18T09:21:03.973359
2,671,0.025927450507879257,2026-05-18T09:21:04.044500
2,672,0.02835971862077713,2026-05-18T09:21:04.534259
2,673,0.025318730622529984,2026-05-18T09:21:04.607567
2,674,0.02907131239771843,2026-05-18T09:21:04.822906
2,675,0.02671843394637108,2026-05-18T09:21:04.894450
2,676,0.03352533280849457,2026-05-18T09:21:05.358211
2,677,0.02859773300588131,2026-05-18T09:21:05.430426
2,678,0.027487292885780334,2026-05-18T09:21:05.644837
2,679,0.027864506468176842,2026-05-18T09:21:05.717034
2,680,0.02859611064195633,2026-05-18T09:21:06.221359
2,681,0.027928713709115982,2026-05-18T09:21:06.290952
2,682,0.029213614761829376,2026-05-18T09:21:06.504594
2,683,0.026150435209274292,2026-05-18T09:21:06.585995
2,684,0.030598685145378113,2026-05-18T09:21:07.015711
2,685,0.029698243364691734,2026-05-18T09:21:07.086635
2,686,0.026444723829627037,2026-05-18T09:21:07.612665
2,687,0.028353530913591385,2026-05-18T09:21:07.687167
2,688,0.02717290073633194,2026-05-18T09:21:07.881623
2,689,0.02808433584868908,2026-05-18T09:21:07.952265
2,690,0.029243366792798042,2026-05-18T09:21:08.328991
2,691,0.02662680298089981,2026-05-18T09:21:08.402155
2,692,0.030802903696894646,2026-05-18T09:21:09.154476
2,693,0.025307314470410347,2026-05-18T09:21:09.225856
2,694,0.027053970843553543,2026-05-18T09:21:09.354484
2,695,0.028154175728559494,2026-05-18T09:21:09.425889
2,696,0.02671806886792183,2026-05-18T09:21:10.126010
2,697,0.033496636897325516,2026-05-18T09:21:10.203486
2,698,0.023807620629668236,2026-05-18T09:21:10.413020
2,699,0.027814563363790512,2026-05-18T09:21:10.490923
2,700,0.02557677961885929,2026-05-18T09:21:11.335169
2,701,0.03138497471809387,2026-05-18T09:21:11.409299
2,702,0.025454673916101456,2026-05-18T09:21:11.583291
2,703,0.033779971301555634,2026-05-18T09:21:11.655567
2,704,0.027276920154690742,2026-05-18T09:21:12.201205
2,705,0.03420405834913254,2026-05-18T09:21:12.395190
2,706,0.029190801084041595,2026-05-18T09:21:12.470833
2,707,0.028008360415697098,2026-05-18T09:21:12.546909
2,708,0.0269993357360363,2026-05-18T09:21:13.225316
2,709,0.03024546429514885,2026-05-18T09:21:13.296543
2,710,0.025301743298768997,2026-05-18T09:21:13.432526
2,711,0.033979497849941254,2026-05-18T09:21:13.511550
2,712,0.0259565282613039,2026-05-18T09:21:14.368508
2,713,0.024704907089471817,2026-05-18T09:21:14.442115
2,714,0.025427937507629395,2026-05-18T09:21:14.668962
2,715,0.02586282603442669,2026-05-18T09:21:14.745307
2,716,0.02674475871026516,2026-05-18T09:21:15.291187
2,717,0.0271241944283247,2026-05-18T09:21:15.457583
2,718,0.025735780596733093,2026-05-18T09:21:15.742577
2,719,0.027855200693011284,2026-05-18T09:21:15.819254
2,720,0.028789779171347618,2026-05-18T09:21:16.138631
2,721,0.0291244275867939,2026-05-18T09:21:16.214131
2,722,0.028341619297862053,2026-05-18T09:21:16.714932
2,723,0.026757026091217995,2026-05-18T09:21:16.787696
2,724,0.027231821790337563,2026-05-18T09:21:16.862326
2,725,0.027394257485866547,2026-05-18T09:21:17.147372
2,726,0.02688469924032688,2026-05-18T09:21:17.670284
2,727,0.024967510253190994,2026-05-18T09:21:17.742336
2,728,0.028608454391360283,2026-05-18T09:21:17.829984
2,729,0.0348999984562397,2026-05-18T09:21:17.947452
2,730,0.026650970801711082,2026-05-18T09:21:18.714565
2,731,0.02656508982181549,2026-05-18T09:21:18.787301
2,732,0.029043154790997505,2026-05-18T09:21:18.861082
2,733,0.027365799993276596,2026-05-18T09:21:18.938137
2,734,0.024714889004826546,2026-05-18T09:21:19.484481
2,735,0.02817162685096264,2026-05-18T09:21:19.554965
2,736,0.025550369173288345,2026-05-18T09:21:19.628103
2,737,0.027837935835123062,2026-05-18T09:21:19.700578
2,738,0.02849271334707737,2026-05-18T09:21:20.557461
2,739,0.026525361463427544,2026-05-18T09:21:20.627704
2,740,0.02919195033609867,2026-05-18T09:21:20.700193
2,741,0.02728312835097313,2026-05-18T09:21:20.773147
2,742,0.026362469419836998,2026-05-18T09:21:21.362866
2,743,0.025880662724375725,2026-05-18T09:21:21.435337
2,744,0.029921598732471466,2026-05-18T09:21:21.508410
2,745,0.028341813012957573,2026-05-18T09:21:21.579421
2,746,0.025594493374228477,2026-05-18T09:21:22.254318
2,747,0.028498223051428795,2026-05-18T09:21:22.324811
2,748,0.026955116540193558,2026-05-18T09:21:22.398268
2,749,0.026523904874920845,2026-05-18T09:21:22.470593
2,750,0.026855597272515297,2026-05-18T09:21:23.091406
2,751,0.02451147325336933,2026-05-18T09:21:23.169062
2,752,0.03161365166306496,2026-05-18T09:21:23.284159
2,753,0.027725914493203163,2026-05-18T09:21:23.376021
2,754,0.02884100005030632,2026-05-18T09:21:24.158249
2,755,0.028607122600078583,2026-05-18T09:21:24.228760
2,756,0.02521011419594288,2026-05-18T09:21:24.304792
2,757,0.0281295794993639,2026-05-18T09:21:24.378214
2,758,0.030182041227817535,2026-05-18T09:21:25.055425
2,759,0.02707037329673767,2026-05-18T09:21:25.128657
2,760,0.028030041605234146,2026-05-18T09:21:25.200447
2,761,0.0322074331343174,2026-05-18T09:21:25.271985
2,762,0.02545817755162716,2026-05-18T09:21:25.852573
2,763,0.027560530230402946,2026-05-18T09:21:25.927656
2,764,0.027725698426365852,2026-05-18T09:21:25.997560
2,765,0.028501935303211212,2026-05-18T09:21:26.072673
2,766,0.025983640924096107,2026-05-18T09:21:26.901300
2,767,0.027642205357551575,2026-05-18T09:21:26.971544
2,768,0.026471318677067757,2026-05-18T09:21:27.047169
2,769,0.02947637252509594,2026-05-18T09:21:27.122493
2,770,0.030839037150144577,2026-05-18T09:21:27.889774
2,771,0.02627158910036087,2026-05-18T09:21:27.959792
2,772,0.028885304927825928,2026-05-18T09:21:28.031804
2,773,0.025487037375569344,2026-05-18T09:21:28.103190
2,774,0.027042124420404434,2026-05-18T09:21:28.762196
2,775,0.0279974527657032,2026-05-18T09:21:28.833712
2,776,0.025426197797060013,2026-05-18T09:21:28.904667
2,777,0.028079042211174965,2026-05-18T09:21:28.979002
2,778,0.028541158884763718,2026-05-18T09:21:29.642484
2,779,0.0272100567817688,2026-05-18T09:21:29.712099
2,780,0.02635127864778042,2026-05-18T09:21:29.785693
2,781,0.02824559435248375,2026-05-18T09:21:29.863725
2,782,0.025835290551185608,2026-05-18T09:21:30.444069
2,783,0.025816045701503754,2026-05-18T09:21:30.514414
2,784,0.02708354778587818,2026-05-18T09:21:30.585758
2,785,0.024981576949357986,2026-05-18T09:21:30.657186
2,786,0.025451842695474625,2026-05-18T09:21:31.060881
2,787,0.028075536713004112,2026-05-18T09:21:31.133540
2,788,0.027581695467233658,2026-05-18T09:21:31.208547
2,789,0.023910697549581528,2026-05-18T09:21:31.284218
2,790,0.025218268856406212,2026-05-18T09:21:31.902272
2,791,0.02869684435427189,2026-05-18T09:21:31.974085
2,792,0.02686542645096779,2026-05-18T09:21:32.050367
2,793,0.030968064442276955,2026-05-18T09:21:32.126116
2,794,0.028724512085318565,2026-05-18T09:21:32.630139
2,795,0.030368080362677574,2026-05-18T09:21:32.703586
2,796,0.02553216926753521,2026-05-18T09:21:32.777914
2,797,0.026635292917490005,2026-05-18T09:21:32.853585
2,798,0.03015841916203499,2026-05-18T09:21:33.537450
2,799,0.03149883449077606,2026-05-18T09:21:33.615400
2,800,0.0259686466306448,2026-05-18T09:21:33.689689
2,801,0.026766089722514153,2026-05-18T09:21:33.764014
2,802,0.03264038637280464,2026-05-18T09:21:34.250993
2,803,0.02579076960682869,2026-05-18T09:21:34.322783
2,804,0.03114892914891243,2026-05-18T09:21:34.397401
2,805,0.03150726482272148,2026-05-18T09:21:34.470450
2,806,0.028821885585784912,2026-05-18T09:21:35.051513
2,807,0.02450479194521904,2026-05-18T09:21:35.122218
2,808,0.028184980154037476,2026-05-18T09:21:35.197037
2,809,0.027955252677202225,2026-05-18T09:21:35.271186
2,810,0.0285493191331625,2026-05-18T09:21:35.842076
2,811,0.02644897997379303,2026-05-18T09:21:35.914679
2,812,0.027484562247991562,2026-05-18T09:21:35.988449
2,813,0.02802862413227558,2026-05-18T09:21:36.061661
2,814,0.027821281924843788,2026-05-18T09:21:36.709345
2,815,0.030842842534184456,2026-05-18T09:21:36.782018
2,816,0.027086732909083366,2026-05-18T09:21:36.854543
2,817,0.02767103537917137,2026-05-18T09:21:36.930231
2,818,0.02711680717766285,2026-05-18T09:21:37.528148
2,819,0.029901355504989624,2026-05-18T09:21:37.599691
2,820,0.028180884197354317,2026-05-18T09:21:37.672906
2,821,0.02763315476477146,2026-05-18T09:21:37.744470
2,822,0.026256907731294632,2026-05-18T09:21:38.428652
2,823,0.029928194358944893,2026-05-18T09:21:38.498669
2,824,0.027904151007533073,2026-05-18T09:21:38.570681
2,825,0.027876082807779312,2026-05-18T09:21:38.643262
2,826,0.028785718604922295,2026-05-18T09:21:39.140981
2,827,0.031146200373768806,2026-05-18T09:21:39.212146
2,828,0.026194654405117035,2026-05-18T09:21:39.286996
2,829,0.028527716174721718,2026-05-18T09:21:39.359505
2,830,0.02922952175140381,2026-05-18T09:21:39.976241
2,831,0.024318775162100792,2026-05-18T09:21:40.046789
2,832,0.025765493512153625,2026-05-18T09:21:40.119391
2,833,0.0250520221889019,2026-05-18T09:21:40.191696
2,834,0.027496270835399628,2026-05-18T09:21:40.768303
2,835,0.02588728815317154,2026-05-18T09:21:40.839697
2,836,0.02933184988796711,2026-05-18T09:21:40.911902
2,837,0.031033698469400406,2026-05-18T09:21:40.984069
2,838,0.026338975876569748,2026-05-18T09:21:41.553664
2,839,0.028870215639472008,2026-05-18T09:21:41.627285
2,840,0.026867464184761047,2026-05-18T09:21:41.700884
2,841,0.028689349070191383,2026-05-18T09:21:41.772690
2,842,0.029135676100850105,2026-05-18T09:21:42.249793
2,843,0.027695560827851295,2026-05-18T09:21:42.320284
2,844,0.02672736719250679,2026-05-18T09:21:42.392311
2,845,0.02779778651893139,2026-05-18T09:21:42.465496
2,846,0.025359077379107475,2026-05-18T09:21:42.984055
2,847,0.02500225231051445,2026-05-18T09:21:43.054902
2,848,0.03104906529188156,2026-05-18T09:21:43.129762
2,849,0.02867058478295803,2026-05-18T09:21:43.201919
2,850,0.02979336865246296,2026-05-18T09:21:43.623726
2,851,0.027076445519924164,2026-05-18T09:21:43.692600
2,852,0.02903580479323864,2026-05-18T09:21:43.771640
2,853,0.025984179228544235,2026-05-18T09:21:43.844709
2,854,0.025368396192789078,2026-05-18T09:21:44.420472
2,855,0.027074391022324562,2026-05-18T09:21:44.488885
2,856,0.02739412523806095,2026-05-18T09:21:44.560976
2,857,0.027832740917801857,2026-05-18T09:21:44.633177
2,858,0.028451863676309586,2026-05-18T09:21:45.294299
2,859,0.02696305885910988,2026-05-18T09:21:45.363381
2,860,0.029355747625231743,2026-05-18T09:21:45.436200
2,861,0.02564183808863163,2026-05-18T09:21:45.507923
2,862,0.028220610693097115,2026-05-18T09:21:46.163671
2,863,0.028252961114048958,2026-05-18T09:21:46.234226
2,864,0.028761593624949455,2026-05-18T09:21:46.308307
2,865,0.025855466723442078,2026-05-18T09:21:46.385694
2,866,0.028105586767196655,2026-05-18T09:21:47.043902
2,867,0.026342133060097694,2026-05-18T09:21:47.112622
2,868,0.0341293103992939,2026-05-18T09:21:47.184125
2,869,0.02898993529379368,2026-05-18T09:21:47.258496
2,870,0.025895042344927788,2026-05-18T09:21:47.812470
2,871,0.03610655292868614,2026-05-18T09:21:47.883016
2,872,0.02602977491915226,2026-05-18T09:21:47.957284
2,873,0.028976988047361374,2026-05-18T09:21:48.029455
2,874,0.02890622615814209,2026-05-18T09:21:48.671697
2,875,0.02711162157356739,2026-05-18T09:21:48.742509
2,876,0.030195018276572227,2026-05-18T09:21:48.814734
2,877,0.02846018597483635,2026-05-18T09:21:48.887728
2,878,0.0313633494079113,2026-05-18T09:21:49.319828
2,879,0.028216123580932617,2026-05-18T09:21:49.390537
2,880,0.027395036071538925,2026-05-18T09:21:49.461197
2,881,0.02562682144343853,2026-05-18T09:21:49.532880
2,882,0.02820741944015026,2026-05-18T09:21:50.227080
2,883,0.03089297004044056,2026-05-18T09:21:50.297083
2,884,0.02826719358563423,2026-05-18T09:21:50.369847
2,885,0.027597714215517044,2026-05-18T09:21:50.442364
2,886,0.026875020936131477,2026-05-18T09:21:50.981366
2,887,0.02476227656006813,2026-05-18T09:21:51.048776
2,888,0.029578175395727158,2026-05-18T09:21:51.115979
2,889,0.02823585271835327,2026-05-18T09:21:51.187981
2,890,0.02543097361922264,2026-05-18T09:21:51.816648
2,891,0.028734855353832245,2026-05-18T09:21:51.886712
2,892,0.027030620723962784,2026-05-18T09:21:51.958407
2,893,0.03101479448378086,2026-05-18T09:21:52.031304
2,894,0.026775656268000603,2026-05-18T09:21:52.729154
2,895,0.03295224905014038,2026-05-18T09:21:52.800287
2,896,0.03521310165524483,2026-05-18T09:21:52.872216
2,897,0.027736419811844826,2026-05-18T09:21:52.944073
2,898,0.026821516454219818,2026-05-18T09:21:53.502695
2,899,0.03173236548900604,2026-05-18T09:21:53.572955
2,900,0.029725801199674606,2026-05-18T09:21:53.644041
2,901,0.02771615982055664,2026-05-18T09:21:53.717195
2,902,0.033963002264499664,2026-05-18T09:21:54.305757
2,903,0.02616354264318943,2026-05-18T09:21:54.375709
2,904,0.025661243125796318,2026-05-18T09:21:54.449589
2,905,0.03187347203493118,2026-05-18T09:21:54.521113
2,906,0.025255877524614334,2026-05-18T09:21:55.068642
2,907,0.03111959621310234,2026-05-18T09:21:55.139767
2,908,0.032902792096138,2026-05-18T09:21:55.210918
2,909,0.025249755010008812,2026-05-18T09:21:55.282809
2,910,0.029128361493349075,2026-05-18T09:21:55.997296
2,911,0.030997760593891144,2026-05-18T09:21:56.066656
2,912,0.025090806186199188,2026-05-18T09:21:56.138546
2,913,0.02820950374007225,2026-05-18T09:21:56.208774
2,914,0.027307316660881042,2026-05-18T09:21:56.708490
2,915,0.027545355260372162,2026-05-18T09:21:56.777922
2,916,0.025505520403385162,2026-05-18T09:21:56.851111
2,917,0.030930927023291588,2026-05-18T09:21:56.922292
2,918,0.027038859203457832,2026-05-18T09:21:57.437790
2,919,0.03026346117258072,2026-05-18T09:21:57.512188
2,920,0.030700793489813805,2026-05-18T09:21:57.584343
2,921,0.026464924216270447,2026-05-18T09:21:57.656614
2,922,0.031375907361507416,2026-05-18T09:21:58.511324
2,923,0.027499081566929817,2026-05-18T09:21:58.581026
2,924,0.032291997224092484,2026-05-18T09:21:58.656427
2,925,0.027936769649386406,2026-05-18T09:21:58.728685
2,926,0.02602805756032467,2026-05-18T09:21:59.536422
2,927,0.03024997189640999,2026-05-18T09:21:59.608912
2,928,0.02904905565083027,2026-05-18T09:21:59.681672
2,929,0.027892157435417175,2026-05-18T09:21:59.754498
2,930,0.03882936015725136,2026-05-18T09:22:00.192631
2,931,0.024841925129294395,2026-05-18T09:22:00.262818
2,932,0.025484599173069,2026-05-18T09:22:00.335186
2,933,0.02818087302148342,2026-05-18T09:22:00.409852
2,934,0.028261760249733925,2026-05-18T09:22:01.040922
2,935,0.028768060728907585,2026-05-18T09:22:01.109994
2,936,0.0267974603921175,2026-05-18T09:22:01.182151
2,937,0.025329191237688065,2026-05-18T09:22:01.256770
2,938,0.03470754623413086,2026-05-18T09:22:01.996458
2,939,0.026262009516358376,2026-05-18T09:22:02.067252
2,940,0.027033139020204544,2026-05-18T09:22:02.138978
2,941,0.025301529094576836,2026-05-18T09:22:02.210860
2,942,0.030117718502879143,2026-05-18T09:22:03.014869
2,943,0.033749815076589584,2026-05-18T09:22:03.088270
2,944,0.032924819737672806,2026-05-18T09:22:03.163537
2,945,0.03082820028066635,2026-05-18T09:22:03.234628
2,946,0.02739592269062996,2026-05-18T09:22:04.044424
2,947,0.03575291112065315,2026-05-18T09:22:04.117279
2,948,0.025761054828763008,2026-05-18T09:22:04.190674
2,949,0.026734070852398872,2026-05-18T09:22:04.266394
2,950,0.027035648003220558,2026-05-18T09:22:04.920990
2,951,0.02996711991727352,2026-05-18T09:22:04.993754
2,952,0.030014578253030777,2026-05-18T09:22:05.079489
2,953,0.029089992865920067,2026-05-18T09:22:05.153491
2,954,0.02812885120511055,2026-05-18T09:22:05.786912
2,955,0.02791830338537693,2026-05-18T09:22:05.861744
2,956,0.03016321174800396,2026-05-18T09:22:05.936558
2,957,0.03013584204018116,2026-05-18T09:22:06.012599
2,958,0.025676434859633446,2026-05-18T09:22:06.556876
2,959,0.02695954032242298,2026-05-18T09:22:06.631042
2,960,0.029257340356707573,2026-05-18T09:22:06.707423
2,961,0.030059270560741425,2026-05-18T09:22:06.783705
2,962,0.031489256769418716,2026-05-18T09:22:07.247532
2,963,0.027737345546483994,2026-05-18T09:22:07.319497
2,964,0.025651108473539352,2026-05-18T09:22:07.393150
2,965,0.02840196155011654,2026-05-18T09:22:07.467860
2,966,0.02613203413784504,2026-05-18T09:22:08.058563
2,967,0.026606280356645584,2026-05-18T09:22:08.129169
2,968,0.027094528079032898,2026-05-18T09:22:08.203135
2,969,0.02849596180021763,2026-05-18T09:22:08.279049
2,970,0.027877386659383774,2026-05-18T09:22:08.873745
2,971,0.02712913043797016,2026-05-18T09:22:09.033523
2,972,0.02834591269493103,2026-05-18T09:22:09.104521
2,973,0.027352845296263695,2026-05-18T09:22:09.177829
2,974,0.027388744056224823,2026-05-18T09:22:09.865914
2,975,0.026010124012827873,2026-05-18T09:22:09.936958
2,976,0.027639023959636688,2026-05-18T09:22:10.013568
2,977,0.027774835005402565,2026-05-18T09:22:10.086786
2,978,0.02671666070818901,2026-05-18T09:22:10.677598
2,979,0.030700286850333214,2026-05-18T09:22:10.750002
2,980,0.025567416101694107,2026-05-18T09:22:10.825757
2,981,0.032480016350746155,2026-05-18T09:22:10.898779
2,982,0.029676206409931183,2026-05-18T09:22:11.492224
2,983,0.026877501979470253,2026-05-18T09:22:11.566131
2,984,0.027420537546277046,2026-05-18T09:22:11.641161
2,985,0.027201663702726364,2026-05-18T09:22:11.716162
2,986,0.027532918378710747,2026-05-18T09:22:12.259694
2,987,0.03724374994635582,2026-05-18T09:22:12.334318
2,988,0.02935398556292057,2026-05-18T09:22:12.408802
2,989,0.028742292895913124,2026-05-18T09:22:12.482193
2,990,0.029848046600818634,2026-05-18T09:22:12.969672
2,991,0.02486630529165268,2026-05-18T09:22:13.147294
2,992,0.02573663741350174,2026-05-18T09:22:13.217162
2,993,0.030064590275287628,2026-05-18T09:22:13.289350
2,994,0.024691395461559296,2026-05-18T09:22:13.635848
2,995,0.034717656672000885,2026-05-18T09:22:14.018927
2,996,0.02666190266609192,2026-05-18T09:22:14.091172
2,997,0.025803979486227036,2026-05-18T09:22:14.163719
2,998,0.026533788070082664,2026-05-18T09:22:14.320336
2,999,0.028878210112452507,2026-05-18T09:22:14.819433
2,1000,0.030281370505690575,2026-05-18T09:22:14.893660
2,1001,0.02700611762702465,2026-05-18T09:22:14.968705
2,1002,0.02629108913242817,2026-05-18T09:22:15.156683
2,1003,0.029289614409208298,2026-05-18T09:22:15.566702
2,1004,0.027575895190238953,2026-05-18T09:22:15.637028
2,1005,0.02478242851793766,2026-05-18T09:22:15.709686
2,1006,0.029122700914740562,2026-05-18T09:22:15.909953
2,1007,0.030583152547478676,2026-05-18T09:22:16.444216
2,1008,0.02613256499171257,2026-05-18T09:22:16.515102
2,1009,0.02800082042813301,2026-05-18T09:22:16.588155
2,1010,0.026911228895187378,2026-05-18T09:22:16.660285
2,1011,0.027296902611851692,2026-05-18T09:22:17.399084
2,1012,0.028758365660905838,2026-05-18T09:22:17.469744
2,1013,0.025871414691209793,2026-05-18T09:22:17.541062
2,1014,0.023491328582167625,2026-05-18T09:22:17.613702
2,1015,0.029954280704259872,2026-05-18T09:22:18.245067
2,1016,0.029325392097234726,2026-05-18T09:22:18.317177
2,1017,0.027564959600567818,2026-05-18T09:22:18.390340
2,1018,0.028414690867066383,2026-05-18T09:22:18.462766
2,1019,0.02879759483039379,2026-05-18T09:22:19.093460
2,1020,0.02776610665023327,2026-05-18T09:22:19.166575
2,1021,0.025952376425266266,2026-05-18T09:22:19.238150
2,1022,0.029226914048194885,2026-05-18T09:22:19.312233
2,1023,0.024905884638428688,2026-05-18T09:22:19.869590
2,1024,0.025244418531656265,2026-05-18T09:22:19.939610
2,1025,0.026635872200131416,2026-05-18T09:22:20.014577
2,1026,0.027642197906970978,2026-05-18T09:22:20.090843
2,1027,0.030001740902662277,2026-05-18T09:22:20.835106
2,1028,0.02845262549817562,2026-05-18T09:22:20.906434
2,1029,0.026933874934911728,2026-05-18T09:22:20.978936
2,1030,0.02819116972386837,2026-05-18T09:22:21.052055
2,1031,0.028239862993359566,2026-05-18T09:22:21.531967
2,1032,0.025671422481536865,2026-05-18T09:22:21.604232
2,1033,0.026375433430075645,2026-05-18T09:22:21.676459
2,1034,0.026486413553357124,2026-05-18T09:22:21.750601
2,1035,0.029372597113251686,2026-05-18T09:22:22.431754
2,1036,0.02939695492386818,2026-05-18T09:22:22.502935
2,1037,0.027568720281124115,2026-05-18T09:22:22.577752
2,1038,0.026322774589061737,2026-05-18T09:22:22.649308
2,1039,0.025170890614390373,2026-05-18T09:22:23.451640
2,1040,0.032612696290016174,2026-05-18T09:22:23.521010
2,1041,0.026987794786691666,2026-05-18T09:22:23.596633
2,1042,0.028774144127964973,2026-05-18T09:22:23.668708
2,1043,0.029751544818282127,2026-05-18T09:22:24.164937
2,1044,0.03276238963007927,2026-05-18T09:22:24.233012
2,1045,0.0311876330524683,2026-05-18T09:22:24.306030
2,1046,0.02747424691915512,2026-05-18T09:22:24.380509
2,1047,0.03022095374763012,2026-05-18T09:22:25.099114
2,1048,0.03153648599982262,2026-05-18T09:22:25.171651
2,1049,0.02730589359998703,2026-05-18T09:22:25.244001
2,1050,0.029230890795588493,2026-05-18T09:22:25.316221
2,1051,0.03568457067012787,2026-05-18T09:22:25.937401
2,1052,0.025506192818284035,2026-05-18T09:22:26.019747
2,1053,0.0282461978495121,2026-05-18T09:22:26.091364
2,1054,0.027786048129200935,2026-05-18T09:22:26.164385
2,1055,0.02847076766192913,2026-05-18T09:22:26.908708
2,1056,0.028042206540703773,2026-05-18T09:22:26.981174
2,1057,0.029653314501047134,2026-05-18T09:22:27.054645
2,1058,0.0298797395080328,2026-05-18T09:22:27.130220
2,1059,0.024019597098231316,2026-05-18T09:22:27.888305
2,1060,0.030969953164458275,2026-05-18T09:22:27.959280
2,1061,0.024911323562264442,2026-05-18T09:22:28.031890
2,1062,0.026296723634004593,2026-05-18T09:22:28.104502
2,1063,0.02593185193836689,2026-05-18T09:22:28.795579
2,1064,0.02719787508249283,2026-05-18T09:22:28.867947
2,1065,0.023720787838101387,2026-05-18T09:22:28.939721
2,1066,0.030139213427901268,2026-05-18T09:22:29.011590
2,1067,0.026071494445204735,2026-05-18T09:22:29.692999
2,1068,0.03087020292878151,2026-05-18T09:22:29.763632
2,1069,0.027514778077602386,2026-05-18T09:22:29.839442
2,1070,0.025965826585888863,2026-05-18T09:22:29.911806
2,1071,0.02942126989364624,2026-05-18T09:22:30.404482
2,1072,0.03165828436613083,2026-05-18T09:22:30.538682
2,1073,0.03524788096547127,2026-05-18T09:22:30.609395
2,1074,0.026812149211764336,2026-05-18T09:22:30.681673
2,1075,0.028465911746025085,2026-05-18T09:22:31.209072
2,1076,0.02551119215786457,2026-05-18T09:22:31.380819
2,1077,0.03338466212153435,2026-05-18T09:22:31.452029
2,1078,0.02851198799908161,2026-05-18T09:22:31.527336
2,1079,0.03057192638516426,2026-05-18T09:22:32.006810
2,1080,0.027659822255373,2026-05-18T09:22:32.187299
2,1081,0.027360128238797188,2026-05-18T09:22:32.256742
2,1082,0.02620575577020645,2026-05-18T09:22:32.328954
2,1083,0.02695988118648529,2026-05-18T09:22:32.772034
2,1084,0.026468610391020775,2026-05-18T09:22:32.964390
2,1085,0.02548556588590145,2026-05-18T09:22:33.033563
2,1086,0.027695298194885254,2026-05-18T09:22:33.105133
2,1087,0.0257418230175972,2026-05-18T09:22:33.549224
2,1088,0.029718711972236633,2026-05-18T09:22:33.770485
2,1089,0.02712165378034115,2026-05-18T09:22:33.840594
2,1090,0.027959095314145088,2026-05-18T09:22:33.912318
2,1091,0.028625767678022385,2026-05-18T09:22:34.312511
2,1092,0.025369059294462204,2026-05-18T09:22:34.506180
2,1093,0.02979883924126625,2026-05-18T09:22:34.575427
2,1094,0.029881613329052925,2026-05-18T09:22:34.648372
2,1095,0.029304007068276405,2026-05-18T09:22:35.202751
2,1096,0.02408558316528797,2026-05-18T09:22:35.272282
2,1097,0.025642070919275284,2026-05-18T09:22:35.344285
2,1098,0.029243579134345055,2026-05-18T09:22:35.416783
2,1099,0.026201847940683365,2026-05-18T09:22:36.535523
2,1100,0.029958000406622887,2026-05-18T09:22:36.613306
2,1101,0.030877334997057915,2026-05-18T09:22:36.690252
2,1102,0.029596218839287758,2026-05-18T09:22:36.787406
2,1103,0.025210482999682426,2026-05-18T09:22:37.294247
2,1104,0.030144480988383293,2026-05-18T09:22:37.365950
2,1105,0.026170523837208748,2026-05-18T09:22:37.441115
2,1106,0.02844642661511898,2026-05-18T09:22:37.515656
2,1107,0.026937898248434067,2026-05-18T09:22:38.239835
2,1108,0.03173387050628662,2026-05-18T09:22:38.312389
2,1109,0.027297308668494225,2026-05-18T09:22:38.387287
2,1110,0.027464909479022026,2026-05-18T09:22:38.461393
2,1111,0.03185613825917244,2026-05-18T09:22:38.912053
2,1112,0.032403260469436646,2026-05-18T09:22:38.984710
2,1113,0.029373545199632645,2026-05-18T09:22:39.058662
2,1114,0.025365768000483513,2026-05-18T09:22:39.132777
2,1115,0.028166327625513077,2026-05-18T09:22:39.777960
2,1116,0.02937258780002594,2026-05-18T09:22:39.851810
2,1117,0.032304394990205765,2026-05-18T09:22:39.925878
2,1118,0.03720806911587715,2026-05-18T09:22:40.001003
2,1119,0.03215717151761055,2026-05-18T09:22:40.551463
2,1120,0.02941947802901268,2026-05-18T09:22:40.623962
2,1121,0.03401618078351021,2026-05-18T09:22:40.697933
2,1122,0.027309775352478027,2026-05-18T09:22:40.771403
2,1123,0.02577832341194153,2026-05-18T09:22:41.560737
2,1124,0.02786729484796524,2026-05-18T09:22:41.632468
2,1125,0.028802616521716118,2026-05-18T09:22:41.706490
2,1126,0.02747337706387043,2026-05-18T09:22:41.780299
2,1127,0.03015219233930111,2026-05-18T09:22:42.391064
2,1128,0.030585069209337234,2026-05-18T09:22:42.461257
2,1129,0.026611462235450745,2026-05-18T09:22:42.534613
2,1130,0.02599591203033924,2026-05-18T09:22:42.607661
2,1131,0.030389735475182533,2026-05-18T09:22:43.296796
2,1132,0.02803715690970421,2026-05-18T09:22:43.368318
2,1133,0.026690859347581863,2026-05-18T09:22:43.441753
2,1134,0.035084567964076996,2026-05-18T09:22:43.515811
2,1135,0.027224916964769363,2026-05-18T09:22:44.140509
2,1136,0.029242953285574913,2026-05-18T09:22:44.211279
2,1137,0.02917027845978737,2026-05-18T09:22:44.285614
2,1138,0.02741631679236889,2026-05-18T09:22:44.357914
2,1139,0.026509102433919907,2026-05-18T09:22:45.026010
2,1140,0.031181031838059425,2026-05-18T09:22:45.110876
2,1141,0.023935269564390182,2026-05-18T09:22:45.182380
2,1142,0.02987520955502987,2026-05-18T09:22:45.256949
2,1143,0.029281433671712875,2026-05-18T09:22:45.839067
2,1144,0.028342003002762794,2026-05-18T09:22:45.910374
2,1145,0.027262909337878227,2026-05-18T09:22:45.982123
2,1146,0.024689381942152977,2026-05-18T09:22:46.058154
2,1147,0.02592470869421959,2026-05-18T09:22:46.597695
3,0,0.02785101719200611,2026-05-18T09:22:51.624061
3,1,0.02790079079568386,2026-05-18T09:22:51.786869
3,2,0.028281468898057938,2026-05-18T09:22:51.892558
3,3,0.0274943970143795,2026-05-18T09:22:51.971414
3,4,0.031165434047579765,2026-05-18T09:22:52.263302
3,5,0.02574685774743557,2026-05-18T09:22:52.333531
3,6,0.028595438227057457,2026-05-18T09:22:52.494348
3,7,0.02489412948489189,2026-05-18T09:22:52.565156
3,8,0.027477359399199486,2026-05-18T09:22:53.115794
3,9,0.02607399970293045,2026-05-18T09:22:53.186474
3,10,0.02932102046906948,2026-05-18T09:22:53.258238
3,11,0.02694327011704445,2026-05-18T09:22:53.333278
3,12,0.02780945785343647,2026-05-18T09:22:53.857789
3,13,0.025356223806738853,2026-05-18T09:22:53.927708
3,14,0.028468186035752296,2026-05-18T09:22:53.998743
3,15,0.03645872697234154,2026-05-18T09:22:54.070097
3,16,0.024417517706751823,2026-05-18T09:22:54.729736
3,17,0.026284003630280495,2026-05-18T09:22:54.799888
3,18,0.03165052831172943,2026-05-18T09:22:54.871478
3,19,0.02840002439916134,2026-05-18T09:22:54.943102
3,20,0.026756837964057922,2026-05-18T09:22:55.466989
3,21,0.027431394904851913,2026-05-18T09:22:55.535990
3,22,0.025493644177913666,2026-05-18T09:22:55.607669
3,23,0.030950378626585007,2026-05-18T09:22:55.680930
3,24,0.028470683842897415,2026-05-18T09:22:56.156713
3,25,0.02344796061515808,2026-05-18T09:22:56.226706
3,26,0.02816883660852909,2026-05-18T09:22:56.300667
3,27,0.03311663493514061,2026-05-18T09:22:56.371694
3,28,0.02575560286641121,2026-05-18T09:22:56.982244
3,29,0.02794419601559639,2026-05-18T09:22:57.053386
3,30,0.028408091515302658,2026-05-18T09:22:57.124562
3,31,0.02814530022442341,2026-05-18T09:22:57.195817
3,32,0.025539280846714973,2026-05-18T09:22:57.664418
3,33,0.022854920476675034,2026-05-18T09:22:57.735977
3,34,0.028968000784516335,2026-05-18T09:22:57.809886
3,35,0.025706369429826736,2026-05-18T09:22:57.883193
3,36,0.028692379593849182,2026-05-18T09:22:58.349531
3,37,0.026582811027765274,2026-05-18T09:22:58.419302
3,38,0.026987023651599884,2026-05-18T09:22:58.490841
3,39,0.02670096419751644,2026-05-18T09:22:58.562629
3,40,0.027510840445756912,2026-05-18T09:22:59.115851
3,41,0.025143584236502647,2026-05-18T09:22:59.184913
3,42,0.031136933714151382,2026-05-18T09:22:59.257295
3,43,0.033943939954042435,2026-05-18T09:22:59.332448
3,44,0.0248433668166399,2026-05-18T09:22:59.965910
3,45,0.02317199297249317,2026-05-18T09:23:00.037583
3,46,0.03065638616681099,2026-05-18T09:23:00.112850
3,47,0.02516777627170086,2026-05-18T09:23:00.183903
3,48,0.028938086703419685,2026-05-18T09:23:00.759179
3,49,0.02721319906413555,2026-05-18T09:23:00.828034
3,50,0.02752874046564102,2026-05-18T09:23:00.899066
3,51,0.025608079507946968,2026-05-18T09:23:00.971353
3,52,0.030823221430182457,2026-05-18T09:23:01.407739
3,53,0.026463652029633522,2026-05-18T09:23:01.478531
3,54,0.029160283505916595,2026-05-18T09:23:01.558895
3,55,0.02883725054562092,2026-05-18T09:23:01.630418
3,56,0.030393972992897034,2026-05-18T09:23:02.064331
3,57,0.024662472307682037,2026-05-18T09:23:02.132268
3,58,0.028122764080762863,2026-05-18T09:23:02.203583
3,59,0.027604006230831146,2026-05-18T09:23:02.275306
3,60,0.02671174705028534,2026-05-18T09:23:02.788378
3,61,0.02870074287056923,2026-05-18T09:23:02.874556
3,62,0.029205437749624252,2026-05-18T09:23:02.945540
3,63,0.02903970517218113,2026-05-18T09:23:03.019336
3,64,0.02729879505932331,2026-05-18T09:23:03.471384
3,65,0.026718605309724808,2026-05-18T09:23:03.676723
3,66,0.027619337663054466,2026-05-18T09:23:03.747195
3,67,0.025891367346048355,2026-05-18T09:23:03.819388
3,68,0.02834414318203926,2026-05-18T09:23:04.116660
3,69,0.02757844142615795,2026-05-18T09:23:04.518989
3,70,0.028339212760329247,2026-05-18T09:23:04.589090
3,71,0.02798515558242798,2026-05-18T09:23:04.661198
3,72,0.027289623394608498,2026-05-18T09:23:04.860992
3,73,0.02766166813671589,2026-05-18T09:23:05.373618
3,74,0.028067566454410553,2026-05-18T09:23:05.444369
3,75,0.025020722299814224,2026-05-18T09:23:05.516275
3,76,0.024683639407157898,2026-05-18T09:23:05.630159
3,77,0.035197578370571136,2026-05-18T09:23:06.132449
3,78,0.027516569942235947,2026-05-18T09:23:06.203313
3,79,0.031847693026065826,2026-05-18T09:23:06.274817
3,80,0.028055153787136078,2026-05-18T09:23:06.490549
3,81,0.03095659613609314,2026-05-18T09:23:07.032378
3,82,0.02779761143028736,2026-05-18T09:23:07.102134
3,83,0.024962393566966057,2026-05-18T09:23:07.175697
3,84,0.02812580019235611,2026-05-18T09:23:07.333225
3,85,0.029270166531205177,2026-05-18T09:23:07.641944
3,86,0.026389164850115776,2026-05-18T09:23:07.711350
3,87,0.02933833748102188,2026-05-18T09:23:07.782269
3,88,0.025640301406383514,2026-05-18T09:23:08.251721
3,89,0.024268390610814095,2026-05-18T09:23:08.471792
3,90,0.02575332298874855,2026-05-18T09:23:08.541928
3,91,0.03362330049276352,2026-05-18T09:23:08.616033
3,92,0.030394816771149635,2026-05-18T09:23:08.912838
3,93,0.03059024177491665,2026-05-18T09:23:09.250620
3,94,0.028381530195474625,2026-05-18T09:23:09.321835
3,95,0.026153702288866043,2026-05-18T09:23:09.395840
3,96,0.024166228249669075,2026-05-18T09:23:09.612508
3,97,0.02686098776757717,2026-05-18T09:23:10.092132
3,98,0.028957711532711983,2026-05-18T09:23:10.164201
3,99,0.029302461072802544,2026-05-18T09:23:10.238912
3,100,0.026083800941705704,2026-05-18T09:23:10.355989
3,101,0.02634239010512829,2026-05-18T09:23:10.777707
3,102,0.02859385497868061,2026-05-18T09:23:10.852088
3,103,0.03070646896958351,2026-05-18T09:23:10.928085
3,104,0.0246006790548563,2026-05-18T09:23:11.279997
3,105,0.02805732749402523,2026-05-18T09:23:11.637887
3,106,0.02834836021065712,2026-05-18T09:23:11.710519
3,107,0.028200393542647362,2026-05-18T09:23:11.784484
3,108,0.028229577466845512,2026-05-18T09:23:11.934089
3,109,0.030040234327316284,2026-05-18T09:23:12.388986
3,110,0.0275784470140934,2026-05-18T09:23:12.460453
3,111,0.02475321665406227,2026-05-18T09:23:12.534476
3,112,0.027470456436276436,2026-05-18T09:23:12.807992
3,113,0.029964929446578026,2026-05-18T09:23:13.092581
3,114,0.028640711680054665,2026-05-18T09:23:13.164937
3,115,0.02663920633494854,2026-05-18T09:23:13.238220
3,116,0.025522252544760704,2026-05-18T09:23:13.512088
3,117,0.027231652289628983,2026-05-18T09:23:13.939451
3,118,0.027220312505960464,2026-05-18T09:23:14.011660
3,119,0.024747353047132492,2026-05-18T09:23:14.084469
3,120,0.02790241502225399,2026-05-18T09:23:14.200859
3,121,0.024784907698631287,2026-05-18T09:23:14.633874
3,122,0.02662496268749237,2026-05-18T09:23:14.705870
3,123,0.02757544070482254,2026-05-18T09:23:14.778580
3,124,0.028690245002508163,2026-05-18T09:23:14.904357
3,125,0.024902498349547386,2026-05-18T09:23:15.439279
3,126,0.032091911882162094,2026-05-18T09:23:15.512274
3,127,0.02585408464074135,2026-05-18T09:23:15.585074
3,128,0.02818683348596096,2026-05-18T09:23:15.658124
3,129,0.028018146753311157,2026-05-18T09:23:16.315511
3,130,0.02996806800365448,2026-05-18T09:23:16.385660
3,131,0.025893375277519226,2026-05-18T09:23:16.456920
3,132,0.03393597528338432,2026-05-18T09:23:16.529107
3,133,0.030544374138116837,2026-05-18T09:23:17.057555
3,134,0.025098275393247604,2026-05-18T09:23:17.128239
3,135,0.029498735442757607,2026-05-18T09:23:17.200360
3,136,0.027450192719697952,2026-05-18T09:23:17.272438
3,137,0.02627609856426716,2026-05-18T09:23:17.891982
3,138,0.03322676941752434,2026-05-18T09:23:17.965020
3,139,0.02920292317867279,2026-05-18T09:23:18.037749
3,140,0.026604363694787025,2026-05-18T09:23:18.110791
3,141,0.025632131844758987,2026-05-18T09:23:18.570015
3,142,0.028194017708301544,2026-05-18T09:23:18.642238
3,143,0.02919427864253521,2026-05-18T09:23:18.715966
3,144,0.024994997307658195,2026-05-18T09:23:18.788982
3,145,0.0261757243424654,2026-05-18T09:23:19.300264
3,146,0.02828986383974552,2026-05-18T09:23:19.371263
3,147,0.033022914081811905,2026-05-18T09:23:19.445504
3,148,0.025479484349489212,2026-05-18T09:23:19.517956
3,149,0.026261238381266594,2026-05-18T09:23:20.005348
3,150,0.02965458109974861,2026-05-18T09:23:20.074397
3,151,0.027759196236729622,2026-05-18T09:23:20.146521
3,152,0.024029944092035294,2026-05-18T09:23:20.218291
3,153,0.026531636714935303,2026-05-18T09:23:20.741347
3,154,0.027630243450403214,2026-05-18T09:23:20.821480
3,155,0.029582412913441658,2026-05-18T09:23:20.893392
3,156,0.02587343007326126,2026-05-18T09:23:20.966793
3,157,0.028678404167294502,2026-05-18T09:23:21.500815
3,158,0.026443053036928177,2026-05-18T09:23:21.571197
3,159,0.02649076096713543,2026-05-18T09:23:21.645991
3,160,0.03102981671690941,2026-05-18T09:23:21.718076
3,161,0.02707570232450962,2026-05-18T09:23:22.203120
3,162,0.025935353711247444,2026-05-18T09:23:22.272686
3,163,0.030843552201986313,2026-05-18T09:23:22.345151
3,164,0.035570211708545685,2026-05-18T09:23:22.416997
3,165,0.02410716749727726,2026-05-18T09:23:22.943115
3,166,0.026616696268320084,2026-05-18T09:23:23.015288
3,167,0.02594575099647045,2026-05-18T09:23:23.087580
3,168,0.02940504625439644,2026-05-18T09:23:23.162598
3,169,0.02576747164130211,2026-05-18T09:23:23.650115
3,170,0.02509290911257267,2026-05-18T09:23:23.720630
3,171,0.028214920312166214,2026-05-18T09:23:23.791867
3,172,0.02728429064154625,2026-05-18T09:23:23.865739
3,173,0.028960689902305603,2026-05-18T09:23:24.381844
3,174,0.02384861372411251,2026-05-18T09:23:24.450678
3,175,0.02588699758052826,2026-05-18T09:23:24.522446
3,176,0.0323297344148159,2026-05-18T09:23:24.595646
3,177,0.027309663593769073,2026-05-18T09:23:25.190334
3,178,0.025945717468857765,2026-05-18T09:23:25.261671
3,179,0.028234833851456642,2026-05-18T09:23:25.333733
3,180,0.025880547240376472,2026-05-18T09:23:25.406744
3,181,0.03062545135617256,2026-05-18T09:23:26.009964
3,182,0.032709669321775436,2026-05-18T09:23:26.079305
3,183,0.028688065707683563,2026-05-18T09:23:26.150902
3,184,0.026678571477532387,2026-05-18T09:23:26.222245
3,185,0.029096798971295357,2026-05-18T09:23:26.812616
3,186,0.02830209583044052,2026-05-18T09:23:26.883648
3,187,0.02857298217713833,2026-05-18T09:23:26.955030
3,188,0.03176146373152733,2026-05-18T09:23:27.026240
3,189,0.02829102799296379,2026-05-18T09:23:27.616076
3,190,0.028870362788438797,2026-05-18T09:23:27.686313
3,191,0.027505818754434586,2026-05-18T09:23:27.757841
3,192,0.034064143896102905,2026-05-18T09:23:27.829018
3,193,0.026157401502132416,2026-05-18T09:23:28.376126
3,194,0.02449006214737892,2026-05-18T09:23:28.447412
3,195,0.028010230511426926,2026-05-18T09:23:28.518785
3,196,0.029141990467905998,2026-05-18T09:23:28.590693
3,197,0.02811504155397415,2026-05-18T09:23:29.197279
3,198,0.028107283636927605,2026-05-18T09:23:29.268458
3,199,0.03138517588376999,2026-05-18T09:23:29.340013
3,200,0.030100874602794647,2026-05-18T09:23:29.414692
3,201,0.029093490913510323,2026-05-18T09:23:29.895590
3,202,0.03320729732513428,2026-05-18T09:23:29.965898
3,203,0.028722573071718216,2026-05-18T09:23:30.038365
3,204,0.028142767027020454,2026-05-18T09:23:30.117052
3,205,0.023360686376690865,2026-05-18T09:23:30.575881
3,206,0.02747897431254387,2026-05-18T09:23:30.645555
3,207,0.026146013289690018,2026-05-18T09:23:30.718627
3,208,0.028992636129260063,2026-05-18T09:23:30.789710
3,209,0.026065098121762276,2026-05-18T09:23:31.252562
3,210,0.025481246411800385,2026-05-18T09:23:31.326587
3,211,0.03013034164905548,2026-05-18T09:23:31.397706
3,212,0.02812208980321884,2026-05-18T09:23:31.468768
3,213,0.029407337307929993,2026-05-18T09:23:31.985683
3,214,0.027324877679347992,2026-05-18T09:23:32.055701
3,215,0.025942176580429077,2026-05-18T09:23:32.126381
3,216,0.028786107897758484,2026-05-18T09:23:32.197417
3,217,0.028203943744301796,2026-05-18T09:23:32.754970
3,218,0.02497546747326851,2026-05-18T09:23:32.825845
3,219,0.028776545077562332,2026-05-18T09:23:32.897859
3,220,0.02629300206899643,2026-05-18T09:23:32.969212
3,221,0.023163769394159317,2026-05-18T09:23:33.467448
3,222,0.025355247780680656,2026-05-18T09:23:33.540212
3,223,0.034757349640131,2026-05-18T09:23:33.612250
3,224,0.02959948033094406,2026-05-18T09:23:33.683964
3,225,0.030083438381552696,2026-05-18T09:23:34.259118
3,226,0.028756340965628624,2026-05-18T09:23:34.329043
3,227,0.026893658563494682,2026-05-18T09:23:34.400889
3,228,0.030572807416319847,2026-05-18T09:23:34.472384
3,229,0.027785662561655045,2026-05-18T09:23:34.855646
3,230,0.028037093579769135,2026-05-18T09:23:35.120984
3,231,0.0339297316968441,2026-05-18T09:23:35.192171
3,232,0.028867099434137344,2026-05-18T09:23:35.263254
3,233,0.026471564546227455,2026-05-18T09:23:35.448278
3,234,0.029644807800650597,2026-05-18T09:23:35.804932
3,235,0.02701413631439209,2026-05-18T09:23:35.873379
3,236,0.02702905982732773,2026-05-18T09:23:35.945319
3,237,0.026384742930531502,2026-05-18T09:23:36.204546
3,238,0.02788226678967476,2026-05-18T09:23:36.592286
3,239,0.0258603747934103,2026-05-18T09:23:36.662959
3,240,0.028515459969639778,2026-05-18T09:23:36.752557
3,241,0.029879698529839516,2026-05-18T09:23:36.940906
3,242,0.024039410054683685,2026-05-18T09:23:37.415993
3,243,0.02685907669365406,2026-05-18T09:23:37.485739
3,244,0.02782285027205944,2026-05-18T09:23:37.556627
3,245,0.02865155041217804,2026-05-18T09:23:37.689418
3,246,0.024860819801688194,2026-05-18T09:23:38.030067
3,247,0.027042077854275703,2026-05-18T09:23:38.100169
3,248,0.031282588839530945,2026-05-18T09:23:38.269465
3,249,0.028996651992201805,2026-05-18T09:23:38.553660
3,250,0.024918431416153908,2026-05-18T09:23:38.705715
3,251,0.025220496580004692,2026-05-18T09:23:38.779053
3,252,0.03607567399740219,2026-05-18T09:23:39.063399
3,253,0.0260094553232193,2026-05-18T09:23:39.248957
3,254,0.024708809331059456,2026-05-18T09:23:39.406623
3,255,0.024135328829288483,2026-05-18T09:23:39.476784
3,256,0.028880316764116287,2026-05-18T09:23:39.648369
3,257,0.030456658452749252,2026-05-18T09:23:39.942095
3,258,0.025646518915891647,2026-05-18T09:23:40.012241
3,259,0.02731717936694622,2026-05-18T09:23:40.083036
3,260,0.027144664898514748,2026-05-18T09:23:40.516998
3,261,0.03307701647281647,2026-05-18T09:23:40.707016
3,262,0.032125767320394516,2026-05-18T09:23:40.776776
3,263,0.02854541689157486,2026-05-18T09:23:40.847975
3,264,0.02691693603992462,2026-05-18T09:23:41.354990
3,265,0.028981471434235573,2026-05-18T09:23:41.431251
3,266,0.030119864270091057,2026-05-18T09:23:41.508363
3,267,0.030411740764975548,2026-05-18T09:23:41.585586
3,268,0.025872593745589256,2026-05-18T09:23:42.093048
3,269,0.028655176982283592,2026-05-18T09:23:42.166352
3,270,0.03502706065773964,2026-05-18T09:23:42.283427
3,271,0.027248360216617584,2026-05-18T09:23:42.355961
3,272,0.02628808468580246,2026-05-18T09:23:42.996013
3,273,0.027926882728934288,2026-05-18T09:23:43.068047
3,274,0.0296157356351614,2026-05-18T09:23:43.143903
3,275,0.028973491862416267,2026-05-18T09:23:43.219222
3,276,0.026826094835996628,2026-05-18T09:23:43.798384
3,277,0.028140386566519737,2026-05-18T09:23:43.871259
3,278,0.02648068778216839,2026-05-18T09:23:43.965102
3,279,0.027174124494194984,2026-05-18T09:23:44.039721
3,280,0.027794742956757545,2026-05-18T09:23:44.600966
3,281,0.024323945865035057,2026-05-18T09:23:44.684191
3,282,0.027112944051623344,2026-05-18T09:23:44.756598
3,283,0.02597624808549881,2026-05-18T09:23:44.830434
3,284,0.030010396614670753,2026-05-18T09:23:45.466615
3,285,0.03724126145243645,2026-05-18T09:23:45.538768
3,286,0.028353428468108177,2026-05-18T09:23:45.612495
3,287,0.026610620319843292,2026-05-18T09:23:45.686046
3,288,0.026987362653017044,2026-05-18T09:23:46.261506
3,289,0.03691069781780243,2026-05-18T09:23:46.332983
3,290,0.02992352284491062,2026-05-18T09:23:46.405579
3,291,0.02812010981142521,2026-05-18T09:23:46.483534
3,292,0.028448745608329773,2026-05-18T09:23:47.113904
3,293,0.024066412821412086,2026-05-18T09:23:47.185539
3,294,0.023520369082689285,2026-05-18T09:23:47.259645
3,295,0.02896261215209961,2026-05-18T09:23:47.333319
3,296,0.025135591626167297,2026-05-18T09:23:47.851027
3,297,0.027103548869490623,2026-05-18T09:23:47.922394
3,298,0.032956644892692566,2026-05-18T09:23:47.995201
3,299,0.031559791415929794,2026-05-18T09:23:48.068351
3,300,0.029264720156788826,2026-05-18T09:23:48.551207
3,301,0.027472831308841705,2026-05-18T09:23:48.621408
3,302,0.026836177334189415,2026-05-18T09:23:48.867124
3,303,0.02543766051530838,2026-05-18T09:23:48.938676
3,304,0.026669740676879883,2026-05-18T09:23:49.112577
3,305,0.0276497695595026,2026-05-18T09:23:49.183045
3,306,0.02844902314245701,2026-05-18T09:23:49.455865
3,307,0.028906583786010742,2026-05-18T09:23:49.525365
3,308,0.02993650734424591,2026-05-18T09:23:49.942638
3,309,0.026877570897340775,2026-05-18T09:23:50.014583
3,310,0.025372691452503204,2026-05-18T09:23:50.238062
3,311,0.02887870743870735,2026-05-18T09:23:50.308056
3,312,0.02519984170794487,2026-05-18T09:23:50.818570
3,313,0.034224070608615875,2026-05-18T09:23:50.887629
3,314,0.026249129325151443,2026-05-18T09:23:51.001067
3,315,0.025373464450240135,2026-05-18T09:23:51.073537
3,316,0.024696070700883865,2026-05-18T09:23:51.610699
3,317,0.031239977106451988,2026-05-18T09:23:51.682459
3,318,0.026862479746341705,2026-05-18T09:23:51.783025
3,319,0.030655091628432274,2026-05-18T09:23:51.853260
3,320,0.029762132093310356,2026-05-18T09:23:52.337368
3,321,0.02758062444627285,2026-05-18T09:23:52.407841
3,322,0.03065500594675541,2026-05-18T09:23:52.659051
3,323,0.027262819930911064,2026-05-18T09:23:52.728322
3,324,0.026606537401676178,2026-05-18T09:23:53.031237
3,325,0.02617407590150833,2026-05-18T09:23:53.109147
3,326,0.029037918895483017,2026-05-18T09:23:53.571236
3,327,0.02569071389734745,2026-05-18T09:23:53.642171
3,328,0.030964164063334465,2026-05-18T09:23:53.724625
3,329,0.0269267950206995,2026-05-18T09:23:53.796924
3,330,0.024707099422812462,2026-05-18T09:23:54.235183
3,331,0.03564750775694847,2026-05-18T09:23:54.305103
3,332,0.026033861562609673,2026-05-18T09:23:54.552475
3,333,0.030656171962618828,2026-05-18T09:23:54.623962
3,334,0.028109461069107056,2026-05-18T09:23:54.876249
3,335,0.030619945377111435,2026-05-18T09:23:54.945237
3,336,0.02718828245997429,2026-05-18T09:23:55.386293
3,337,0.025134727358818054,2026-05-18T09:23:55.455375
3,338,0.02759896032512188,2026-05-18T09:23:55.696221
3,339,0.02727852389216423,2026-05-18T09:23:55.765885
3,340,0.030484791845083237,2026-05-18T09:23:56.012276
3,341,0.02576759271323681,2026-05-18T09:23:56.081513
3,342,0.026318252086639404,2026-05-18T09:23:56.584312
3,343,0.033966731280088425,2026-05-18T09:23:56.653287
3,344,0.028845328837633133,2026-05-18T09:23:56.726896
3,345,0.026443809270858765,2026-05-18T09:23:56.798435
3,346,0.02835765853524208,2026-05-18T09:23:57.312913
3,347,0.02376244217157364,2026-05-18T09:23:57.385147
3,348,0.027572669088840485,2026-05-18T09:23:57.456990
3,349,0.025235719978809357,2026-05-18T09:23:57.530862
3,350,0.026985667645931244,2026-05-18T09:23:58.017540
3,351,0.025590499863028526,2026-05-18T09:23:58.087573
3,352,0.028280477970838547,2026-05-18T09:23:58.159143
3,353,0.026943590492010117,2026-05-18T09:23:58.230179
3,354,0.029870491474866867,2026-05-18T09:23:58.822052
3,355,0.026720132678747177,2026-05-18T09:23:58.891763
3,356,0.0248416718095541,2026-05-18T09:23:58.962833
3,357,0.025914354249835014,2026-05-18T09:23:59.033686
3,358,0.03358333185315132,2026-05-18T09:23:59.671597
3,359,0.028879981487989426,2026-05-18T09:23:59.740619
3,360,0.0260100606828928,2026-05-18T09:23:59.811997
3,361,0.028732478618621826,2026-05-18T09:23:59.883138
3,362,0.030264945700764656,2026-05-18T09:24:00.314872
3,363,0.026888953521847725,2026-05-18T09:24:00.384962
3,364,0.028299802914261818,2026-05-18T09:24:00.455748
3,365,0.02963564358651638,2026-05-18T09:24:00.527028
3,366,0.02621176652610302,2026-05-18T09:24:00.991356
3,367,0.02781570516526699,2026-05-18T09:24:01.063356
3,368,0.0254635289311409,2026-05-18T09:24:01.134209
3,369,0.028387168422341347,2026-05-18T09:24:01.205217
3,370,0.03803659975528717,2026-05-18T09:24:01.624819
3,371,0.026768367737531662,2026-05-18T09:24:01.695255
3,372,0.028392111882567406,2026-05-18T09:24:01.765953
3,373,0.02573680318892002,2026-05-18T09:24:01.838452
3,374,0.029101112857460976,2026-05-18T09:24:02.281584
3,375,0.028824394568800926,2026-05-18T09:24:02.351787
3,376,0.02561832405626774,2026-05-18T09:24:02.425839
3,377,0.028883328661322594,2026-05-18T09:24:02.497743
3,378,0.027382351458072662,2026-05-18T09:24:03.050295
3,379,0.029727159067988396,2026-05-18T09:24:03.122169
3,380,0.02581568993628025,2026-05-18T09:24:03.193052
3,381,0.02551710605621338,2026-05-18T09:24:03.266037
3,382,0.03143401816487312,2026-05-18T09:24:03.713944
3,383,0.028551114723086357,2026-05-18T09:24:03.782036
3,384,0.03190978616476059,2026-05-18T09:24:03.852645
3,385,0.02636205218732357,2026-05-18T09:24:03.924573
3,386,0.027469452470541,2026-05-18T09:24:04.467783
3,387,0.026769112795591354,2026-05-18T09:24:04.538281
3,388,0.028529861941933632,2026-05-18T09:24:04.610704
3,389,0.02635488472878933,2026-05-18T09:24:04.681768
3,390,0.026388270780444145,2026-05-18T09:24:05.051617
3,391,0.027403628453612328,2026-05-18T09:24:05.195838
3,392,0.025992203503847122,2026-05-18T09:24:05.265546
3,393,0.02859514392912388,2026-05-18T09:24:05.376106
3,394,0.024233154952526093,2026-05-18T09:24:05.795968
3,395,0.02993558533489704,2026-05-18T09:24:05.982228
3,396,0.026666821911931038,2026-05-18T09:24:06.052555
3,397,0.025333361700177193,2026-05-18T09:24:06.123884
3,398,0.025970125570893288,2026-05-18T09:24:06.514396
3,399,0.02712971530854702,2026-05-18T09:24:06.711051
3,400,0.030002044513821602,2026-05-18T09:24:06.780740
3,401,0.024472704157233238,2026-05-18T09:24:06.854610
3,402,0.02661929652094841,2026-05-18T09:24:07.312025
3,403,0.0299081951379776,2026-05-18T09:24:07.395873
3,404,0.030440161004662514,2026-05-18T09:24:07.473347
3,405,0.028903502970933914,2026-05-18T09:24:07.544663
3,406,0.031150510534644127,2026-05-18T09:24:08.030841
3,407,0.026774631813168526,2026-05-18T09:24:08.100375
3,408,0.026566453278064728,2026-05-18T09:24:08.220559
3,409,0.03309385105967522,2026-05-18T09:24:08.292616
3,410,0.02605060115456581,2026-05-18T09:24:08.780280
3,411,0.02532878890633583,2026-05-18T09:24:08.849656
3,412,0.029746565967798233,2026-05-18T09:24:08.942407
3,413,0.030689649283885956,2026-05-18T09:24:09.013192
3,414,0.02985350601375103,2026-05-18T09:24:09.615526
3,415,0.03599121421575546,2026-05-18T09:24:09.685387
3,416,0.02708618715405464,2026-05-18T09:24:09.757413
3,417,0.029954085126519203,2026-05-18T09:24:09.829347
3,418,0.02828865870833397,2026-05-18T09:24:10.241098
3,419,0.023691944777965546,2026-05-18T09:24:10.359070
3,420,0.0311728585511446,2026-05-18T09:24:10.469011
3,421,0.024836618453264236,2026-05-18T09:24:10.538651
3,422,0.03153477981686592,2026-05-18T09:24:11.084287
3,423,0.026398668065667152,2026-05-18T09:24:11.158238
3,424,0.029662275686860085,2026-05-18T09:24:11.318077
3,425,0.028299668803811073,2026-05-18T09:24:11.391335
3,426,0.024924511089920998,2026-05-18T09:24:11.681502
3,427,0.02865181677043438,2026-05-18T09:24:11.939668
3,428,0.03264370560646057,2026-05-18T09:24:12.055940
3,429,0.02703854814171791,2026-05-18T09:24:12.125569
3,430,0.03022383153438568,2026-05-18T09:24:12.272702
3,431,0.03007802926003933,2026-05-18T09:24:12.632758
3,432,0.025583062320947647,2026-05-18T09:24:12.799836
3,433,0.03089967556297779,2026-05-18T09:24:12.870843
3,434,0.025899585336446762,2026-05-18T09:24:12.979246
3,435,0.028872288763523102,2026-05-18T09:24:13.262229
3,436,0.027174560353159904,2026-05-18T09:24:13.642843
3,437,0.03122003749012947,2026-05-18T09:24:13.713285
3,438,0.02973949909210205,2026-05-18T09:24:13.783946
3,439,0.031115084886550903,2026-05-18T09:24:13.912585
3,440,0.028027787804603577,2026-05-18T09:24:14.460928
3,441,0.023996414616703987,2026-05-18T09:24:14.533196
3,442,0.02681034803390503,2026-05-18T09:24:14.609960
3,443,0.024857334792613983,2026-05-18T09:24:14.684650
3,444,0.024726925417780876,2026-05-18T09:24:15.261543
3,445,0.028964728116989136,2026-05-18T09:24:15.335409
3,446,0.024673691019415855,2026-05-18T09:24:15.411001
3,447,0.03148781135678291,2026-05-18T09:24:15.488211
3,448,0.031051428988575935,2026-05-18T09:24:15.969317
3,449,0.027290673926472664,2026-05-18T09:24:16.041582
3,450,0.025983082130551338,2026-05-18T09:24:16.117747
3,451,0.027506597340106964,2026-05-18T09:24:16.192124
3,452,0.02836749143898487,2026-05-18T09:24:16.627332
3,453,0.02790299616754055,2026-05-18T09:24:16.698470
3,454,0.02838681824505329,2026-05-18T09:24:16.781091
3,455,0.03265224024653435,2026-05-18T09:24:16.854853
3,456,0.028579439967870712,2026-05-18T09:24:17.325032
3,457,0.02573605813086033,2026-05-18T09:24:17.396941
3,458,0.03111892193555832,2026-05-18T09:24:17.503617
3,459,0.024601591750979424,2026-05-18T09:24:17.657204
3,460,0.028646210208535194,2026-05-18T09:24:18.072317
3,461,0.0295016597956419,2026-05-18T09:24:18.143881
3,462,0.030014442279934883,2026-05-18T09:24:18.217210
3,463,0.02724258415400982,2026-05-18T09:24:18.534924
3,464,0.025596601888537407,2026-05-18T09:24:18.952464
3,465,0.026057451963424683,2026-05-18T09:24:19.023054
3,466,0.031727828085422516,2026-05-18T09:24:19.098549
3,467,0.025202039629220963,2026-05-18T09:24:19.277505
3,468,0.025800494477152824,2026-05-18T09:24:19.786383
3,469,0.026839422062039375,2026-05-18T09:24:19.857886
3,470,0.026862958446145058,2026-05-18T09:24:19.930343
3,471,0.029763882979750633,2026-05-18T09:24:20.075188
3,472,0.031835008412599564,2026-05-18T09:24:20.609688
3,473,0.0307645071297884,2026-05-18T09:24:20.682851
3,474,0.028218282386660576,2026-05-18T09:24:20.755807
3,475,0.02623618021607399,2026-05-18T09:24:20.940912
3,476,0.029076317325234413,2026-05-18T09:24:21.270772
3,477,0.026692671701312065,2026-05-18T09:24:21.341875
3,478,0.031575269997119904,2026-05-18T09:24:21.414842
3,479,0.026035884395241737,2026-05-18T09:24:21.763428
3,480,0.02615188993513584,2026-05-18T09:24:22.088959
3,481,0.0267085749655962,2026-05-18T09:24:22.160727
3,482,0.026945535093545914,2026-05-18T09:24:22.232208
3,483,0.02714887633919716,2026-05-18T09:24:22.526307
3,484,0.0325482115149498,2026-05-18T09:24:22.716282
3,485,0.026363855227828026,2026-05-18T09:24:22.787803
3,486,0.025980748236179352,2026-05-18T09:24:22.867104
3,487,0.027916306629776955,2026-05-18T09:24:23.320864
3,488,0.02779202349483967,2026-05-18T09:24:23.529495
3,489,0.030128933489322662,2026-05-18T09:24:23.601898
3,490,0.030452778562903404,2026-05-18T09:24:23.673690
3,491,0.02988702617585659,2026-05-18T09:24:24.036593
3,492,0.030214929953217506,2026-05-18T09:24:24.225150
3,493,0.026558171957731247,2026-05-18T09:24:24.295294
3,494,0.02608639746904373,2026-05-18T09:24:24.465603
3,495,0.030395319685339928,2026-05-18T09:24:24.734813
3,496,0.02686476521193981,2026-05-18T09:24:24.990338
3,497,0.03394085168838501,2026-05-18T09:24:25.060273
3,498,0.02892986685037613,2026-05-18T09:24:25.265357
3,499,0.0326894074678421,2026-05-18T09:24:25.344838
3,500,0.03169970214366913,2026-05-18T09:24:25.718830
3,501,0.02969706989824772,2026-05-18T09:24:25.790137
3,502,0.03270599991083145,2026-05-18T09:24:26.174945
3,503,0.027158616110682487,2026-05-18T09:24:26.243480
3,504,0.02515808865427971,2026-05-18T09:24:26.528398
3,505,0.02739892341196537,2026-05-18T09:24:26.597755
3,506,0.02998201549053192,2026-05-18T09:24:26.962503
3,507,0.028986705467104912,2026-05-18T09:24:27.031668
3,508,0.027866948395967484,2026-05-18T09:24:27.244498
3,509,0.029573889449238777,2026-05-18T09:24:27.374759
3,510,0.02784598059952259,2026-05-18T09:24:27.711187
3,511,0.028236106038093567,2026-05-18T09:24:27.897292
3,512,0.029293213039636612,2026-05-18T09:24:27.983389
3,513,0.02509596198797226,2026-05-18T09:24:28.229525
3,514,0.025697806850075722,2026-05-18T09:24:28.524164
3,515,0.026437394320964813,2026-05-18T09:24:28.649260
3,516,0.03080819360911846,2026-05-18T09:24:28.720700
3,517,0.028203021734952927,2026-05-18T09:24:28.870267
3,518,0.025950128212571144,2026-05-18T09:24:29.274909
3,519,0.027942124754190445,2026-05-18T09:24:29.345759
3,520,0.031505171209573746,2026-05-18T09:24:29.550857
3,521,0.027728723362088203,2026-05-18T09:24:29.625820
3,522,0.030522795394062996,2026-05-18T09:24:30.180810
3,523,0.02952231839299202,2026-05-18T09:24:30.252141
3,524,0.031238386407494545,2026-05-18T09:24:30.443733
3,525,0.03285657614469528,2026-05-18T09:24:30.717107
3,526,0.027523592114448547,2026-05-18T09:24:30.926931
3,527,0.02721911296248436,2026-05-18T09:24:31.088026
3,528,0.02715960517525673,2026-05-18T09:24:31.259462
3,529,0.02623341977596283,2026-05-18T09:24:31.457628
3,530,0.0304032601416111,2026-05-18T09:24:31.777373
3,531,0.028314515948295593,2026-05-18T09:24:31.848109
3,532,0.025196999311447144,2026-05-18T09:24:31.953501
3,533,0.026212455704808235,2026-05-18T09:24:32.166919
3,534,0.02705950289964676,2026-05-18T09:24:32.610625
3,535,0.03043581359088421,2026-05-18T09:24:32.680402
3,536,0.026276560500264168,2026-05-18T09:24:32.753289
3,537,0.024589719250798225,2026-05-18T09:24:32.993084
3,538,0.02691367082297802,2026-05-18T09:24:33.260690
3,539,0.03237073868513107,2026-05-18T09:24:33.332507
3,540,0.029298439621925354,2026-05-18T09:24:33.594380
3,541,0.027640284970402718,2026-05-18T09:24:33.712211
3,542,0.03340001404285431,2026-05-18T09:24:34.016255
3,543,0.02727883867919445,2026-05-18T09:24:34.149246
3,544,0.027108030393719673,2026-05-18T09:24:34.502473
3,545,0.029956353828310966,2026-05-18T09:24:34.572326
3,546,0.02549997717142105,2026-05-18T09:24:34.885128
3,547,0.03009939379990101,2026-05-18T09:24:34.955365
3,548,0.029662882909178734,2026-05-18T09:24:35.439192
3,549,0.03094947524368763,2026-05-18T09:24:35.508947
3,550,0.025440001860260963,2026-05-18T09:24:35.683351
3,551,0.02534126117825508,2026-05-18T09:24:35.754832
3,552,0.031555771827697754,2026-05-18T09:24:36.187694
3,553,0.025362031534314156,2026-05-18T09:24:36.256687
3,554,0.029468873515725136,2026-05-18T09:24:36.438038
3,555,0.029402846470475197,2026-05-18T09:24:36.653555
3,556,0.029861243441700935,2026-05-18T09:24:36.898649
3,557,0.02749333716928959,2026-05-18T09:24:37.064770
3,558,0.03656226024031639,2026-05-18T09:24:37.135851
3,559,0.030520552769303322,2026-05-18T09:24:37.490327
3,560,0.029609734192490578,2026-05-18T09:24:37.811417
3,561,0.028231453150510788,2026-05-18T09:24:37.880148
3,562,0.027163326740264893,2026-05-18T09:24:37.965082
3,563,0.026750825345516205,2026-05-18T09:24:38.352599
3,564,0.02659756690263748,2026-05-18T09:24:38.647636
3,565,0.027177779003977776,2026-05-18T09:24:38.731341
3,566,0.02613642066717148,2026-05-18T09:24:38.805333
3,567,0.02660919725894928,2026-05-18T09:24:39.116260
3,568,0.030421031638979912,2026-05-18T09:24:39.532626
3,569,0.025352874770760536,2026-05-18T09:24:39.602698
3,570,0.032222941517829895,2026-05-18T09:24:39.674239
3,571,0.02893679030239582,2026-05-18T09:24:39.842069
3,572,0.026057938113808632,2026-05-18T09:24:40.209959
3,573,0.026187673211097717,2026-05-18T09:24:40.281461
3,574,0.02981247752904892,2026-05-18T09:24:40.368612
3,575,0.03285249322652817,2026-05-18T09:24:40.656131
3,576,0.029522191733121872,2026-05-18T09:24:41.083157
3,577,0.02678908035159111,2026-05-18T09:24:41.152568
3,578,0.030338697135448456,2026-05-18T09:24:41.226124
3,579,0.03376705199480057,2026-05-18T09:24:41.527861
3,580,0.02954256348311901,2026-05-18T09:24:41.950133
3,581,0.02867119014263153,2026-05-18T09:24:42.019362
3,582,0.02909737452864647,2026-05-18T09:24:42.095178
3,583,0.029002126306295395,2026-05-18T09:24:42.417574
3,584,0.03127575293183327,2026-05-18T09:24:42.624100
3,585,0.02485848404467106,2026-05-18T09:24:42.741202
3,586,0.03053763508796692,2026-05-18T09:24:42.817884
3,587,0.028340358287096024,2026-05-18T09:24:43.197359
3,588,0.024869689717888832,2026-05-18T09:24:43.361877
3,589,0.028206536546349525,2026-05-18T09:24:43.617295
3,590,0.02758210152387619,2026-05-18T09:24:43.688168
3,591,0.03342197835445404,2026-05-18T09:24:43.966225
3,592,0.02703407034277916,2026-05-18T09:24:44.219253
3,593,0.02508358657360077,2026-05-18T09:24:44.575412
3,594,0.029165253043174744,2026-05-18T09:24:44.646336
3,595,0.02758266218006611,2026-05-18T09:24:44.852242
3,596,0.02764734998345375,2026-05-18T09:24:45.143303
3,597,0.02603183686733246,2026-05-18T09:24:45.424659
3,598,0.026644861325621605,2026-05-18T09:24:45.493882
3,599,0.03475769981741905,2026-05-18T09:24:45.750790
3,600,0.027760731056332588,2026-05-18T09:24:46.071323
3,601,0.027147751301527023,2026-05-18T09:24:46.143330
3,602,0.03273225575685501,2026-05-18T09:24:46.219272
3,603,0.029486222192645073,2026-05-18T09:24:46.666038
3,604,0.02982599101960659,2026-05-18T09:24:47.115514
3,605,0.025173956528306007,2026-05-18T09:24:47.188928
3,606,0.024364199489355087,2026-05-18T09:24:47.262439
3,607,0.030008545145392418,2026-05-18T09:24:47.627318
3,608,0.028531918302178383,2026-05-18T09:24:48.104779
3,609,0.027705956250429153,2026-05-18T09:24:48.177527
3,610,0.02536364644765854,2026-05-18T09:24:48.251451
3,611,0.02845381200313568,2026-05-18T09:24:48.547327
3,612,0.029270218685269356,2026-05-18T09:24:49.011746
3,613,0.026985548436641693,2026-05-18T09:24:49.081979
3,614,0.0328817218542099,2026-05-18T09:24:49.155399
3,615,0.029333332553505898,2026-05-18T09:24:49.317505
3,616,0.031557727605104446,2026-05-18T09:24:49.780361
3,617,0.03321313112974167,2026-05-18T09:24:49.851957
3,618,0.027692019939422607,2026-05-18T09:24:49.925351
3,619,0.029479961842298508,2026-05-18T09:24:50.370008
3,620,0.02679642103612423,2026-05-18T09:24:50.623841
3,621,0.029332978650927544,2026-05-18T09:24:50.696144
3,622,0.030863016843795776,2026-05-18T09:24:50.770223
3,623,0.024086056277155876,2026-05-18T09:24:51.197482
3,624,0.026795951649546623,2026-05-18T09:24:51.493869
3,625,0.0250240545719862,2026-05-18T09:24:51.564625
3,626,0.029991477727890015,2026-05-18T09:24:51.637901
3,627,0.02914716675877571,2026-05-18T09:24:51.890031
3,628,0.025484735146164894,2026-05-18T09:24:52.236607
3,629,0.03690795600414276,2026-05-18T09:24:52.307669
3,630,0.027909908443689346,2026-05-18T09:24:52.380862
3,631,0.026487262919545174,2026-05-18T09:24:52.776717
3,632,0.029678603634238243,2026-05-18T09:24:53.120256
3,633,0.029052328318357468,2026-05-18T09:24:53.190617
3,634,0.024805443361401558,2026-05-18T09:24:53.262931
3,635,0.024177491664886475,2026-05-18T09:24:53.533924
3,636,0.0322854220867157,2026-05-18T09:24:53.979277
3,637,0.0283577349036932,2026-05-18T09:24:54.050004
3,638,0.025324014946818352,2026-05-18T09:24:54.122040
3,639,0.02637893334031105,2026-05-18T09:24:54.322954
3,640,0.025900747627019882,2026-05-18T09:24:54.872575
3,641,0.029818251729011536,2026-05-18T09:24:54.945238
3,642,0.02588099054992199,2026-05-18T09:24:55.017872
3,643,0.027795931324362755,2026-05-18T09:24:55.089886
3,644,0.030296755954623222,2026-05-18T09:24:55.877198
3,645,0.029030874371528625,2026-05-18T09:24:55.949624
3,646,0.026071516796946526,2026-05-18T09:24:56.021871
3,647,0.027630232274532318,2026-05-18T09:24:56.094126
3,648,0.027546586468815804,2026-05-18T09:24:56.718072
3,649,0.02584882639348507,2026-05-18T09:24:56.788604
3,650,0.025623744353652,2026-05-18T09:24:56.861840
3,651,0.028796549886465073,2026-05-18T09:24:56.933470
3,652,0.02787059359252453,2026-05-18T09:24:57.621272
3,653,0.025442203506827354,2026-05-18T09:24:57.691260
3,654,0.030700208619236946,2026-05-18T09:24:57.779357
3,655,0.02601090632379055,2026-05-18T09:24:57.854616
3,656,0.031102269887924194,2026-05-18T09:24:58.511873
3,657,0.025652257725596428,2026-05-18T09:24:58.583765
3,658,0.028821974992752075,2026-05-18T09:24:58.656336
3,659,0.025239884853363037,2026-05-18T09:24:58.727683
3,660,0.028094490990042686,2026-05-18T09:24:59.217752
3,661,0.025848055258393288,2026-05-18T09:24:59.287106
3,662,0.026380125433206558,2026-05-18T09:24:59.359238
3,663,0.03003810904920101,2026-05-18T09:24:59.450887
3,664,0.032298535108566284,2026-05-18T09:25:00.017037
3,665,0.026250462979078293,2026-05-18T09:25:00.088104
3,666,0.026185277849435806,2026-05-18T09:25:00.159655
3,667,0.02281220443546772,2026-05-18T09:25:00.232744
3,668,0.024796271696686745,2026-05-18T09:25:00.997855
3,669,0.03196347504854202,2026-05-18T09:25:01.068108
3,670,0.02389068342745304,2026-05-18T09:25:01.142382
3,671,0.027877921238541603,2026-05-18T09:25:01.213903
3,672,0.027468275278806686,2026-05-18T09:25:01.752708
3,673,0.025096384808421135,2026-05-18T09:25:01.821329
3,674,0.03584849461913109,2026-05-18T09:25:01.893025
3,675,0.02631174959242344,2026-05-18T09:25:01.965530
3,676,0.024679049849510193,2026-05-18T09:25:02.693259
3,677,0.024647152051329613,2026-05-18T09:25:02.766178
3,678,0.026416223496198654,2026-05-18T09:25:02.837954
3,679,0.026835132390260696,2026-05-18T09:25:02.909553
3,680,0.02749285288155079,2026-05-18T09:25:03.484288
3,681,0.029636571183800697,2026-05-18T09:25:03.554102
3,682,0.02509642392396927,2026-05-18T09:25:03.625260
3,683,0.026990525424480438,2026-05-18T09:25:03.699711
3,684,0.030863141641020775,2026-05-18T09:25:04.461999
3,685,0.0282237958163023,2026-05-18T09:25:04.531943
3,686,0.02494446560740471,2026-05-18T09:25:04.603236
3,687,0.02976411208510399,2026-05-18T09:25:04.674423
3,688,0.027158062905073166,2026-05-18T09:25:05.360727
3,689,0.025938764214515686,2026-05-18T09:25:05.430083
3,690,0.027385272085666656,2026-05-18T09:25:05.502429
3,691,0.02598201483488083,2026-05-18T09:25:05.575351
3,692,0.028534531593322754,2026-05-18T09:25:06.314870
3,693,0.02929922565817833,2026-05-18T09:25:06.384421
3,694,0.026355911046266556,2026-05-18T09:25:06.455888
3,695,0.02912922576069832,2026-05-18T09:25:06.527002
3,696,0.03711692616343498,2026-05-18T09:25:07.221052
3,697,0.023731786757707596,2026-05-18T09:25:07.290366
3,698,0.026974936947226524,2026-05-18T09:25:07.361725
3,699,0.029214730486273766,2026-05-18T09:25:07.437872
3,700,0.026156127452850342,2026-05-18T09:25:08.031728
3,701,0.031941968947649,2026-05-18T09:25:08.101800
3,702,0.026361292228102684,2026-05-18T09:25:08.174142
3,703,0.025445731356739998,2026-05-18T09:25:08.244954
3,704,0.024254867807030678,2026-05-18T09:25:09.044830
3,705,0.027458498254418373,2026-05-18T09:25:09.114736
3,706,0.028602397069334984,2026-05-18T09:25:09.185725
3,707,0.030440254136919975,2026-05-18T09:25:09.256772
3,708,0.028546875342726707,2026-05-18T09:25:09.738385
3,709,0.029212208464741707,2026-05-18T09:25:09.808255
3,710,0.02571452595293522,2026-05-18T09:25:09.879522
3,711,0.027655428275465965,2026-05-18T09:25:09.950659
3,712,0.02926960028707981,2026-05-18T09:25:10.455433
3,713,0.027065731585025787,2026-05-18T09:25:10.525668
3,714,0.03108879365026951,2026-05-18T09:25:10.597634
3,715,0.024700723588466644,2026-05-18T09:25:10.669014
3,716,0.02651129476726055,2026-05-18T09:25:11.196671
3,717,0.03239744156599045,2026-05-18T09:25:11.270507
3,718,0.030626416206359863,2026-05-18T09:25:11.340473
3,719,0.024775812402367592,2026-05-18T09:25:11.412978
3,720,0.026622207835316658,2026-05-18T09:25:11.979203
3,721,0.03149182349443436,2026-05-18T09:25:12.050967
3,722,0.03170878067612648,2026-05-18T09:25:12.122684
3,723,0.02765805274248123,2026-05-18T09:25:12.193860
3,724,0.02985895425081253,2026-05-18T09:25:12.828534
3,725,0.02804979309439659,2026-05-18T09:25:12.900561
3,726,0.028978167101740837,2026-05-18T09:25:12.973548
3,727,0.024716168642044067,2026-05-18T09:25:13.044644
3,728,0.027259547263383865,2026-05-18T09:25:13.740862
3,729,0.02541728876531124,2026-05-18T09:25:13.809650
3,730,0.030236169695854187,2026-05-18T09:25:13.881120
3,731,0.028420576825737953,2026-05-18T09:25:13.953199
3,732,0.024737749248743057,2026-05-18T09:25:14.800554
3,733,0.029790500178933144,2026-05-18T09:25:14.873952
3,734,0.026174457743763924,2026-05-18T09:25:14.944865
3,735,0.025595808401703835,2026-05-18T09:25:15.016166
3,736,0.024794388562440872,2026-05-18T09:25:15.667463
3,737,0.023769386112689972,2026-05-18T09:25:15.738276
3,738,0.02801230177283287,2026-05-18T09:25:15.809073
3,739,0.02672499604523182,2026-05-18T09:25:15.882550
3,740,0.027469441294670105,2026-05-18T09:25:16.452003
3,741,0.028206154704093933,2026-05-18T09:25:16.521487
3,742,0.02755820006132126,2026-05-18T09:25:16.594435
3,743,0.028643522411584854,2026-05-18T09:25:16.670928
3,744,0.031986720860004425,2026-05-18T09:25:17.276865
3,745,0.028712937608361244,2026-05-18T09:25:17.348921
3,746,0.02548452466726303,2026-05-18T09:25:17.420398
3,747,0.027207395061850548,2026-05-18T09:25:17.491448
3,748,0.028032923117280006,2026-05-18T09:25:18.094910
3,749,0.02463969774544239,2026-05-18T09:25:18.164787
3,750,0.03297249972820282,2026-05-18T09:25:18.235886
3,751,0.02248046174645424,2026-05-18T09:25:18.308271
3,752,0.02545800618827343,2026-05-18T09:25:18.859884
3,753,0.027391478419303894,2026-05-18T09:25:18.929736
3,754,0.03177168220281601,2026-05-18T09:25:19.011859
3,755,0.026692591607570648,2026-05-18T09:25:19.087216
3,756,0.02752825804054737,2026-05-18T09:25:19.633723
3,757,0.023951906710863113,2026-05-18T09:25:19.706495
3,758,0.024426503106951714,2026-05-18T09:25:19.781490
3,759,0.0263143889605999,2026-05-18T09:25:19.856469
3,760,0.02628215216100216,2026-05-18T09:25:20.438035
3,761,0.02836216613650322,2026-05-18T09:25:20.511002
3,762,0.026429589837789536,2026-05-18T09:25:20.585289
3,763,0.029015272855758667,2026-05-18T09:25:20.660381
3,764,0.030293909832835197,2026-05-18T09:25:21.337604
3,765,0.030206959694623947,2026-05-18T09:25:21.410413
3,766,0.028552211821079254,2026-05-18T09:25:21.484130
3,767,0.030752385035157204,2026-05-18T09:25:21.558132
3,768,0.02710653655230999,2026-05-18T09:25:22.153031
3,769,0.02691849321126938,2026-05-18T09:25:22.224953
3,770,0.02593303844332695,2026-05-18T09:25:22.298220
3,771,0.026487858965992928,2026-05-18T09:25:22.371594
3,772,0.02833658829331398,2026-05-18T09:25:23.154203
3,773,0.02543821558356285,2026-05-18T09:25:23.224835
3,774,0.026350291445851326,2026-05-18T09:25:23.298729
3,775,0.025277575477957726,2026-05-18T09:25:23.371240
3,776,0.02756279520690441,2026-05-18T09:25:23.930452
3,777,0.03488871082663536,2026-05-18T09:25:24.009084
3,778,0.02955157496035099,2026-05-18T09:25:24.083071
3,779,0.028951475396752357,2026-05-18T09:25:24.157332
3,780,0.026350172236561775,2026-05-18T09:25:24.857203
3,781,0.025683263316750526,2026-05-18T09:25:24.929590
3,782,0.027111951261758804,2026-05-18T09:25:25.001838
3,783,0.029259489849209785,2026-05-18T09:25:25.076499
3,784,0.026064433157444,2026-05-18T09:25:25.635743
3,785,0.02758261375129223,2026-05-18T09:25:25.708386
3,786,0.02790459804236889,2026-05-18T09:25:25.783909
3,787,0.028203660622239113,2026-05-18T09:25:25.859452
3,788,0.027128493413329124,2026-05-18T09:25:26.469205
3,789,0.024806905537843704,2026-05-18T09:25:26.541073
3,790,0.026941271498799324,2026-05-18T09:25:26.615019
3,791,0.027106575667858124,2026-05-18T09:25:26.688212
3,792,0.027038617059588432,2026-05-18T09:25:27.388972
3,793,0.026203760877251625,2026-05-18T09:25:27.460451
3,794,0.03035281039774418,2026-05-18T09:25:27.533415
3,795,0.030162421986460686,2026-05-18T09:25:27.606777
3,796,0.02727060206234455,2026-05-18T09:25:28.216870
3,797,0.029368601739406586,2026-05-18T09:25:28.292043
3,798,0.02914268895983696,2026-05-18T09:25:28.363825
3,799,0.029871029779314995,2026-05-18T09:25:28.441444
3,800,0.029948346316814423,2026-05-18T09:25:29.012654
3,801,0.02901364304125309,2026-05-18T09:25:29.084007
3,802,0.02894504927098751,2026-05-18T09:25:29.155980
3,803,0.02749800682067871,2026-05-18T09:25:29.227798
3,804,0.027709348127245903,2026-05-18T09:25:29.856769
3,805,0.026318835094571114,2026-05-18T09:25:29.928115
3,806,0.026136081665754318,2026-05-18T09:25:30.000965
3,807,0.030624911189079285,2026-05-18T09:25:30.074964
3,808,0.027606328949332237,2026-05-18T09:25:30.757821
3,809,0.028111552819609642,2026-05-18T09:25:30.826834
3,810,0.0289200097322464,2026-05-18T09:25:30.900219
3,811,0.029921039938926697,2026-05-18T09:25:30.978262
3,812,0.02680961787700653,2026-05-18T09:25:31.598143
3,813,0.028678420931100845,2026-05-18T09:25:31.668321
3,814,0.030426379293203354,2026-05-18T09:25:31.742014
3,815,0.028953267261385918,2026-05-18T09:25:31.813659
3,816,0.02845420315861702,2026-05-18T09:25:32.255434
3,817,0.026935545727610588,2026-05-18T09:25:32.326499
3,818,0.03193450719118118,2026-05-18T09:25:32.399728
3,819,0.027044808492064476,2026-05-18T09:25:32.472503
3,820,0.024058783426880836,2026-05-18T09:25:32.943528
3,821,0.029763169586658478,2026-05-18T09:25:33.012261
3,822,0.02569444105029106,2026-05-18T09:25:33.084270
3,823,0.028352227061986923,2026-05-18T09:25:33.156413
3,824,0.027979865670204163,2026-05-18T09:25:33.747780
3,825,0.02705470845103264,2026-05-18T09:25:33.817623
3,826,0.02584822289645672,2026-05-18T09:25:33.888991
3,827,0.02889014594256878,2026-05-18T09:25:33.960994
3,828,0.026806963607668877,2026-05-18T09:25:34.577418
3,829,0.03061303310096264,2026-05-18T09:25:34.647287
3,830,0.03125395625829697,2026-05-18T09:25:34.718655
3,831,0.03613767400383949,2026-05-18T09:25:34.790431
3,832,0.028247712180018425,2026-05-18T09:25:35.410258
3,833,0.029967529699206352,2026-05-18T09:25:35.479942
3,834,0.031470052897930145,2026-05-18T09:25:35.554500
3,835,0.027179889380931854,2026-05-18T09:25:35.625909
3,836,0.02813602425158024,2026-05-18T09:25:36.237245
3,837,0.027741020545363426,2026-05-18T09:25:36.306487
3,838,0.026155008003115654,2026-05-18T09:25:36.377401
3,839,0.03593844547867775,2026-05-18T09:25:36.450813
3,840,0.03115716576576233,2026-05-18T09:25:37.011133
3,841,0.027429627254605293,2026-05-18T09:25:37.083559
3,842,0.027712417766451836,2026-05-18T09:25:37.155462
3,843,0.029957201331853867,2026-05-18T09:25:37.227140
3,844,0.027959128841757774,2026-05-18T09:25:37.885660
3,845,0.02710108645260334,2026-05-18T09:25:37.955168
3,846,0.029774300754070282,2026-05-18T09:25:38.026646
3,847,0.026576196774840355,2026-05-18T09:25:38.098184
3,848,0.02610952965915203,2026-05-18T09:25:38.559760
3,849,0.0348125621676445,2026-05-18T09:25:38.630505
3,850,0.024979643523693085,2026-05-18T09:25:38.701418
3,851,0.02765437588095665,2026-05-18T09:25:38.775748
3,852,0.02749227173626423,2026-05-18T09:25:39.254806
3,853,0.02683349885046482,2026-05-18T09:25:39.324563
3,854,0.027466237545013428,2026-05-18T09:25:39.407032
3,855,0.02859612926840782,2026-05-18T09:25:39.477836
3,856,0.02765590511262417,2026-05-18T09:25:40.077161
3,857,0.030369311571121216,2026-05-18T09:25:40.146069
3,858,0.03415635973215103,2026-05-18T09:25:40.218775
3,859,0.03900736942887306,2026-05-18T09:25:40.291095
3,860,0.029888059943914413,2026-05-18T09:25:40.818982
3,861,0.029235193505883217,2026-05-18T09:25:40.893610
3,862,0.027737239375710487,2026-05-18T09:25:40.964567
3,863,0.03332081437110901,2026-05-18T09:25:41.037163
3,864,0.026583420112729073,2026-05-18T09:25:41.756007
3,865,0.026241308078169823,2026-05-18T09:25:41.825213
3,866,0.03734004870057106,2026-05-18T09:25:41.896263
3,867,0.02849697507917881,2026-05-18T09:25:41.968304
3,868,0.030044903978705406,2026-05-18T09:25:42.410987
3,869,0.038596317172050476,2026-05-18T09:25:42.480374
3,870,0.024921290576457977,2026-05-18T09:25:42.552495
3,871,0.02626509964466095,2026-05-18T09:25:42.625051
3,872,0.025805596262216568,2026-05-18T09:25:43.229401
3,873,0.02786051109433174,2026-05-18T09:25:43.300420
3,874,0.028283502906560898,2026-05-18T09:25:43.371830
3,875,0.02844349667429924,2026-05-18T09:25:43.443097
3,876,0.02626347728073597,2026-05-18T09:25:44.072235
3,877,0.042154476046562195,2026-05-18T09:25:44.140203
3,878,0.029314184561371803,2026-05-18T09:25:44.211006
3,879,0.027696281671524048,2026-05-18T09:25:44.282552
3,880,0.03298582881689072,2026-05-18T09:25:44.764847
3,881,0.034284282475709915,2026-05-18T09:25:44.833721
3,882,0.02673528343439102,2026-05-18T09:25:44.905011
3,883,0.02490393817424774,2026-05-18T09:25:44.976247
3,884,0.03114987723529339,2026-05-18T09:25:45.500374
3,885,0.028040045872330666,2026-05-18T09:25:45.570810
3,886,0.0426558256149292,2026-05-18T09:25:45.642591
3,887,0.025335639715194702,2026-05-18T09:25:45.713227
3,888,0.028966126963496208,2026-05-18T09:25:46.114510
3,889,0.02724291943013668,2026-05-18T09:25:46.184059
3,890,0.026508955284953117,2026-05-18T09:25:46.255237
3,891,0.03618418052792549,2026-05-18T09:25:46.327076
3,892,0.028400147333741188,2026-05-18T09:25:47.004812
3,893,0.03191101551055908,2026-05-18T09:25:47.073458
3,894,0.02736821211874485,2026-05-18T09:25:47.144825
3,895,0.02675413154065609,2026-05-18T09:25:47.215930
3,896,0.029140323400497437,2026-05-18T09:25:47.891569
3,897,0.028279036283493042,2026-05-18T09:25:47.961910
3,898,0.027935102581977844,2026-05-18T09:25:48.032975
3,899,0.028988728299736977,2026-05-18T09:25:48.105073
3,900,0.02458973601460457,2026-05-18T09:25:48.650059
3,901,0.0313093438744545,2026-05-18T09:25:48.719093
3,902,0.025515025481581688,2026-05-18T09:25:48.789824
3,903,0.028872841969132423,2026-05-18T09:25:48.862165
3,904,0.02896503359079361,2026-05-18T09:25:49.539285
3,905,0.02977944165468216,2026-05-18T09:25:49.610118
3,906,0.026219381019473076,2026-05-18T09:25:49.681167
3,907,0.02922208607196808,2026-05-18T09:25:49.752004
3,908,0.027308644726872444,2026-05-18T09:25:50.383261
3,909,0.028180299326777458,2026-05-18T09:25:50.454117
3,910,0.026110902428627014,2026-05-18T09:25:50.524872
3,911,0.029621226713061333,2026-05-18T09:25:50.600730
3,912,0.027681881561875343,2026-05-18T09:25:51.071921
3,913,0.029387040063738823,2026-05-18T09:25:51.145516
3,914,0.029040444642305374,2026-05-18T09:25:51.221134
3,915,0.029309432953596115,2026-05-18T09:25:51.298624
3,916,0.0302975382655859,2026-05-18T09:25:51.770273
3,917,0.028140908107161522,2026-05-18T09:25:51.844310
3,918,0.03333589434623718,2026-05-18T09:25:51.918806
3,919,0.028115645051002502,2026-05-18T09:25:51.994859
3,920,0.026512350887060165,2026-05-18T09:25:52.476360
3,921,0.025731710717082024,2026-05-18T09:25:52.590220
3,922,0.030676081776618958,2026-05-18T09:25:52.662745
3,923,0.02784234844148159,2026-05-18T09:25:52.740527
3,924,0.02678513713181019,2026-05-18T09:25:53.155869
3,925,0.029586143791675568,2026-05-18T09:25:53.308214
3,926,0.029374783858656883,2026-05-18T09:25:53.383081
3,927,0.02336622215807438,2026-05-18T09:25:53.456919
3,928,0.03016713261604309,2026-05-18T09:25:53.806345
3,929,0.030950164422392845,2026-05-18T09:25:53.911725
3,930,0.02983659878373146,2026-05-18T09:25:53.983657
3,931,0.028714917600154877,2026-05-18T09:25:54.057307
3,932,0.02403665892779827,2026-05-18T09:25:54.527625
3,933,0.026817921549081802,2026-05-18T09:25:54.628717
3,934,0.02438557706773281,2026-05-18T09:25:54.700033
3,935,0.02908707596361637,2026-05-18T09:25:54.773720
3,936,0.024852074682712555,2026-05-18T09:25:55.259214
3,937,0.027031170204281807,2026-05-18T09:25:55.382051
3,938,0.024870842695236206,2026-05-18T09:25:55.453972
3,939,0.029419247061014175,2026-05-18T09:25:55.526904
3,940,0.031234730035066605,2026-05-18T09:25:55.975187
3,941,0.02742050588130951,2026-05-18T09:25:56.163183
3,942,0.031464844942092896,2026-05-18T09:25:56.236736
3,943,0.03089985065162182,2026-05-18T09:25:56.310989
3,944,0.02898961305618286,2026-05-18T09:25:56.724647
3,945,0.030516276136040688,2026-05-18T09:25:57.098258
3,946,0.025795307010412216,2026-05-18T09:25:57.168977
3,947,0.02491285651922226,2026-05-18T09:25:57.244141
3,948,0.03022434189915657,2026-05-18T09:25:57.616215
3,949,0.02900613658130169,2026-05-18T09:25:58.091929
3,950,0.03384138643741608,2026-05-18T09:25:58.165495
3,951,0.030169891193509102,2026-05-18T09:25:58.238837
3,952,0.02928043343126774,2026-05-18T09:25:58.311987
3,953,0.024122003465890884,2026-05-18T09:25:58.990219
3,954,0.0337086021900177,2026-05-18T09:25:59.073216
3,955,0.02579399384558201,2026-05-18T09:25:59.145360
3,956,0.028225678950548172,2026-05-18T09:25:59.219373
3,957,0.028969252482056618,2026-05-18T09:25:59.685492
3,958,0.02713238261640072,2026-05-18T09:25:59.757388
3,959,0.028189953416585922,2026-05-18T09:25:59.831326
3,960,0.028163360431790352,2026-05-18T09:25:59.904255
3,961,0.03234970569610596,2026-05-18T09:26:00.628169
3,962,0.025481630116701126,2026-05-18T09:26:00.699143
3,963,0.02500668354332447,2026-05-18T09:26:00.771204
3,964,0.02956022508442402,2026-05-18T09:26:00.845397
3,965,0.030765283852815628,2026-05-18T09:26:01.278159
3,966,0.02797011099755764,2026-05-18T09:26:01.348429
3,967,0.029866470023989677,2026-05-18T09:26:01.422825
3,968,0.028702834621071815,2026-05-18T09:26:01.501219
3,969,0.03056509606540203,2026-05-18T09:26:02.129896
3,970,0.025047816336154938,2026-05-18T09:26:02.200337
3,971,0.027773769572377205,2026-05-18T09:26:02.273122
3,972,0.028199395164847374,2026-05-18T09:26:02.345395
3,973,0.03109472431242466,2026-05-18T09:26:02.914979
3,974,0.02461986243724823,2026-05-18T09:26:02.988202
3,975,0.025474941357970238,2026-05-18T09:26:03.059965
3,976,0.027701925486326218,2026-05-18T09:26:03.132027
3,977,0.02506556548178196,2026-05-18T09:26:03.836949
3,978,0.029730569571256638,2026-05-18T09:26:03.906578
3,979,0.030485372990369797,2026-05-18T09:26:03.978287
3,980,0.02958492748439312,2026-05-18T09:26:04.050173
3,981,0.02968974970281124,2026-05-18T09:26:04.720618
3,982,0.028875287622213364,2026-05-18T09:26:04.791852
3,983,0.026187146082520485,2026-05-18T09:26:04.865539
3,984,0.026728328317403793,2026-05-18T09:26:04.939262
3,985,0.026492085307836533,2026-05-18T09:26:05.514092
3,986,0.02836776152253151,2026-05-18T09:26:05.583148
3,987,0.03157667815685272,2026-05-18T09:26:05.654489
3,988,0.030987247824668884,2026-05-18T09:26:05.725862
3,989,0.02830076776444912,2026-05-18T09:26:06.121177
3,990,0.027831964194774628,2026-05-18T09:26:06.190679
3,991,0.03040325455367565,2026-05-18T09:26:06.261314
3,992,0.030246561393141747,2026-05-18T09:26:06.333873
3,993,0.02943248115479946,2026-05-18T09:26:06.801073
3,994,0.02678094431757927,2026-05-18T09:26:06.871040
3,995,0.031071737408638,2026-05-18T09:26:06.944195
3,996,0.02689862996339798,2026-05-18T09:26:07.016788
3,997,0.026559526100754738,2026-05-18T09:26:07.507369
3,998,0.02717381715774536,2026-05-18T09:26:07.579485
3,999,0.028476156294345856,2026-05-18T09:26:07.652812
3,1000,0.026730917394161224,2026-05-18T09:26:07.724740
3,1001,0.02419097162783146,2026-05-18T09:26:08.214518
3,1002,0.026469318196177483,2026-05-18T09:26:08.284915
3,1003,0.030740417540073395,2026-05-18T09:26:08.357106
3,1004,0.024947738274931908,2026-05-18T09:26:08.438043
3,1005,0.03497526794672012,2026-05-18T09:26:08.961277
3,1006,0.028366925194859505,2026-05-18T09:26:09.031333
3,1007,0.031504806131124496,2026-05-18T09:26:09.102727
3,1008,0.026435844600200653,2026-05-18T09:26:09.174202
3,1009,0.025063585489988327,2026-05-18T09:26:09.779489
3,1010,0.025846432894468307,2026-05-18T09:26:09.849778
3,1011,0.026232341304421425,2026-05-18T09:26:09.921261
3,1012,0.02600458636879921,2026-05-18T09:26:09.992670
3,1013,0.025309918448328972,2026-05-18T09:26:10.494375
3,1014,0.030427714809775352,2026-05-18T09:26:10.564035
3,1015,0.030369048938155174,2026-05-18T09:26:10.635681
3,1016,0.02722480520606041,2026-05-18T09:26:10.742907
3,1017,0.027417507022619247,2026-05-18T09:26:11.369201
3,1018,0.024228589609265327,2026-05-18T09:26:11.438581
3,1019,0.027750734239816666,2026-05-18T09:26:11.511553
3,1020,0.028183093294501305,2026-05-18T09:26:11.583550
3,1021,0.026854712516069412,2026-05-18T09:26:11.997009
3,1022,0.034079354256391525,2026-05-18T09:26:12.068454
3,1023,0.030091667547822,2026-05-18T09:26:12.139361
3,1024,0.02828316204249859,2026-05-18T09:26:12.211747
3,1025,0.027514275163412094,2026-05-18T09:26:12.728827
3,1026,0.029091229662299156,2026-05-18T09:26:12.798651
3,1027,0.02502903714776039,2026-05-18T09:26:12.869850
3,1028,0.02803220972418785,2026-05-18T09:26:12.941718
3,1029,0.025414584204554558,2026-05-18T09:26:13.578816
3,1030,0.027860088273882866,2026-05-18T09:26:13.648232
3,1031,0.027210481464862823,2026-05-18T09:26:13.719245
3,1032,0.02923157624900341,2026-05-18T09:26:13.790510
3,1033,0.029642488807439804,2026-05-18T09:26:14.410796
3,1034,0.028345348313450813,2026-05-18T09:26:14.480586
3,1035,0.026223475113511086,2026-05-18T09:26:14.550791
3,1036,0.025938211008906364,2026-05-18T09:26:14.622591
3,1037,0.028850341215729713,2026-05-18T09:26:15.215357
3,1038,0.02646736614406109,2026-05-18T09:26:15.285964
3,1039,0.03222730755805969,2026-05-18T09:26:15.357846
3,1040,0.026239966973662376,2026-05-18T09:26:15.430577
3,1041,0.027158984914422035,2026-05-18T09:26:16.019821
3,1042,0.02488107420504093,2026-05-18T09:26:16.090034
3,1043,0.02662910334765911,2026-05-18T09:26:16.161221
3,1044,0.026813123375177383,2026-05-18T09:26:16.233071
3,1045,0.029488781467080116,2026-05-18T09:26:16.811814
3,1046,0.02541806362569332,2026-05-18T09:26:16.883272
3,1047,0.026830781251192093,2026-05-18T09:26:16.958944
3,1048,0.025071101263165474,2026-05-18T09:26:17.032350
3,1049,0.0291268453001976,2026-05-18T09:26:17.673787
3,1050,0.028397709131240845,2026-05-18T09:26:17.742089
3,1051,0.029724176973104477,2026-05-18T09:26:17.815146
3,1052,0.029610460624098778,2026-05-18T09:26:17.886357
3,1053,0.028757942840456963,2026-05-18T09:26:18.410751
3,1054,0.02613780088722706,2026-05-18T09:26:18.495358
3,1055,0.029725495725870132,2026-05-18T09:26:18.569295
3,1056,0.026068275794386864,2026-05-18T09:26:18.641786
3,1057,0.0305632371455431,2026-05-18T09:26:19.195308
3,1058,0.026187321171164513,2026-05-18T09:26:19.266575
3,1059,0.02912464179098606,2026-05-18T09:26:19.337621
3,1060,0.03037332184612751,2026-05-18T09:26:19.411474
3,1061,0.02850942313671112,2026-05-18T09:26:19.840159
3,1062,0.028395051136612892,2026-05-18T09:26:19.910593
3,1063,0.025903332978487015,2026-05-18T09:26:19.981298
3,1064,0.029882244765758514,2026-05-18T09:26:20.053118
3,1065,0.028609909117221832,2026-05-18T09:26:20.541553
3,1066,0.024245209991931915,2026-05-18T09:26:20.613130
3,1067,0.028317313641309738,2026-05-18T09:26:20.684733
3,1068,0.02516201324760914,2026-05-18T09:26:20.758970
3,1069,0.02720741741359234,2026-05-18T09:26:21.238147
3,1070,0.0330820232629776,2026-05-18T09:26:21.307571
3,1071,0.02807428687810898,2026-05-18T09:26:21.379360
3,1072,0.03337283059954643,2026-05-18T09:26:21.451901
3,1073,0.02665582485496998,2026-05-18T09:26:21.935868
3,1074,0.024374067783355713,2026-05-18T09:26:22.008638
3,1075,0.025877144187688828,2026-05-18T09:26:22.080403
3,1076,0.030847903341054916,2026-05-18T09:26:22.152198
3,1077,0.024395739659667015,2026-05-18T09:26:22.681252
3,1078,0.030116291716694832,2026-05-18T09:26:22.750048
3,1079,0.026569951325654984,2026-05-18T09:26:22.822080
3,1080,0.02720339410007,2026-05-18T09:26:22.894395
3,1081,0.026639940217137337,2026-05-18T09:26:23.377473
3,1082,0.02958306483924389,2026-05-18T09:26:23.445074
3,1083,0.025968927890062332,2026-05-18T09:26:23.516423
3,1084,0.029390154406428337,2026-05-18T09:26:23.587607
3,1085,0.027959337458014488,2026-05-18T09:26:24.123776
3,1086,0.027614260092377663,2026-05-18T09:26:24.200140
3,1087,0.03076554648578167,2026-05-18T09:26:24.275614
3,1088,0.026984738186001778,2026-05-18T09:26:24.349694
3,1089,0.02471647597849369,2026-05-18T09:26:24.855418
3,1090,0.02874099463224411,2026-05-18T09:26:24.928719
3,1091,0.02520117722451687,2026-05-18T09:26:25.004251
3,1092,0.02935812436044216,2026-05-18T09:26:25.078631
3,1093,0.024840587750077248,2026-05-18T09:26:25.677084
3,1094,0.027160000056028366,2026-05-18T09:26:25.749981
3,1095,0.03251863270998001,2026-05-18T09:26:25.823672
3,1096,0.02707938849925995,2026-05-18T09:26:25.897552
3,1097,0.02975328266620636,2026-05-18T09:26:26.431293
3,1098,0.02963152527809143,2026-05-18T09:26:26.503607
3,1099,0.029521789401769638,2026-05-18T09:26:26.577221
3,1100,0.028592845425009727,2026-05-18T09:26:26.651034
3,1101,0.027509314939379692,2026-05-18T09:26:27.341719
3,1102,0.02517145313322544,2026-05-18T09:26:27.413854
3,1103,0.026628682389855385,2026-05-18T09:26:27.487694
3,1104,0.027146194130182266,2026-05-18T09:26:27.574066
3,1105,0.028951086103916168,2026-05-18T09:26:28.087423
3,1106,0.02493230067193508,2026-05-18T09:26:28.157992
3,1107,0.030787043273448944,2026-05-18T09:26:28.230966
3,1108,0.031058764085173607,2026-05-18T09:26:28.304575
3,1109,0.02910657785832882,2026-05-18T09:26:28.670138
3,1110,0.02617115154862404,2026-05-18T09:26:28.742181
3,1111,0.028513874858617783,2026-05-18T09:26:28.816993
3,1112,0.029924800619482994,2026-05-18T09:26:28.891450
3,1113,0.029950376600027084,2026-05-18T09:26:29.489142
3,1114,0.027664491906762123,2026-05-18T09:26:29.562476
3,1115,0.026159875094890594,2026-05-18T09:26:29.636150
3,1116,0.025185901671648026,2026-05-18T09:26:29.711707
3,1117,0.02608596533536911,2026-05-18T09:26:30.336805
3,1118,0.024205664172768593,2026-05-18T09:26:30.409910
3,1119,0.030225301161408424,2026-05-18T09:26:30.483348
3,1120,0.03542810678482056,2026-05-18T09:26:30.560769
3,1121,0.025709621608257294,2026-05-18T09:26:31.154200
3,1122,0.026518207043409348,2026-05-18T09:26:31.227043
3,1123,0.02964266948401928,2026-05-18T09:26:31.303566
3,1124,0.0328606441617012,2026-05-18T09:26:31.377576
3,1125,0.027820225805044174,2026-05-18T09:26:31.855326
3,1126,0.031185468658804893,2026-05-18T09:26:31.931703
3,1127,0.02635011076927185,2026-05-18T09:26:32.008731
3,1128,0.03287636488676071,2026-05-18T09:26:32.081467
3,1129,0.03184950724244118,2026-05-18T09:26:32.533669
3,1130,0.027322182431817055,2026-05-18T09:26:32.604633
3,1131,0.027637559920549393,2026-05-18T09:26:32.857810
3,1132,0.028498349711298943,2026-05-18T09:26:32.929722
3,1133,0.029215915128588676,2026-05-18T09:26:33.221080
3,1134,0.029548756778240204,2026-05-18T09:26:33.328503
3,1135,0.02982964552938938,2026-05-18T09:26:33.653199
3,1136,0.027681248262524605,2026-05-18T09:26:33.723881
3,1137,0.02986833080649376,2026-05-18T09:26:33.914917
3,1138,0.02785365656018257,2026-05-18T09:26:34.027098
3,1139,0.03750091791152954,2026-05-18T09:26:34.324683
3,1140,0.0271146297454834,2026-05-18T09:26:34.404221
3,1141,0.02914435975253582,2026-05-18T09:26:34.647541
3,1142,0.02695249766111374,2026-05-18T09:26:34.718801
3,1143,0.025437552481889725,2026-05-18T09:26:35.044126
3,1144,0.030661312863230705,2026-05-18T09:26:35.134442
3,1145,0.02641965076327324,2026-05-18T09:26:35.394880
3,1146,0.026899024844169617,2026-05-18T09:26:35.541092
3,1147,0.027506453916430473,2026-05-18T09:26:35.835417
4,0,0.032691944390535355,2026-05-18T09:26:42.829550
4,1,0.024900948628783226,2026-05-18T09:26:43.120986
4,2,0.028227942064404488,2026-05-18T09:26:43.354044
4,3,0.026588503271341324,2026-05-18T09:26:43.563558
4,4,0.03091435879468918,2026-05-18T09:26:43.754860
4,5,0.030367927625775337,2026-05-18T09:26:43.931026
4,6,0.026992501690983772,2026-05-18T09:26:44.108149
4,7,0.02849578857421875,2026-05-18T09:26:44.257018
4,8,0.028396395966410637,2026-05-18T09:26:44.394761
4,9,0.0251731276512146,2026-05-18T09:26:44.528726
4,10,0.02463989332318306,2026-05-18T09:26:44.656950
4,11,0.025196624919772148,2026-05-18T09:26:44.779503
4,12,0.026160595938563347,2026-05-18T09:26:44.895098
4,13,0.02786860242486,2026-05-18T09:26:45.007688
4,14,0.03276902809739113,2026-05-18T09:26:45.115076
4,15,0.03229278326034546,2026-05-18T09:26:45.218618
4,16,0.025041185319423676,2026-05-18T09:26:45.446132
4,17,0.03077215701341629,2026-05-18T09:26:45.543155
4,18,0.03291548416018486,2026-05-18T09:26:45.634203
4,19,0.026580285280942917,2026-05-18T09:26:45.717816
4,20,0.032216038554906845,2026-05-18T09:26:46.157375
4,21,0.02680092304944992,2026-05-18T09:26:46.231751
4,22,0.024738524109125137,2026-05-18T09:26:46.327727
4,23,0.025560898706316948,2026-05-18T09:26:46.425941
4,24,0.03789270669221878,2026-05-18T09:26:46.847348
4,25,0.026396092027425766,2026-05-18T09:26:46.923291
4,26,0.03905562311410904,2026-05-18T09:26:46.994559
4,27,0.026169298216700554,2026-05-18T09:26:47.066587
4,28,0.02976851724088192,2026-05-18T09:26:47.517855
4,29,0.025233415886759758,2026-05-18T09:26:47.587862
4,30,0.03840586170554161,2026-05-18T09:26:47.659294
4,31,0.027886800467967987,2026-05-18T09:26:47.756230
4,32,0.030092282220721245,2026-05-18T09:26:48.129447
4,33,0.024576526135206223,2026-05-18T09:26:48.199189
4,34,0.03265993297100067,2026-05-18T09:26:48.477626
4,35,0.02736821211874485,2026-05-18T09:26:48.547266
4,36,0.029491828754544258,2026-05-18T09:26:48.832772
4,37,0.029976027086377144,2026-05-18T09:26:48.902881
4,38,0.02783193439245224,2026-05-18T09:26:49.148832
4,39,0.027830440551042557,2026-05-18T09:26:49.219003
4,40,0.027639638632535934,2026-05-18T09:26:49.579872
4,41,0.026278594508767128,2026-05-18T09:26:49.649457
4,42,0.028595220297574997,2026-05-18T09:26:49.903972
4,43,0.03036954253911972,2026-05-18T09:26:49.973759
4,44,0.029274027794599533,2026-05-18T09:26:50.295869
4,45,0.027226269245147705,2026-05-18T09:26:50.366795
4,46,0.02689981833100319,2026-05-18T09:26:50.746840
4,47,0.029883047565817833,2026-05-18T09:26:50.816232
4,48,0.028303958475589752,2026-05-18T09:26:50.889107
4,49,0.02602173015475273,2026-05-18T09:26:50.960152
4,50,0.027371715754270554,2026-05-18T09:26:51.428903
4,51,0.028936583548784256,2026-05-18T09:26:51.497529
4,52,0.025421274825930595,2026-05-18T09:26:51.570240
4,53,0.026917997747659683,2026-05-18T09:26:51.681855
4,54,0.028680816292762756,2026-05-18T09:26:52.105921
4,55,0.026331055909395218,2026-05-18T09:26:52.176037
4,56,0.026265786960721016,2026-05-18T09:26:52.255826
4,57,0.029282893985509872,2026-05-18T09:26:52.463091
4,58,0.028024455532431602,2026-05-18T09:26:52.820551
4,59,0.027756117284297943,2026-05-18T09:26:52.889062
4,60,0.025021135807037354,2026-05-18T09:26:52.970428
4,61,0.03067719005048275,2026-05-18T09:26:53.195246
4,62,0.029638536274433136,2026-05-18T09:26:53.439250
4,63,0.026213660836219788,2026-05-18T09:26:53.562037
4,64,0.03172430768609047,2026-05-18T09:26:53.632728
4,65,0.03289142996072769,2026-05-18T09:26:53.923663
4,66,0.031029416248202324,2026-05-18T09:26:54.165710
4,67,0.024069922044873238,2026-05-18T09:26:54.235003
4,68,0.02747875079512596,2026-05-18T09:26:54.339458
4,69,0.03268568590283394,2026-05-18T09:26:54.640708
4,70,0.02990289218723774,2026-05-18T09:26:54.918530
4,71,0.026813210919499397,2026-05-18T09:26:54.987946
4,72,0.02759823575615883,2026-05-18T09:26:55.137060
4,73,0.035284027457237244,2026-05-18T09:26:55.331961
4,74,0.029595600441098213,2026-05-18T09:26:55.618976
4,75,0.02582213096320629,2026-05-18T09:26:55.688405
4,76,0.031066594645380974,2026-05-18T09:26:55.884153
4,77,0.03160316124558449,2026-05-18T09:26:56.029412
4,78,0.030386947095394135,2026-05-18T09:26:56.507241
4,79,0.026700563728809357,2026-05-18T09:26:56.577171
4,80,0.02708256244659424,2026-05-18T09:26:56.649182
4,81,0.02645384706556797,2026-05-18T09:26:56.749277
4,82,0.026144979521632195,2026-05-18T09:26:57.329436
4,83,0.032606419175863266,2026-05-18T09:26:57.401268
4,84,0.03196801617741585,2026-05-18T09:26:57.472659
4,85,0.02593722753226757,2026-05-18T09:26:57.600060
4,86,0.026350144296884537,2026-05-18T09:26:58.091553
4,87,0.026779599487781525,2026-05-18T09:26:58.163436
4,88,0.02610742673277855,2026-05-18T09:26:58.234288
4,89,0.03005385771393776,2026-05-18T09:26:58.330490
4,90,0.027860699221491814,2026-05-18T09:26:58.781029
4,91,0.02771453559398651,2026-05-18T09:26:58.850040
4,92,0.027120446786284447,2026-05-18T09:26:58.921069
4,93,0.026817699894309044,2026-05-18T09:26:59.093657
4,94,0.02595188468694687,2026-05-18T09:26:59.373949
4,95,0.030672812834382057,2026-05-18T09:26:59.442800
4,96,0.025797758251428604,2026-05-18T09:26:59.516091
4,97,0.029446545988321304,2026-05-18T09:26:59.767555
4,98,0.026374679058790207,2026-05-18T09:27:00.218375
4,99,0.029093772172927856,2026-05-18T09:27:00.288541
4,100,0.028044380247592926,2026-05-18T09:27:00.359567
4,101,0.024873649701476097,2026-05-18T09:27:00.430848
4,102,0.0244214478880167,2026-05-18T09:27:00.898498
4,103,0.024853063747286797,2026-05-18T09:27:00.967973
4,104,0.026876747608184814,2026-05-18T09:27:01.039926
4,105,0.02574867568910122,2026-05-18T09:27:01.340954
4,106,0.02918226830661297,2026-05-18T09:27:01.602698
4,107,0.029314523562788963,2026-05-18T09:27:01.673091
4,108,0.026156015694141388,2026-05-18T09:27:01.743907
4,109,0.024579858407378197,2026-05-18T09:27:01.976462
4,110,0.03055700659751892,2026-05-18T09:27:02.205554
4,111,0.029274750500917435,2026-05-18T09:27:02.274762
4,112,0.027385713532567024,2026-05-18T09:27:02.346898
4,113,0.02651924081146717,2026-05-18T09:27:02.748168
4,114,0.029105234891176224,2026-05-18T09:27:02.817868
4,115,0.029949504882097244,2026-05-18T09:27:02.889765
4,116,0.026742296293377876,2026-05-18T09:27:02.963868
4,117,0.03058263100683689,2026-05-18T09:27:03.465377
4,118,0.028024761006236076,2026-05-18T09:27:03.535182
4,119,0.025365939363837242,2026-05-18T09:27:03.605785
4,120,0.024259008467197418,2026-05-18T09:27:03.677641
4,121,0.029793357476592064,2026-05-18T09:27:04.169946
4,122,0.030990196391940117,2026-05-18T09:27:04.240616
4,123,0.028483621776103973,2026-05-18T09:27:04.312035
4,124,0.026740435510873795,2026-05-18T09:27:04.383320
4,125,0.027863647788763046,2026-05-18T09:27:04.925640
4,126,0.02927914448082447,2026-05-18T09:27:04.999167
4,127,0.030743388459086418,2026-05-18T09:27:05.071940
4,128,0.026713859289884567,2026-05-18T09:27:05.143266
4,129,0.031040986999869347,2026-05-18T09:27:05.627363
4,130,0.02954082190990448,2026-05-18T09:27:05.698223
4,131,0.027396390214562416,2026-05-18T09:27:05.770355
4,132,0.024761267006397247,2026-05-18T09:27:05.841777
4,133,0.026535414159297943,2026-05-18T09:27:06.269966
4,134,0.02630414068698883,2026-05-18T09:27:06.338595
4,135,0.03211338818073273,2026-05-18T09:27:06.410016
4,136,0.02800738252699375,2026-05-18T09:27:06.481626
4,137,0.024669749662280083,2026-05-18T09:27:07.038992
4,138,0.029496707022190094,2026-05-18T09:27:07.109041
4,139,0.02978074550628662,2026-05-18T09:27:07.180697
4,140,0.026715410873293877,2026-05-18T09:27:07.254504
4,141,0.027238978073000908,2026-05-18T09:27:07.716065
4,142,0.027804015204310417,2026-05-18T09:27:07.843303
4,143,0.031659118831157684,2026-05-18T09:27:07.915831
4,144,0.025380443781614304,2026-05-18T09:27:07.989142
4,145,0.026537928730249405,2026-05-18T09:27:08.368442
4,146,0.02926469035446644,2026-05-18T09:27:08.477937
4,147,0.029370924457907677,2026-05-18T09:27:08.549060
4,148,0.030049607157707214,2026-05-18T09:27:08.620765
4,149,0.023820973932743073,2026-05-18T09:27:09.182856
4,150,0.029966730624437332,2026-05-18T09:27:09.253759
4,151,0.028414186090230942,2026-05-18T09:27:09.324647
4,152,0.028566960245370865,2026-05-18T09:27:09.395828
4,153,0.025160053744912148,2026-05-18T09:27:09.900864
4,154,0.030028322711586952,2026-05-18T09:27:10.034449
4,155,0.02438107319176197,2026-05-18T09:27:10.108257
4,156,0.025988087058067322,2026-05-18T09:27:10.195904
4,157,0.024909162893891335,2026-05-18T09:27:10.671097
4,158,0.029020220041275024,2026-05-18T09:27:10.748127
4,159,0.02913626842200756,2026-05-18T09:27:10.818716
4,160,0.03267621994018555,2026-05-18T09:27:10.891995
4,161,0.028969844803214073,2026-05-18T09:27:11.333079
4,162,0.02751481719315052,2026-05-18T09:27:11.404477
4,163,0.02536093071103096,2026-05-18T09:27:11.476072
4,164,0.028684906661510468,2026-05-18T09:27:11.548162
4,165,0.026131222024559975,2026-05-18T09:27:12.078983
4,166,0.03259551152586937,2026-05-18T09:27:12.148237
4,167,0.03013134002685547,2026-05-18T09:27:12.219712
4,168,0.02852662466466427,2026-05-18T09:27:12.290695
4,169,0.026393592357635498,2026-05-18T09:27:12.797802
4,170,0.02958257682621479,2026-05-18T09:27:12.868096
4,171,0.031331684440374374,2026-05-18T09:27:12.940838
4,172,0.027168238535523415,2026-05-18T09:27:13.012268
4,173,0.024312498047947884,2026-05-18T09:27:13.504106
4,174,0.0259750597178936,2026-05-18T09:27:13.574489
4,175,0.025661103427410126,2026-05-18T09:27:13.646187
4,176,0.027138499543070793,2026-05-18T09:27:13.718129
4,177,0.028204770758748055,2026-05-18T09:27:14.264281
4,178,0.028376493602991104,2026-05-18T09:27:14.334044
4,179,0.02802804857492447,2026-05-18T09:27:14.405797
4,180,0.02670261636376381,2026-05-18T09:27:14.477209
4,181,0.027500508353114128,2026-05-18T09:27:14.910160
4,182,0.03267830237746239,2026-05-18T09:27:14.980422
4,183,0.024880127981305122,2026-05-18T09:27:15.051505
4,184,0.024173961952328682,2026-05-18T09:27:15.123522
4,185,0.02595096454024315,2026-05-18T09:27:15.577137
4,186,0.03069499507546425,2026-05-18T09:27:15.647830
4,187,0.027742065489292145,2026-05-18T09:27:15.720020
4,188,0.025156093761324883,2026-05-18T09:27:15.794131
4,189,0.030599476769566536,2026-05-18T09:27:16.246756
4,190,0.02529466710984707,2026-05-18T09:27:16.316991
4,191,0.026793472468852997,2026-05-18T09:27:16.388802
4,192,0.027739999815821648,2026-05-18T09:27:16.458832
4,193,0.02585793100297451,2026-05-18T09:27:16.950332
4,194,0.0304728914052248,2026-05-18T09:27:17.020468
4,195,0.027612483128905296,2026-05-18T09:27:17.153776
4,196,0.02523447573184967,2026-05-18T09:27:17.225508
4,197,0.028761012479662895,2026-05-18T09:27:17.578432
4,198,0.026838606223464012,2026-05-18T09:27:17.646246
4,199,0.029514510184526443,2026-05-18T09:27:17.817640
4,200,0.030784983187913895,2026-05-18T09:27:17.890413
4,201,0.02610432170331478,2026-05-18T09:27:18.291489
4,202,0.025705978274345398,2026-05-18T09:27:18.361419
4,203,0.02460036799311638,2026-05-18T09:27:18.488430
4,204,0.023743076249957085,2026-05-18T09:27:18.558199
4,205,0.030026784166693687,2026-05-18T09:27:19.012863
4,206,0.02549671195447445,2026-05-18T09:27:19.094625
4,207,0.026911847293376923,2026-05-18T09:27:19.169933
4,208,0.0276119913905859,2026-05-18T09:27:19.240162
4,209,0.027491126209497452,2026-05-18T09:27:19.726566
4,210,0.0279780775308609,2026-05-18T09:27:19.797748
4,211,0.02596105821430683,2026-05-18T09:27:19.896793
4,212,0.026719843968749046,2026-05-18T09:27:19.967126
4,213,0.02958473563194275,2026-05-18T09:27:20.637392
4,214,0.026025932282209396,2026-05-18T09:27:20.715777
4,215,0.027311114594340324,2026-05-18T09:27:20.792681
4,216,0.030218133702874184,2026-05-18T09:27:20.869982
4,217,0.026728566735982895,2026-05-18T09:27:21.380416
4,218,0.026436733081936836,2026-05-18T09:27:21.459567
4,219,0.027359765022993088,2026-05-18T09:27:21.536779
4,220,0.027985557913780212,2026-05-18T09:27:21.613967
4,221,0.028092002496123314,2026-05-18T09:27:22.241410
4,222,0.027795085683465004,2026-05-18T09:27:22.317463
4,223,0.030081739649176598,2026-05-18T09:27:22.394797
4,224,0.029739882797002792,2026-05-18T09:27:22.472896
4,225,0.029095960780978203,2026-05-18T09:27:23.008443
4,226,0.027778754010796547,2026-05-18T09:27:23.084047
4,227,0.02893994376063347,2026-05-18T09:27:23.185616
4,228,0.027359768748283386,2026-05-18T09:27:23.262307
4,229,0.029156604781746864,2026-05-18T09:27:23.647684
4,230,0.027165889739990234,2026-05-18T09:27:23.724069
4,231,0.02610659785568714,2026-05-18T09:27:23.963921
4,232,0.026180444285273552,2026-05-18T09:27:24.038781
4,233,0.02529822662472725,2026-05-18T09:27:24.494298
4,234,0.02507520467042923,2026-05-18T09:27:24.563152
4,235,0.028075017035007477,2026-05-18T09:27:24.700243
4,236,0.02929329313337803,2026-05-18T09:27:24.770176
4,237,0.025823360309004784,2026-05-18T09:27:25.239371
4,238,0.024528667330741882,2026-05-18T09:27:25.308612
4,239,0.03500940278172493,2026-05-18T09:27:25.507798
4,240,0.02560391090810299,2026-05-18T09:27:25.576405
4,241,0.031086979433894157,2026-05-18T09:27:25.880794
4,242,0.024374427273869514,2026-05-18T09:27:25.956736
4,243,0.029566798359155655,2026-05-18T09:27:26.207507
4,244,0.02698182500898838,2026-05-18T09:27:26.279931
4,245,0.028231177479028702,2026-05-18T09:27:26.539506
4,246,0.02801232784986496,2026-05-18T09:27:26.613019
4,247,0.026885099709033966,2026-05-18T09:27:26.939960
4,248,0.0308296550065279,2026-05-18T09:27:27.009808
4,249,0.023257018998265266,2026-05-18T09:27:27.214147
4,250,0.02712441049516201,2026-05-18T09:27:27.283472
4,251,0.02549152635037899,2026-05-18T09:27:27.636531
4,252,0.029276026412844658,2026-05-18T09:27:27.707135
4,253,0.027934866026043892,2026-05-18T09:27:28.119460
4,254,0.028195159509778023,2026-05-18T09:27:28.189204
4,255,0.026620326563715935,2026-05-18T09:27:28.336410
4,256,0.02774929441511631,2026-05-18T09:27:28.419997
4,257,0.026267750188708305,2026-05-18T09:27:28.835613
4,258,0.0285346657037735,2026-05-18T09:27:28.911226
4,259,0.028624745085835457,2026-05-18T09:27:29.058106
4,260,0.026698371395468712,2026-05-18T09:27:29.133162
4,261,0.027393601834774017,2026-05-18T09:27:29.651309
4,262,0.025156043469905853,2026-05-18T09:27:29.719848
4,263,0.030426664277911186,2026-05-18T09:27:29.878411
4,264,0.02976301498711109,2026-05-18T09:27:29.948315
4,265,0.02966347523033619,2026-05-18T09:27:30.346932
4,266,0.03304894641041756,2026-05-18T09:27:30.415711
4,267,0.026440517976880074,2026-05-18T09:27:30.612721
4,268,0.028021160513162613,2026-05-18T09:27:30.682662
4,269,0.026082895696163177,2026-05-18T09:27:31.054010
4,270,0.02661198563873768,2026-05-18T09:27:31.122945
4,271,0.025047076866030693,2026-05-18T09:27:31.382223
4,272,0.0314733050763607,2026-05-18T09:27:31.453163
4,273,0.031098462641239166,2026-05-18T09:27:31.864119
4,274,0.030509157106280327,2026-05-18T09:27:31.933674
4,275,0.022803205996751785,2026-05-18T09:27:32.005642
4,276,0.027012895792722702,2026-05-18T09:27:32.077148
4,277,0.030805230140686035,2026-05-18T09:27:32.551822
4,278,0.025149663910269737,2026-05-18T09:27:32.622117
4,279,0.030701464042067528,2026-05-18T09:27:32.724177
4,280,0.027289941906929016,2026-05-18T09:27:32.793922
4,281,0.024968169629573822,2026-05-18T09:27:33.416782
4,282,0.02638113871216774,2026-05-18T09:27:33.486658
4,283,0.02445564605295658,2026-05-18T09:27:33.558781
4,284,0.027655325829982758,2026-05-18T09:27:33.630488
4,285,0.025848595425486565,2026-05-18T09:27:34.127360
4,286,0.02610478550195694,2026-05-18T09:27:34.197643
4,287,0.028963401913642883,2026-05-18T09:27:34.270017
4,288,0.02451368048787117,2026-05-18T09:27:34.342265
4,289,0.028006408363580704,2026-05-18T09:27:34.736634
4,290,0.03506264090538025,2026-05-18T09:27:34.807039
4,291,0.02636626735329628,2026-05-18T09:27:34.958145
4,292,0.024792667478322983,2026-05-18T09:27:35.028489
4,293,0.028873082250356674,2026-05-18T09:27:35.386530
4,294,0.026541637256741524,2026-05-18T09:27:35.456195
4,295,0.028719279915094376,2026-05-18T09:27:35.758961
4,296,0.029308056458830833,2026-05-18T09:27:35.828262
4,297,0.024730492383241653,2026-05-18T09:27:36.100637
4,298,0.02694026008248329,2026-05-18T09:27:36.169740
4,299,0.025855138897895813,2026-05-18T09:27:36.473013
4,300,0.029036441817879677,2026-05-18T09:27:36.549482
4,301,0.02832825295627117,2026-05-18T09:27:36.848769
4,302,0.024505410343408585,2026-05-18T09:27:36.925616
4,303,0.03162620589137077,2026-05-18T09:27:37.100234
4,304,0.026899483054876328,2026-05-18T09:27:37.175570
4,305,0.029506022110581398,2026-05-18T09:27:37.580460
4,306,0.029526447877287865,2026-05-18T09:27:37.662691
4,307,0.02745077759027481,2026-05-18T09:27:37.824991
4,308,0.026317011564970016,2026-05-18T09:27:37.895041
4,309,0.026409342885017395,2026-05-18T09:27:38.305824
4,310,0.028684817254543304,2026-05-18T09:27:38.376559
4,311,0.025472410023212433,2026-05-18T09:27:38.536333
4,312,0.03609893098473549,2026-05-18T09:27:38.606814
4,313,0.028074918314814568,2026-05-18T09:27:38.972508
4,314,0.027482623234391212,2026-05-18T09:27:39.042404
4,315,0.028544528409838676,2026-05-18T09:27:39.326054
4,316,0.027425257489085197,2026-05-18T09:27:39.395400
4,317,0.030301310122013092,2026-05-18T09:27:39.601905
4,318,0.026147453114390373,2026-05-18T09:27:39.673237
4,319,0.02801164984703064,2026-05-18T09:27:40.074762
4,320,0.025086967274546623,2026-05-18T09:27:40.146576
4,321,0.0292776171118021,2026-05-18T09:27:40.377029
4,322,0.02500273287296295,2026-05-18T09:27:40.446724
4,323,0.02895934134721756,2026-05-18T09:27:40.703792
4,324,0.02754845656454563,2026-05-18T09:27:40.773712
4,325,0.029635805636644363,2026-05-18T09:27:41.010642
4,326,0.027009475976228714,2026-05-18T09:27:41.078445
4,327,0.02544008195400238,2026-05-18T09:27:41.504919
4,328,0.02585494890809059,2026-05-18T09:27:41.573173
4,329,0.025854041799902916,2026-05-18T09:27:41.739273
4,330,0.026232240721583366,2026-05-18T09:27:41.808815
4,331,0.02889687940478325,2026-05-18T09:27:42.131096
4,332,0.026695264503359795,2026-05-18T09:27:42.201822
4,333,0.02987947128713131,2026-05-18T09:27:42.575543
4,334,0.0281295794993639,2026-05-18T09:27:42.644963
4,335,0.0252210795879364,2026-05-18T09:27:42.931511
4,336,0.027987482026219368,2026-05-18T09:27:43.002805
4,337,0.02868252620100975,2026-05-18T09:27:43.216265
4,338,0.03048831596970558,2026-05-18T09:27:43.285933
4,339,0.0289317537099123,2026-05-18T09:27:43.767623
4,340,0.028215298429131508,2026-05-18T09:27:43.836846
4,341,0.032372504472732544,2026-05-18T09:27:43.959781
4,342,0.02558700367808342,2026-05-18T09:27:44.029711
4,343,0.03177940845489502,2026-05-18T09:27:44.392942
4,344,0.033099208027124405,2026-05-18T09:27:44.471652
4,345,0.029344385489821434,2026-05-18T09:27:44.751655
4,346,0.02916078269481659,2026-05-18T09:27:44.826365
4,347,0.029598498716950417,2026-05-18T09:27:45.156269
4,348,0.02703293412923813,2026-05-18T09:27:45.231081
4,349,0.029213685542345047,2026-05-18T09:27:45.495782
4,350,0.02971101552248001,2026-05-18T09:27:45.566059
4,351,0.026617689058184624,2026-05-18T09:27:46.071116
4,352,0.026217462494969368,2026-05-18T09:27:46.141855
4,353,0.025685010477900505,2026-05-18T09:27:46.213641
4,354,0.02510029822587967,2026-05-18T09:27:46.286580
4,355,0.02990502491593361,2026-05-18T09:27:46.785345
4,356,0.025640055537223816,2026-05-18T09:27:46.868203
4,357,0.025468088686466217,2026-05-18T09:27:46.989803
4,358,0.02723536267876625,2026-05-18T09:27:47.061819
4,359,0.029528547078371048,2026-05-18T09:27:47.479555
4,360,0.037795305252075195,2026-05-18T09:27:47.551413
4,361,0.0266434196382761,2026-05-18T09:27:47.920944
4,362,0.03313007950782776,2026-05-18T09:27:47.990413
4,363,0.027512161061167717,2026-05-18T09:27:48.359957
4,364,0.024034040048718452,2026-05-18T09:27:48.430960
4,365,0.029178155586123466,2026-05-18T09:27:48.663860
4,366,0.028207994997501373,2026-05-18T09:27:48.733167
4,367,0.024966683238744736,2026-05-18T09:27:48.950047
4,368,0.02500706911087036,2026-05-18T09:27:49.021328
4,369,0.028827188536524773,2026-05-18T09:27:49.328238
4,370,0.02823149971663952,2026-05-18T09:27:49.398890
4,371,0.02782501094043255,2026-05-18T09:27:49.685451
4,372,0.027518531307578087,2026-05-18T09:27:49.755598
4,373,0.026782575994729996,2026-05-18T09:27:50.017499
4,374,0.03048095293343067,2026-05-18T09:27:50.087821
4,375,0.028286390006542206,2026-05-18T09:27:50.381706
4,376,0.029897108674049377,2026-05-18T09:27:50.450907
4,377,0.03303892910480499,2026-05-18T09:27:50.805272
4,378,0.026387076824903488,2026-05-18T09:27:50.878156
4,379,0.024028660729527473,2026-05-18T09:27:51.124376
4,380,0.026560770347714424,2026-05-18T09:27:51.194236
4,381,0.026164039969444275,2026-05-18T09:27:51.530934
4,382,0.024124903604388237,2026-05-18T09:27:51.602264
4,383,0.02686815895140171,2026-05-18T09:27:51.899623
4,384,0.029965760186314583,2026-05-18T09:27:51.969854
4,385,0.02784670516848564,2026-05-18T09:27:52.164634
4,386,0.02546633407473564,2026-05-18T09:27:52.234212
4,387,0.027962611988186836,2026-05-18T09:27:52.759602
4,388,0.02762261964380741,2026-05-18T09:27:52.831529
4,389,0.031403955072164536,2026-05-18T09:27:52.905842
4,390,0.025737645104527473,2026-05-18T09:27:52.978117
4,391,0.027047138661146164,2026-05-18T09:27:53.566294
4,392,0.027325378730893135,2026-05-18T09:27:53.638013
4,393,0.03029422089457512,2026-05-18T09:27:53.710683
4,394,0.027517367154359818,2026-05-18T09:27:53.783749
4,395,0.02586561255156994,2026-05-18T09:27:54.176657
4,396,0.028048818930983543,2026-05-18T09:27:54.247820
4,397,0.024208391085267067,2026-05-18T09:27:54.442491
4,398,0.02884146198630333,2026-05-18T09:27:54.511331
4,399,0.028923409059643745,2026-05-18T09:27:54.856514
4,400,0.02831815741956234,2026-05-18T09:27:54.929530
4,401,0.02706204168498516,2026-05-18T09:27:55.178654
4,402,0.028748316690325737,2026-05-18T09:27:55.252455
4,403,0.027714179828763008,2026-05-18T09:27:55.543698
4,404,0.02955169416964054,2026-05-18T09:27:55.613760
4,405,0.024705125018954277,2026-05-18T09:27:56.023184
4,406,0.030443795025348663,2026-05-18T09:27:56.103753
4,407,0.032259974628686905,2026-05-18T09:27:56.353991
4,408,0.028263220563530922,2026-05-18T09:27:56.424413
4,409,0.028089087456464767,2026-05-18T09:27:56.756913
4,410,0.027560416609048843,2026-05-18T09:27:56.827248
4,411,0.02917390502989292,2026-05-18T09:27:57.033902
4,412,0.026361292228102684,2026-05-18T09:27:57.178644
4,413,0.024812182411551476,2026-05-18T09:27:57.416011
4,414,0.025319060310721397,2026-05-18T09:27:57.486373
4,415,0.029670199379324913,2026-05-18T09:27:57.762339
4,416,0.02813178300857544,2026-05-18T09:27:57.861834
4,417,0.02618555910885334,2026-05-18T09:27:58.253083
4,418,0.026988256722688675,2026-05-18T09:27:58.322244
4,419,0.025926390662789345,2026-05-18T09:27:58.588469
4,420,0.031255319714546204,2026-05-18T09:27:58.658626
4,421,0.026290658861398697,2026-05-18T09:27:58.917908
4,422,0.027937481179833412,2026-05-18T09:27:58.987386
4,423,0.030706647783517838,2026-05-18T09:27:59.332417
4,424,0.029891660436987877,2026-05-18T09:27:59.403515
4,425,0.028716370463371277,2026-05-18T09:27:59.663362
4,426,0.025920677930116653,2026-05-18T09:27:59.733652
4,427,0.026027318090200424,2026-05-18T09:28:00.109718
4,428,0.03193878382444382,2026-05-18T09:28:00.180577
4,429,0.027334531769156456,2026-05-18T09:28:00.427962
4,430,0.025542542338371277,2026-05-18T09:28:00.500477
4,431,0.02446673810482025,2026-05-18T09:28:00.738835
4,432,0.030191591009497643,2026-05-18T09:28:00.853861
4,433,0.02512926235795021,2026-05-18T09:28:01.215605
4,434,0.03049062006175518,2026-05-18T09:28:01.285329
4,435,0.02675775997340679,2026-05-18T09:28:01.359968
4,436,0.03094547986984253,2026-05-18T09:28:01.631512
4,437,0.02519717440009117,2026-05-18T09:28:02.123846
4,438,0.03127880021929741,2026-05-18T09:28:02.195104
4,439,0.03381689265370369,2026-05-18T09:28:02.269960
4,440,0.027228249236941338,2026-05-18T09:28:02.342956
4,441,0.028474560007452965,2026-05-18T09:28:02.828290
4,442,0.02833913080394268,2026-05-18T09:28:02.899767
4,443,0.031253017485141754,2026-05-18T09:28:02.973443
4,444,0.030034543946385384,2026-05-18T09:28:03.046107
4,445,0.030033832415938377,2026-05-18T09:28:03.719381
4,446,0.025070032104849815,2026-05-18T09:28:03.788692
4,447,0.027921970933675766,2026-05-18T09:28:03.861246
4,448,0.02539898082613945,2026-05-18T09:28:03.936798
4,449,0.02826661802828312,2026-05-18T09:28:04.455071
4,450,0.027359817177057266,2026-05-18T09:28:04.524687
4,451,0.026113534346222878,2026-05-18T09:28:04.599751
4,452,0.031367089599370956,2026-05-18T09:28:04.672830
4,453,0.026840487495064735,2026-05-18T09:28:05.098241
4,454,0.025948643684387207,2026-05-18T09:28:05.169242
4,455,0.029007233679294586,2026-05-18T09:28:05.241607
4,456,0.0253297071903944,2026-05-18T09:28:05.328698
4,457,0.03316042944788933,2026-05-18T09:28:05.858635
4,458,0.02831890992820263,2026-05-18T09:28:05.928958
4,459,0.03816372901201248,2026-05-18T09:28:06.001114
4,460,0.03304902836680412,2026-05-18T09:28:06.073375
4,461,0.025523174554109573,2026-05-18T09:28:06.665968
4,462,0.025998007506132126,2026-05-18T09:28:06.737006
4,463,0.031125081703066826,2026-05-18T09:28:06.809237
4,464,0.02843135967850685,2026-05-18T09:28:06.884727
4,465,0.029213421046733856,2026-05-18T09:28:07.480576
4,466,0.0254193302243948,2026-05-18T09:28:07.550919
4,467,0.02543856017291546,2026-05-18T09:28:07.622970
4,468,0.0274371225386858,2026-05-18T09:28:07.695295
4,469,0.025990979745984077,2026-05-18T09:28:08.300345
4,470,0.025465024635195732,2026-05-18T09:28:08.371222
4,471,0.027979198843240738,2026-05-18T09:28:08.443592
4,472,0.030897583812475204,2026-05-18T09:28:08.514134
4,473,0.02490815334022045,2026-05-18T09:28:09.072712
4,474,0.025962986052036285,2026-05-18T09:28:09.144115
4,475,0.028168851509690285,2026-05-18T09:28:09.216321
4,476,0.027475811541080475,2026-05-18T09:28:09.290079
4,477,0.027454327791929245,2026-05-18T09:28:09.789650
4,478,0.026955273002386093,2026-05-18T09:28:09.863729
4,479,0.02639385312795639,2026-05-18T09:28:09.937447
4,480,0.031217604875564575,2026-05-18T09:28:10.011626
4,481,0.02706020697951317,2026-05-18T09:28:10.515234
4,482,0.02792678400874138,2026-05-18T09:28:10.585910
4,483,0.028392931446433067,2026-05-18T09:28:10.658178
4,484,0.026689758524298668,2026-05-18T09:28:10.730865
4,485,0.029607024043798447,2026-05-18T09:28:11.266014
4,486,0.04115951061248779,2026-05-18T09:28:11.337023
4,487,0.025357887148857117,2026-05-18T09:28:11.409235
4,488,0.02472972869873047,2026-05-18T09:28:11.481353
4,489,0.027410907670855522,2026-05-18T09:28:12.017159
4,490,0.028478611260652542,2026-05-18T09:28:12.089228
4,491,0.027457907795906067,2026-05-18T09:28:12.166374
4,492,0.027397489175200462,2026-05-18T09:28:12.238771
4,493,0.026583869010210037,2026-05-18T09:28:12.879359
4,494,0.028638014569878578,2026-05-18T09:28:12.951306
4,495,0.025454994291067123,2026-05-18T09:28:13.027101
4,496,0.02805822715163231,2026-05-18T09:28:13.100154
4,497,0.027583545073866844,2026-05-18T09:28:13.681689
4,498,0.025773469358682632,2026-05-18T09:28:13.752768
4,499,0.027194159105420113,2026-05-18T09:28:13.824555
4,500,0.03515879437327385,2026-05-18T09:28:13.897346
4,501,0.02947213687002659,2026-05-18T09:28:14.427510
4,502,0.027362732216715813,2026-05-18T09:28:14.497990
4,503,0.02590983174741268,2026-05-18T09:28:14.569761
4,504,0.026041606441140175,2026-05-18T09:28:14.642151
4,505,0.027872612699866295,2026-05-18T09:28:15.161583
4,506,0.027644824236631393,2026-05-18T09:28:15.250017
4,507,0.029239829629659653,2026-05-18T09:28:15.322773
4,508,0.027818994596600533,2026-05-18T09:28:15.394276
4,509,0.030576206743717194,2026-05-18T09:28:16.096366
4,510,0.028539586812257767,2026-05-18T09:28:16.172165
4,511,0.025426549836993217,2026-05-18T09:28:16.244255
4,512,0.02728196792304516,2026-05-18T09:28:16.316564
4,513,0.02621011808514595,2026-05-18T09:28:16.906352
4,514,0.028471894562244415,2026-05-18T09:28:16.976748
4,515,0.027569780126214027,2026-05-18T09:28:17.050506
4,516,0.027651600539684296,2026-05-18T09:28:17.127972
4,517,0.033178262412548065,2026-05-18T09:28:17.617037
4,518,0.02722395770251751,2026-05-18T09:28:17.692643
4,519,0.025853948667645454,2026-05-18T09:28:17.769245
4,520,0.026593239977955818,2026-05-18T09:28:17.844573
4,521,0.02633800357580185,2026-05-18T09:28:18.384566
4,522,0.02528669871389866,2026-05-18T09:28:18.457541
4,523,0.03061605989933014,2026-05-18T09:28:18.533299
4,524,0.027556434273719788,2026-05-18T09:28:18.608231
4,525,0.026970217004418373,2026-05-18T09:28:19.215918
4,526,0.025588326156139374,2026-05-18T09:28:19.288168
4,527,0.02820320799946785,2026-05-18T09:28:19.365237
4,528,0.03273000568151474,2026-05-18T09:28:19.439758
4,529,0.029106363654136658,2026-05-18T09:28:19.998962
4,530,0.030298396944999695,2026-05-18T09:28:20.070343
4,531,0.02808091789484024,2026-05-18T09:28:20.143353
4,532,0.024908456951379776,2026-05-18T09:28:20.216725
4,533,0.030890638008713722,2026-05-18T09:28:20.826475
4,534,0.026964398100972176,2026-05-18T09:28:20.899072
4,535,0.028983887284994125,2026-05-18T09:28:20.973071
4,536,0.02917754091322422,2026-05-18T09:28:21.046954
4,537,0.027337484061717987,2026-05-18T09:28:21.616150
4,538,0.025695491582155228,2026-05-18T09:28:21.687280
4,539,0.027255656197667122,2026-05-18T09:28:21.761253
4,540,0.027463730424642563,2026-05-18T09:28:21.834767
4,541,0.025958679616451263,2026-05-18T09:28:22.503412
4,542,0.024567831307649612,2026-05-18T09:28:22.575131
4,543,0.029507912695407867,2026-05-18T09:28:22.648388
4,544,0.026389680802822113,2026-05-18T09:28:22.722884
4,545,0.02686629816889763,2026-05-18T09:28:23.271260
4,546,0.024092180654406548,2026-05-18T09:28:23.342279
4,547,0.025970755144953728,2026-05-18T09:28:23.415385
4,548,0.026419363915920258,2026-05-18T09:28:23.488861
4,549,0.02807430550456047,2026-05-18T09:28:24.097716
4,550,0.03058314323425293,2026-05-18T09:28:24.168584
4,551,0.025132397189736366,2026-05-18T09:28:24.242396
4,552,0.030077064409852028,2026-05-18T09:28:24.316212
4,553,0.027960162609815598,2026-05-18T09:28:24.859937
4,554,0.026348993182182312,2026-05-18T09:28:24.931612
4,555,0.025914141908288002,2026-05-18T09:28:25.004551
4,556,0.032332587987184525,2026-05-18T09:28:25.091629
4,557,0.030836813151836395,2026-05-18T09:28:25.630930
4,558,0.031057316809892654,2026-05-18T09:28:25.701255
4,559,0.026399364694952965,2026-05-18T09:28:25.774720
4,560,0.02680942416191101,2026-05-18T09:28:25.847814
4,561,0.02850881591439247,2026-05-18T09:28:26.447026
4,562,0.02819335274398327,2026-05-18T09:28:26.517277
4,563,0.03058171272277832,2026-05-18T09:28:26.591408
4,564,0.028213592246174812,2026-05-18T09:28:26.666382
4,565,0.02793782763183117,2026-05-18T09:28:27.169755
4,566,0.03271394595503807,2026-05-18T09:28:27.239545
4,567,0.02926289476454258,2026-05-18T09:28:27.311464
4,568,0.0272908303886652,2026-05-18T09:28:27.383925
4,569,0.03126172348856926,2026-05-18T09:28:27.944863
4,570,0.0322464182972908,2026-05-18T09:28:28.015979
4,571,0.027443844825029373,2026-05-18T09:28:28.088411
4,572,0.02781015634536743,2026-05-18T09:28:28.162692
4,573,0.029178215190768242,2026-05-18T09:28:28.602522
4,574,0.026680413633584976,2026-05-18T09:28:28.675720
4,575,0.024655895307660103,2026-05-18T09:28:28.748871
4,576,0.027552668005228043,2026-05-18T09:28:28.825067
4,577,0.029652029275894165,2026-05-18T09:28:29.321974
4,578,0.0249401293694973,2026-05-18T09:28:29.393734
4,579,0.026439514011144638,2026-05-18T09:28:29.465875
4,580,0.024784570559859276,2026-05-18T09:28:29.538128
4,581,0.029626592993736267,2026-05-18T09:28:29.977688
4,582,0.02550267055630684,2026-05-18T09:28:30.049030
4,583,0.0328199565410614,2026-05-18T09:28:30.122034
4,584,0.0300902146846056,2026-05-18T09:28:30.194572
4,585,0.027777230367064476,2026-05-18T09:28:30.722021
4,586,0.031491342931985855,2026-05-18T09:28:30.792710
4,587,0.027043363079428673,2026-05-18T09:28:30.865175
4,588,0.02688312716782093,2026-05-18T09:28:30.937845
4,589,0.03088855929672718,2026-05-18T09:28:31.582455
4,590,0.026024937629699707,2026-05-18T09:28:31.652337
4,591,0.02564137615263462,2026-05-18T09:28:31.725129
4,592,0.025205710902810097,2026-05-18T09:28:31.797814
4,593,0.024500612169504166,2026-05-18T09:28:32.315722
4,594,0.024421656504273415,2026-05-18T09:28:32.386117
4,595,0.024776069447398186,2026-05-18T09:28:32.458986
4,596,0.028890827670693398,2026-05-18T09:28:32.532532
4,597,0.026812465861439705,2026-05-18T09:28:32.980758
4,598,0.027676668018102646,2026-05-18T09:28:33.050253
4,599,0.02579522505402565,2026-05-18T09:28:33.125008
4,600,0.02994888462126255,2026-05-18T09:28:33.196674
4,601,0.02630457654595375,2026-05-18T09:28:33.681935
4,602,0.027539189904928207,2026-05-18T09:28:33.752052
4,603,0.027475085109472275,2026-05-18T09:28:33.822965
4,604,0.03083147667348385,2026-05-18T09:28:33.893706
4,605,0.02548416145145893,2026-05-18T09:28:34.363518
4,606,0.03022722899913788,2026-05-18T09:28:34.444999
4,607,0.024673867970705032,2026-05-18T09:28:34.515729
4,608,0.029009217396378517,2026-05-18T09:28:34.587742
4,609,0.02793625183403492,2026-05-18T09:28:35.040774
4,610,0.0302150696516037,2026-05-18T09:28:35.109207
4,611,0.025287605822086334,2026-05-18T09:28:35.180028
4,612,0.027700938284397125,2026-05-18T09:28:35.251728
4,613,0.024691347032785416,2026-05-18T09:28:35.918945
4,614,0.0314212366938591,2026-05-18T09:28:35.992253
4,615,0.03024641051888466,2026-05-18T09:28:36.062560
4,616,0.037258002907037735,2026-05-18T09:28:36.134157
4,617,0.02634504623711109,2026-05-18T09:28:36.668041
4,618,0.026660285890102386,2026-05-18T09:28:36.738091
4,619,0.02974291890859604,2026-05-18T09:28:36.851935
4,620,0.028484564274549484,2026-05-18T09:28:36.921787
4,621,0.025594467297196388,2026-05-18T09:28:37.513049
4,622,0.02805478498339653,2026-05-18T09:28:37.583415
4,623,0.02601587027311325,2026-05-18T09:28:37.755917
4,624,0.02555542252957821,2026-05-18T09:28:37.825858
4,625,0.02737952582538128,2026-05-18T09:28:38.185628
4,626,0.027123333886265755,2026-05-18T09:28:38.253913
4,627,0.026849498972296715,2026-05-18T09:28:38.492278
4,628,0.029601575806736946,2026-05-18T09:28:38.562254
4,629,0.02754134126007557,2026-05-18T09:28:38.951381
4,630,0.03316622972488403,2026-05-18T09:28:39.025165
4,631,0.030992578715085983,2026-05-18T09:28:39.351453
4,632,0.026120299473404884,2026-05-18T09:28:39.422360
4,633,0.027572665363550186,2026-05-18T09:28:39.612802
4,634,0.032569561153650284,2026-05-18T09:28:39.684609
4,635,0.030043477192521095,2026-05-18T09:28:40.132951
4,636,0.028167903423309326,2026-05-18T09:28:40.205298
4,637,0.025721898302435875,2026-05-18T09:28:40.397759
4,638,0.027924897149205208,2026-05-18T09:28:40.467054
4,639,0.02644297480583191,2026-05-18T09:28:40.940728
4,640,0.030783288180828094,2026-05-18T09:28:41.009943
4,641,0.026440685614943504,2026-05-18T09:28:41.177974
4,642,0.027057502418756485,2026-05-18T09:28:41.245721
4,643,0.028144070878624916,2026-05-18T09:28:41.709225
4,644,0.03022531419992447,2026-05-18T09:28:41.779097
4,645,0.02720160037279129,2026-05-18T09:28:41.994030
4,646,0.028005104511976242,2026-05-18T09:28:42.063411
4,647,0.02484864555299282,2026-05-18T09:28:42.429120
4,648,0.029823916032910347,2026-05-18T09:28:42.499894
4,649,0.027500879019498825,2026-05-18T09:28:42.823125
4,650,0.02671627886593342,2026-05-18T09:28:42.892691
4,651,0.025524593889713287,2026-05-18T09:28:43.195892
4,652,0.03154168650507927,2026-05-18T09:28:43.265532
4,653,0.023965343832969666,2026-05-18T09:28:43.483878
4,654,0.027588458731770515,2026-05-18T09:28:43.559257
4,655,0.03295927494764328,2026-05-18T09:28:43.961859
4,656,0.026809677481651306,2026-05-18T09:28:44.048209
4,657,0.027250293642282486,2026-05-18T09:28:44.311580
4,658,0.033419229090213776,2026-05-18T09:28:44.381423
4,659,0.02513211779296398,2026-05-18T09:28:44.770459
4,660,0.02889484167098999,2026-05-18T09:28:44.840336
4,661,0.030630119144916534,2026-05-18T09:28:45.153389
4,662,0.030645396560430527,2026-05-18T09:28:45.221722
4,663,0.028327059000730515,2026-05-18T09:28:45.566026
4,664,0.028949037194252014,2026-05-18T09:28:45.637107
4,665,0.02613767795264721,2026-05-18T09:28:45.927285
4,666,0.02742072567343712,2026-05-18T09:28:45.996243
4,667,0.02662377618253231,2026-05-18T09:28:46.462709
4,668,0.02582240104675293,2026-05-18T09:28:46.531953
4,669,0.025728514418005943,2026-05-18T09:28:46.716965
4,670,0.025872817263007164,2026-05-18T09:28:46.791545
4,671,0.03145978972315788,2026-05-18T09:28:47.189542
4,672,0.026164473965764046,2026-05-18T09:28:47.261092
4,673,0.027743928134441376,2026-05-18T09:28:47.385502
4,674,0.030669258907437325,2026-05-18T09:28:47.456187
4,675,0.03075944073498249,2026-05-18T09:28:48.096853
4,676,0.026727257296442986,2026-05-18T09:28:48.166271
4,677,0.02748359926044941,2026-05-18T09:28:48.238047
4,678,0.03043236769735813,2026-05-18T09:28:48.310257
4,679,0.029847146943211555,2026-05-18T09:28:48.750660
4,680,0.03258037194609642,2026-05-18T09:28:48.820270
4,681,0.025882691144943237,2026-05-18T09:28:48.964871
4,682,0.03369198366999626,2026-05-18T09:28:49.034335
4,683,0.027875280007719994,2026-05-18T09:28:49.540109
4,684,0.030676450580358505,2026-05-18T09:28:49.613837
4,685,0.03149104490876198,2026-05-18T09:28:49.801070
4,686,0.028116459026932716,2026-05-18T09:28:49.872525
4,687,0.027018729597330093,2026-05-18T09:28:50.313038
4,688,0.029264211654663086,2026-05-18T09:28:50.383395
4,689,0.02674231119453907,2026-05-18T09:28:50.587883
4,690,0.031916484236717224,2026-05-18T09:28:50.657712
4,691,0.026478523388504982,2026-05-18T09:28:51.048338
4,692,0.028805961832404137,2026-05-18T09:28:51.118364
4,693,0.030159588903188705,2026-05-18T09:28:51.367017
4,694,0.026433328166604042,2026-05-18T09:28:51.437355
4,695,0.029542196542024612,2026-05-18T09:28:51.670784
4,696,0.02964303083717823,2026-05-18T09:28:51.738546
4,697,0.02779405191540718,2026-05-18T09:28:52.059962
4,698,0.02759801782667637,2026-05-18T09:28:52.129528
4,699,0.03256597742438316,2026-05-18T09:28:52.528382
4,700,0.031320806592702866,2026-05-18T09:28:52.604026
4,701,0.027159178629517555,2026-05-18T09:28:52.837823
4,702,0.032663390040397644,2026-05-18T09:28:52.910339
4,703,0.029109589755535126,2026-05-18T09:28:53.326337
4,704,0.030313510447740555,2026-05-18T09:28:53.397728
4,705,0.024697385728359222,2026-05-18T09:28:53.722018
4,706,0.027408838272094727,2026-05-18T09:28:53.807729
4,707,0.027347246184945107,2026-05-18T09:28:54.077631
4,708,0.02523946762084961,2026-05-18T09:28:54.149267
4,709,0.02773136831820011,2026-05-18T09:28:54.443723
4,710,0.025896122679114342,2026-05-18T09:28:54.515448
4,711,0.02623196691274643,2026-05-18T09:28:54.812644
4,712,0.031029971316456795,2026-05-18T09:28:54.884957
4,713,0.0341477133333683,2026-05-18T09:28:55.301240
4,714,0.02710505574941635,2026-05-18T09:28:55.373750
4,715,0.030185697600245476,2026-05-18T09:28:55.551373
4,716,0.0259894710034132,2026-05-18T09:28:55.622325
4,717,0.026324700564146042,2026-05-18T09:28:56.126078
4,718,0.02403201535344124,2026-05-18T09:28:56.196485
4,719,0.025370223447680473,2026-05-18T09:28:56.384413
4,720,0.026368718594312668,2026-05-18T09:28:56.458347
4,721,0.027311811223626137,2026-05-18T09:28:56.982363
4,722,0.027120603248476982,2026-05-18T09:28:57.052576
4,723,0.024058831855654716,2026-05-18T09:28:57.124887
4,724,0.03386472538113594,2026-05-18T09:28:57.196105
4,725,0.028213156387209892,2026-05-18T09:28:57.769708
4,726,0.026899034157395363,2026-05-18T09:28:57.841495
4,727,0.02696974389255047,2026-05-18T09:28:57.912901
4,728,0.034972164779901505,2026-05-18T09:28:57.984574
4,729,0.031469810754060745,2026-05-18T09:28:58.605074
4,730,0.028140217065811157,2026-05-18T09:28:58.676609
4,731,0.02684568427503109,2026-05-18T09:28:58.748558
4,732,0.028300536796450615,2026-05-18T09:28:58.822043
4,733,0.024832572788000107,2026-05-18T09:28:59.590289
4,734,0.024193841964006424,2026-05-18T09:28:59.659742
4,735,0.028808677569031715,2026-05-18T09:28:59.732407
4,736,0.029622923582792282,2026-05-18T09:28:59.804535
4,737,0.02682560868561268,2026-05-18T09:29:00.423692
4,738,0.02667045406997204,2026-05-18T09:29:00.495875
4,739,0.03020089864730835,2026-05-18T09:29:00.568151
4,740,0.027310561388731003,2026-05-18T09:29:00.639996
4,741,0.026243906468153,2026-05-18T09:29:01.130055
4,742,0.02620813436806202,2026-05-18T09:29:01.202059
4,743,0.027732500806450844,2026-05-18T09:29:01.274466
4,744,0.025338031351566315,2026-05-18T09:29:01.346466
4,745,0.027383634820580482,2026-05-18T09:29:01.857056
4,746,0.02633589319884777,2026-05-18T09:29:01.926719
4,747,0.03100527450442314,2026-05-18T09:29:02.000055
4,748,0.029682818800210953,2026-05-18T09:29:02.072280
4,749,0.026670850813388824,2026-05-18T09:29:02.731770
4,750,0.029190173372626305,2026-05-18T09:29:02.802682
4,751,0.02939012087881565,2026-05-18T09:29:02.874771
4,752,0.034495722502470016,2026-05-18T09:29:02.949695
4,753,0.028069762513041496,2026-05-18T09:29:03.481165
4,754,0.027306750416755676,2026-05-18T09:29:03.555101
4,755,0.030722513794898987,2026-05-18T09:29:03.627455
4,756,0.027907054871320724,2026-05-18T09:29:03.716403
4,757,0.02875414676964283,2026-05-18T09:29:04.256806
4,758,0.027904793620109558,2026-05-18T09:29:04.328378
4,759,0.02706901915371418,2026-05-18T09:29:04.400834
4,760,0.026789478957653046,2026-05-18T09:29:04.473252
4,761,0.028445754200220108,2026-05-18T09:29:05.028543
4,762,0.027369817718863487,2026-05-18T09:29:05.097307
4,763,0.026098215952515602,2026-05-18T09:29:05.167588
4,764,0.036070264875888824,2026-05-18T09:29:05.238467
4,765,0.037280306220054626,2026-05-18T09:29:05.893083
4,766,0.0294293612241745,2026-05-18T09:29:05.962187
4,767,0.024928370490670204,2026-05-18T09:29:06.032509
4,768,0.027462610974907875,2026-05-18T09:29:06.102758
4,769,0.024773113429546356,2026-05-18T09:29:06.614655
4,770,0.02597636915743351,2026-05-18T09:29:06.683486
4,771,0.02635352313518524,2026-05-18T09:29:06.753148
4,772,0.027506140992045403,2026-05-18T09:29:06.823546
4,773,0.027089500799775124,2026-05-18T09:29:07.508205
4,774,0.026227647438645363,2026-05-18T09:29:07.577054
4,775,0.030739130452275276,2026-05-18T09:29:07.647967
4,776,0.025894679129123688,2026-05-18T09:29:07.718395
4,777,0.025049850344657898,2026-05-18T09:29:08.202279
4,778,0.027392776682972908,2026-05-18T09:29:08.274894
4,779,0.02812706120312214,2026-05-18T09:29:08.348925
4,780,0.027595020830631256,2026-05-18T09:29:08.422639
4,781,0.024359656497836113,2026-05-18T09:29:09.066729
4,782,0.024753103032708168,2026-05-18T09:29:09.137647
4,783,0.026093630120158195,2026-05-18T09:29:09.210217
4,784,0.0338159017264843,2026-05-18T09:29:09.284446
4,785,0.025628186762332916,2026-05-18T09:29:09.839498
4,786,0.029041500762104988,2026-05-18T09:29:09.911949
4,787,0.03396204486489296,2026-05-18T09:29:09.984490
4,788,0.02559058926999569,2026-05-18T09:29:10.056614
4,789,0.025065552443265915,2026-05-18T09:29:10.514991
4,790,0.023856423795223236,2026-05-18T09:29:10.584911
4,791,0.029153497889637947,2026-05-18T09:29:10.657802
4,792,0.025770580396056175,2026-05-18T09:29:10.729579
4,793,0.03099183365702629,2026-05-18T09:29:11.245589
4,794,0.025729233399033546,2026-05-18T09:29:11.318178
4,795,0.025053078308701515,2026-05-18T09:29:11.392337
4,796,0.027711180970072746,2026-05-18T09:29:11.464597
4,797,0.029533449560403824,2026-05-18T09:29:11.968821
4,798,0.025729013606905937,2026-05-18T09:29:12.040545
4,799,0.02547983080148697,2026-05-18T09:29:12.113557
4,800,0.030643492937088013,2026-05-18T09:29:12.185877
4,801,0.02776486799120903,2026-05-18T09:29:12.919728
4,802,0.027548225596547127,2026-05-18T09:29:12.992115
4,803,0.028057174757122993,2026-05-18T09:29:13.063707
4,804,0.027919111773371696,2026-05-18T09:29:13.135641
4,805,0.029063452035188675,2026-05-18T09:29:13.647434
4,806,0.02906089648604393,2026-05-18T09:29:13.733946
4,807,0.028695322573184967,2026-05-18T09:29:13.805391
4,808,0.0262297410517931,2026-05-18T09:29:13.878037
4,809,0.02388322912156582,2026-05-18T09:29:14.378767
4,810,0.03062298521399498,2026-05-18T09:29:14.449108
4,811,0.025236433371901512,2026-05-18T09:29:14.520780
4,812,0.02697846293449402,2026-05-18T09:29:14.593443
4,813,0.025495905429124832,2026-05-18T09:29:15.326869
4,814,0.026093389838933945,2026-05-18T09:29:15.399136
4,815,0.028132207691669464,2026-05-18T09:29:15.471837
4,816,0.030825959518551826,2026-05-18T09:29:15.543961
4,817,0.026762433350086212,2026-05-18T09:29:16.292923
4,818,0.027726195752620697,2026-05-18T09:29:16.361852
4,819,0.028727948665618896,2026-05-18T09:29:16.433653
4,820,0.028916629031300545,2026-05-18T09:29:16.505332
4,821,0.02546519599854946,2026-05-18T09:29:17.068083
4,822,0.027762630954384804,2026-05-18T09:29:17.137539
4,823,0.02686346136033535,2026-05-18T09:29:17.209965
4,824,0.02594732493162155,2026-05-18T09:29:17.283906
4,825,0.02781730517745018,2026-05-18T09:29:17.850917
4,826,0.025265390053391457,2026-05-18T09:29:17.921787
4,827,0.030088406056165695,2026-05-18T09:29:17.994994
4,828,0.02696109563112259,2026-05-18T09:29:18.068473
4,829,0.027377154678106308,2026-05-18T09:29:18.677083
4,830,0.028454376384615898,2026-05-18T09:29:18.747351
4,831,0.02569006197154522,2026-05-18T09:29:18.819755
4,832,0.0266584325581789,2026-05-18T09:29:18.891869
4,833,0.023689890280365944,2026-05-18T09:29:19.352272
4,834,0.02782091498374939,2026-05-18T09:29:19.424198
4,835,0.02734323777258396,2026-05-18T09:29:19.496668
4,836,0.031831905245780945,2026-05-18T09:29:19.568968
4,837,0.02645951136946678,2026-05-18T09:29:20.193829
4,838,0.027121402323246002,2026-05-18T09:29:20.263100
4,839,0.024516787379980087,2026-05-18T09:29:20.334818
4,840,0.03181957080960274,2026-05-18T09:29:20.407467
4,841,0.030118288472294807,2026-05-18T09:29:21.015746
4,842,0.026039039716124535,2026-05-18T09:29:21.087321
4,843,0.031464871019124985,2026-05-18T09:29:21.159571
4,844,0.027899939566850662,2026-05-18T09:29:21.231399
4,845,0.025494268164038658,2026-05-18T09:29:21.751928
4,846,0.02926976978778839,2026-05-18T09:29:21.825239
4,847,0.030022969469428062,2026-05-18T09:29:21.898488
4,848,0.02795354835689068,2026-05-18T09:29:21.970099
4,849,0.025684304535388947,2026-05-18T09:29:22.637831
4,850,0.02456161007285118,2026-05-18T09:29:22.711770
4,851,0.03381367400288582,2026-05-18T09:29:22.790117
4,852,0.023725062608718872,2026-05-18T09:29:22.864702
4,853,0.032814860343933105,2026-05-18T09:29:23.469438
4,854,0.029206376522779465,2026-05-18T09:29:23.542309
4,855,0.02764860726892948,2026-05-18T09:29:23.617481
4,856,0.030991075560450554,2026-05-18T09:29:23.709961
4,857,0.028912505134940147,2026-05-18T09:29:24.371757
4,858,0.0277132336050272,2026-05-18T09:29:24.445191
4,859,0.02381635643541813,2026-05-18T09:29:24.519681
4,860,0.02621709369122982,2026-05-18T09:29:24.594319
4,861,0.026441145688295364,2026-05-18T09:29:25.163082
4,862,0.027654176577925682,2026-05-18T09:29:25.235254
4,863,0.027213452383875847,2026-05-18T09:29:25.311512
4,864,0.028191376477479935,2026-05-18T09:29:25.385262
4,865,0.02623130939900875,2026-05-18T09:29:26.108731
4,866,0.03442985191941261,2026-05-18T09:29:26.179278
4,867,0.027876606211066246,2026-05-18T09:29:26.253140
4,868,0.02750512771308422,2026-05-18T09:29:26.326478
4,869,0.027055993676185608,2026-05-18T09:29:27.076868
4,870,0.027251871302723885,2026-05-18T09:29:27.149260
4,871,0.0311211496591568,2026-05-18T09:29:27.222420
4,872,0.027130931615829468,2026-05-18T09:29:27.295449
4,873,0.024174336344003677,2026-05-18T09:29:27.822072
4,874,0.02591313049197197,2026-05-18T09:29:27.894475
4,875,0.03184958174824715,2026-05-18T09:29:27.968658
4,876,0.026150692254304886,2026-05-18T09:29:28.042123
4,877,0.027726273983716965,2026-05-18T09:29:28.601682
4,878,0.028954915702342987,2026-05-18T09:29:28.672895
4,879,0.030683791264891624,2026-05-18T09:29:28.744790
4,880,0.024637635797262192,2026-05-18T09:29:28.816872
4,881,0.03352656960487366,2026-05-18T09:29:29.467566
4,882,0.02695101872086525,2026-05-18T09:29:29.538093
4,883,0.029091311618685722,2026-05-18T09:29:29.610740
4,884,0.02933569625020027,2026-05-18T09:29:29.686492
4,885,0.0387016162276268,2026-05-18T09:29:30.310314
4,886,0.026204321533441544,2026-05-18T09:29:30.383928
4,887,0.027131693437695503,2026-05-18T09:29:30.460118
4,888,0.0270974300801754,2026-05-18T09:29:30.532589
4,889,0.02369566634297371,2026-05-18T09:29:31.248722
4,890,0.029105020686984062,2026-05-18T09:29:31.318574
4,891,0.028188958764076233,2026-05-18T09:29:31.390011
4,892,0.03123241476714611,2026-05-18T09:29:31.462873
4,893,0.028154537081718445,2026-05-18T09:29:31.847778
4,894,0.026097765192389488,2026-05-18T09:29:31.918387
4,895,0.024877609685063362,2026-05-18T09:29:31.991537
4,896,0.0313798151910305,2026-05-18T09:29:32.064113
4,897,0.028753628954291344,2026-05-18T09:29:32.552900
4,898,0.02770501933991909,2026-05-18T09:29:32.620822
4,899,0.025512350723147392,2026-05-18T09:29:32.692858
4,900,0.026672765612602234,2026-05-18T09:29:32.764796
4,901,0.027270806953310966,2026-05-18T09:29:33.421033
4,902,0.026135336607694626,2026-05-18T09:29:33.491856
4,903,0.02414589375257492,2026-05-18T09:29:33.565083
4,904,0.02388226054608822,2026-05-18T09:29:33.636280
4,905,0.03177059069275856,2026-05-18T09:29:34.267574
4,906,0.028249945491552353,2026-05-18T09:29:34.354503
4,907,0.029116028919816017,2026-05-18T09:29:34.427629
4,908,0.026093846186995506,2026-05-18T09:29:34.499831
4,909,0.02597965858876705,2026-05-18T09:29:35.067388
4,910,0.026379378512501717,2026-05-18T09:29:35.138149
4,911,0.029404576867818832,2026-05-18T09:29:35.211220
4,912,0.02631901390850544,2026-05-18T09:29:35.284417
4,913,0.03275776281952858,2026-05-18T09:29:35.985150
4,914,0.027578482404351234,2026-05-18T09:29:36.055498
4,915,0.028725456446409225,2026-05-18T09:29:36.127573
4,916,0.028725987300276756,2026-05-18T09:29:36.203518
4,917,0.025878284126520157,2026-05-18T09:29:36.797465
4,918,0.024732382968068123,2026-05-18T09:29:36.914301
4,919,0.02737104520201683,2026-05-18T09:29:36.984357
4,920,0.024502847343683243,2026-05-18T09:29:37.054662
4,921,0.02780081145465374,2026-05-18T09:29:37.667252
4,922,0.027458539232611656,2026-05-18T09:29:37.736082
4,923,0.026538198813796043,2026-05-18T09:29:37.808007
4,924,0.02944769524037838,2026-05-18T09:29:37.879806
4,925,0.025821538642048836,2026-05-18T09:29:38.445335
4,926,0.025857090950012207,2026-05-18T09:29:38.550219
4,927,0.03040536306798458,2026-05-18T09:29:38.620806
4,928,0.029179180040955544,2026-05-18T09:29:38.692860
4,929,0.026397598907351494,2026-05-18T09:29:39.310553
4,930,0.024726631119847298,2026-05-18T09:29:39.384101
4,931,0.024398546665906906,2026-05-18T09:29:39.455374
4,932,0.024379322305321693,2026-05-18T09:29:39.527976
4,933,0.0229555144906044,2026-05-18T09:29:40.012170
4,934,0.0269466619938612,2026-05-18T09:29:40.081952
4,935,0.02794952690601349,2026-05-18T09:29:40.153169
4,936,0.02587893046438694,2026-05-18T09:29:40.227352
4,937,0.029413165524601936,2026-05-18T09:29:40.857579
4,938,0.028414633125066757,2026-05-18T09:29:40.929205
4,939,0.02657017670571804,2026-05-18T09:29:41.000260
4,940,0.02679363265633583,2026-05-18T09:29:41.072199
4,941,0.031039170920848846,2026-05-18T09:29:41.523865
4,942,0.03230227902531624,2026-05-18T09:29:41.596410
4,943,0.028196075931191444,2026-05-18T09:29:41.668857
4,944,0.02587377279996872,2026-05-18T09:29:41.740931
4,945,0.024950599297881126,2026-05-18T09:29:42.424044
4,946,0.02828647568821907,2026-05-18T09:29:42.497657
4,947,0.032415371388196945,2026-05-18T09:29:42.569791
4,948,0.024265233427286148,2026-05-18T09:29:42.641713
4,949,0.026188844814896584,2026-05-18T09:29:43.333768
4,950,0.025688111782073975,2026-05-18T09:29:43.402707
4,951,0.030573030933737755,2026-05-18T09:29:43.474823
4,952,0.034937117248773575,2026-05-18T09:29:43.547276
4,953,0.027646806091070175,2026-05-18T09:29:43.941311
4,954,0.025188438594341278,2026-05-18T09:29:44.010911
4,955,0.028092335909605026,2026-05-18T09:29:44.083020
4,956,0.02647221088409424,2026-05-18T09:29:44.169175
4,957,0.027618443593382835,2026-05-18T09:29:44.791958
4,958,0.027740109711885452,2026-05-18T09:29:44.860540
4,959,0.03096303530037403,2026-05-18T09:29:44.932125
4,960,0.028401700779795647,2026-05-18T09:29:45.002318
4,961,0.026951171457767487,2026-05-18T09:29:45.502681
4,962,0.027005523443222046,2026-05-18T09:29:45.574313
4,963,0.026999201625585556,2026-05-18T09:29:45.645691
4,964,0.027506548911333084,2026-05-18T09:29:45.716986
4,965,0.026508629322052002,2026-05-18T09:29:46.213690
4,966,0.02823101356625557,2026-05-18T09:29:46.284150
4,967,0.029800696298480034,2026-05-18T09:29:46.356063
4,968,0.02854725532233715,2026-05-18T09:29:46.427631
4,969,0.028428301215171814,2026-05-18T09:29:46.941346
4,970,0.02693367190659046,2026-05-18T09:29:47.011044
4,971,0.027542324736714363,2026-05-18T09:29:47.081692
4,972,0.03159788250923157,2026-05-18T09:29:47.152334
4,973,0.030314838513731956,2026-05-18T09:29:47.705068
4,974,0.031297847628593445,2026-05-18T09:29:47.774557
4,975,0.027204828336834908,2026-05-18T09:29:47.844707
4,976,0.03259998932480812,2026-05-18T09:29:47.915255
4,977,0.026340492069721222,2026-05-18T09:29:48.465830
4,978,0.02843063697218895,2026-05-18T09:29:48.536970
4,979,0.026677977293729782,2026-05-18T09:29:48.608330
4,980,0.02525545470416546,2026-05-18T09:29:48.679001
4,981,0.02798197604715824,2026-05-18T09:29:49.230637
4,982,0.0297699011862278,2026-05-18T09:29:49.300148
4,983,0.03055698610842228,2026-05-18T09:29:49.372212
4,984,0.02930905483663082,2026-05-18T09:29:49.444829
4,985,0.03440425172448158,2026-05-18T09:29:50.188714
4,986,0.02835659869015217,2026-05-18T09:29:50.259608
4,987,0.02738165855407715,2026-05-18T09:29:50.331647
4,988,0.026533490046858788,2026-05-18T09:29:50.405217
4,989,0.02660989575088024,2026-05-18T09:29:51.033814
4,990,0.028485756367444992,2026-05-18T09:29:51.106310
4,991,0.02720923349261284,2026-05-18T09:29:51.179806
4,992,0.032209694385528564,2026-05-18T09:29:51.250922
4,993,0.032414451241493225,2026-05-18T09:29:51.868134
4,994,0.03125053644180298,2026-05-18T09:29:51.939257
4,995,0.03040403500199318,2026-05-18T09:29:52.011343
4,996,0.02811182476580143,2026-05-18T09:29:52.084839
4,997,0.02595031075179577,2026-05-18T09:29:52.644778
4,998,0.024815324693918228,2026-05-18T09:29:52.714499
4,999,0.02788103185594082,2026-05-18T09:29:52.788655
4,1000,0.029585562646389008,2026-05-18T09:29:52.859355
4,1001,0.026098333299160004,2026-05-18T09:29:53.597194
4,1002,0.02436341904103756,2026-05-18T09:29:53.667615
4,1003,0.027622703462839127,2026-05-18T09:29:53.742691
4,1004,0.03252391144633293,2026-05-18T09:29:53.813935
4,1005,0.03135877847671509,2026-05-18T09:29:54.372067
4,1006,0.0329405702650547,2026-05-18T09:29:54.462459
4,1007,0.02509981580078602,2026-05-18T09:29:54.536242
4,1008,0.02589612640440464,2026-05-18T09:29:54.609664
4,1009,0.02605499140918255,2026-05-18T09:29:55.169723
4,1010,0.028291761875152588,2026-05-18T09:29:55.241543
4,1011,0.027010103687644005,2026-05-18T09:29:55.314301
4,1012,0.025223905220627785,2026-05-18T09:29:55.388635
4,1013,0.030247382819652557,2026-05-18T09:29:55.978797
4,1014,0.023082571104168892,2026-05-18T09:29:56.054215
4,1015,0.0319133996963501,2026-05-18T09:29:56.129220
4,1016,0.029269350692629814,2026-05-18T09:29:56.205504
4,1017,0.026032626628875732,2026-05-18T09:29:56.768198
4,1018,0.026277124881744385,2026-05-18T09:29:56.840437
4,1019,0.027349820360541344,2026-05-18T09:29:56.913596
4,1020,0.026398325338959694,2026-05-18T09:29:56.986531
4,1021,0.03117493912577629,2026-05-18T09:29:57.596317
4,1022,0.02945045940577984,2026-05-18T09:29:57.667526
4,1023,0.027341820299625397,2026-05-18T09:29:57.740519
4,1024,0.03260732442140579,2026-05-18T09:29:57.815212
4,1025,0.027130506932735443,2026-05-18T09:29:58.388194
4,1026,0.028514981269836426,2026-05-18T09:29:58.459559
4,1027,0.023834796622395515,2026-05-18T09:29:58.533559
4,1028,0.028517216444015503,2026-05-18T09:29:58.608562
4,1029,0.03393629193305969,2026-05-18T09:29:59.175330
4,1030,0.029876772314310074,2026-05-18T09:29:59.247355
4,1031,0.029839003458619118,2026-05-18T09:29:59.320079
4,1032,0.027767011895775795,2026-05-18T09:29:59.392660
4,1033,0.024487318471074104,2026-05-18T09:30:00.086768
4,1034,0.023025700822472572,2026-05-18T09:30:00.158678
4,1035,0.02647988498210907,2026-05-18T09:30:00.232744
4,1036,0.02693742886185646,2026-05-18T09:30:00.305553
4,1037,0.030389750376343727,2026-05-18T09:30:00.977605
4,1038,0.031223105266690254,2026-05-18T09:30:01.051503
4,1039,0.031174946576356888,2026-05-18T09:30:01.122893
4,1040,0.023378711193799973,2026-05-18T09:30:01.195600
4,1041,0.026315301656723022,2026-05-18T09:30:01.844339
4,1042,0.03427736461162567,2026-05-18T09:30:01.914537
4,1043,0.0272220466285944,2026-05-18T09:30:01.986342
4,1044,0.025731822475790977,2026-05-18T09:30:02.059628
4,1045,0.02835720032453537,2026-05-18T09:30:02.538210
4,1046,0.026140324771404266,2026-05-18T09:30:02.607744
4,1047,0.025729665532708168,2026-05-18T09:30:02.679536
4,1048,0.0278884656727314,2026-05-18T09:30:02.753395
4,1049,0.03187109902501106,2026-05-18T09:30:03.193131
4,1050,0.029275622218847275,2026-05-18T09:30:03.263446
4,1051,0.026566512882709503,2026-05-18T09:30:03.334626
4,1052,0.027217527851462364,2026-05-18T09:30:03.451251
4,1053,0.02699188143014908,2026-05-18T09:30:03.964639
4,1054,0.02847299538552761,2026-05-18T09:30:04.036646
4,1055,0.023738829419016838,2026-05-18T09:30:04.107849
4,1056,0.024790091440081596,2026-05-18T09:30:04.281130
4,1057,0.029778607189655304,2026-05-18T09:30:04.619522
4,1058,0.02738882228732109,2026-05-18T09:30:04.692047
4,1059,0.030879545956850052,2026-05-18T09:30:04.763272
4,1060,0.026798546314239502,2026-05-18T09:30:05.004824
4,1061,0.028773024678230286,2026-05-18T09:30:05.391282
4,1062,0.029620632529258728,2026-05-18T09:30:05.462579
4,1063,0.031930483877658844,2026-05-18T09:30:05.536013
4,1064,0.02661208063364029,2026-05-18T09:30:05.738875
4,1065,0.02710145153105259,2026-05-18T09:30:06.138482
4,1066,0.027200670912861824,2026-05-18T09:30:06.210168
4,1067,0.026074377819895744,2026-05-18T09:30:06.282150
4,1068,0.02705853432416916,2026-05-18T09:30:06.601130
4,1069,0.032680828124284744,2026-05-18T09:30:06.919773
4,1070,0.030440468341112137,2026-05-18T09:30:06.989762
4,1071,0.029532229527831078,2026-05-18T09:30:07.062547
4,1072,0.02744945138692856,2026-05-18T09:30:07.385701
4,1073,0.026004862040281296,2026-05-18T09:30:07.518072
4,1074,0.02947094291448593,2026-05-18T09:30:07.588699
4,1075,0.030545981600880623,2026-05-18T09:30:07.699847
4,1076,0.028670478612184525,2026-05-18T09:30:08.300597
4,1077,0.027542071416974068,2026-05-18T09:30:08.372061
4,1078,0.0262659452855587,2026-05-18T09:30:08.444756
4,1079,0.02735639363527298,2026-05-18T09:30:08.517516
4,1080,0.02487071417272091,2026-05-18T09:30:09.101696
4,1081,0.03809947147965431,2026-05-18T09:30:09.170705
4,1082,0.026339508593082428,2026-05-18T09:30:09.247756
4,1083,0.030654603615403175,2026-05-18T09:30:09.317437
4,1084,0.03162457048892975,2026-05-18T09:30:09.874410
4,1085,0.025963252410292625,2026-05-18T09:30:09.945007
4,1086,0.0261384304612875,2026-05-18T09:30:10.020266
4,1087,0.026648152619600296,2026-05-18T09:30:10.098851
4,1088,0.027707446366548538,2026-05-18T09:30:10.663524
4,1089,0.027472326532006264,2026-05-18T09:30:10.734137
4,1090,0.025493044406175613,2026-05-18T09:30:10.804233
4,1091,0.028022531419992447,2026-05-18T09:30:10.874986
4,1092,0.026540106162428856,2026-05-18T09:30:11.431697
4,1093,0.027181552723050117,2026-05-18T09:30:11.501599
4,1094,0.026849152520298958,2026-05-18T09:30:11.572528
4,1095,0.02591540478169918,2026-05-18T09:30:11.643194
4,1096,0.03182545676827431,2026-05-18T09:30:12.118203
4,1097,0.025282254442572594,2026-05-18T09:30:12.189473
4,1098,0.024811986833810806,2026-05-18T09:30:12.262110
4,1099,0.026631487533450127,2026-05-18T09:30:12.370810
4,1100,0.025749865919351578,2026-05-18T09:30:12.931886
4,1101,0.03346463665366173,2026-05-18T09:30:13.126349
4,1102,0.023816946893930435,2026-05-18T09:30:13.196615
4,1103,0.03168601542711258,2026-05-18T09:30:13.290239
4,1104,0.028791628777980804,2026-05-18T09:30:13.588303
4,1105,0.026749948039650917,2026-05-18T09:30:13.976412
4,1106,0.028584159910678864,2026-05-18T09:30:14.066333
4,1107,0.02418561838567257,2026-05-18T09:30:14.138098
4,1108,0.02524317428469658,2026-05-18T09:30:14.380235
4,1109,0.025684719905257225,2026-05-18T09:30:14.805664
4,1110,0.02832958847284317,2026-05-18T09:30:14.877518
4,1111,0.026522723957896233,2026-05-18T09:30:14.950115
4,1112,0.029032643884420395,2026-05-18T09:30:15.205900
4,1113,0.026575634256005287,2026-05-18T09:30:15.693234
4,1114,0.024103043600916862,2026-05-18T09:30:15.762698
4,1115,0.026880016550421715,2026-05-18T09:30:15.834847
4,1116,0.024124110117554665,2026-05-18T09:30:16.001623
4,1117,0.025158129632472992,2026-05-18T09:30:16.495168
4,1118,0.030915478244423866,2026-05-18T09:30:16.565324
4,1119,0.029999595135450363,2026-05-18T09:30:16.638256
4,1120,0.027512744069099426,2026-05-18T09:30:16.707796
4,1121,0.02533595636487007,2026-05-18T09:30:17.275869
4,1122,0.024975566193461418,2026-05-18T09:30:17.344966
4,1123,0.028803659602999687,2026-05-18T09:30:17.416842
4,1124,0.027321601286530495,2026-05-18T09:30:17.486116
4,1125,0.02740679495036602,2026-05-18T09:30:18.148762
4,1126,0.025264056399464607,2026-05-18T09:30:18.217191
4,1127,0.024974141269922256,2026-05-18T09:30:18.286695
4,1128,0.025689221918582916,2026-05-18T09:30:18.360662
4,1129,0.02575571835041046,2026-05-18T09:30:18.971790
4,1130,0.029995951801538467,2026-05-18T09:30:19.039249
4,1131,0.029779920354485512,2026-05-18T09:30:19.108433
4,1132,0.029456932097673416,2026-05-18T09:30:19.180792
4,1133,0.029057610780000687,2026-05-18T09:30:19.810476
4,1134,0.03131613880395889,2026-05-18T09:30:19.880762
4,1135,0.028845354914665222,2026-05-18T09:30:19.952060
4,1136,0.03228091821074486,2026-05-18T09:30:20.024946
4,1137,0.034354694187641144,2026-05-18T09:30:20.561312
4,1138,0.026044676080346107,2026-05-18T09:30:20.630372
4,1139,0.02617342583835125,2026-05-18T09:30:20.702193
4,1140,0.023637883365154266,2026-05-18T09:30:20.776391
4,1141,0.0270706620067358,2026-05-18T09:30:21.302449
4,1142,0.026363875716924667,2026-05-18T09:30:21.373117
4,1143,0.03358345478773117,2026-05-18T09:30:21.447322
4,1144,0.02637738548219204,2026-05-18T09:30:21.520622
4,1145,0.02498721145093441,2026-05-18T09:30:22.128587
4,1146,0.02731645107269287,2026-05-18T09:30:22.199381
4,1147,0.02780918963253498,2026-05-18T09:30:22.270683
5,0,0.025045672431588173,2026-05-18T09:30:26.954716
5,1,0.028357818722724915,2026-05-18T09:30:27.132177
5,2,0.032247524708509445,2026-05-18T09:30:27.266078
5,3,0.029063021764159203,2026-05-18T09:30:27.352336
5,4,0.027808161452412605,2026-05-18T09:30:27.836069
5,5,0.02481222152709961,2026-05-18T09:30:27.930857
5,6,0.029757866635918617,2026-05-18T09:30:28.006238
5,7,0.02933420240879059,2026-05-18T09:30:28.081004
5,8,0.027084138244390488,2026-05-18T09:30:28.757917
5,9,0.02643520198762417,2026-05-18T09:30:28.830012
5,10,0.026493670418858528,2026-05-18T09:30:28.903208
5,11,0.025790974497795105,2026-05-18T09:30:28.977223
5,12,0.02649579383432865,2026-05-18T09:30:29.594943
5,13,0.03522419184446335,2026-05-18T09:30:29.671836
5,14,0.02927841804921627,2026-05-18T09:30:29.746747
5,15,0.027922289445996284,2026-05-18T09:30:29.825715
5,16,0.02873486466705799,2026-05-18T09:30:30.280028
5,17,0.02522803284227848,2026-05-18T09:30:30.500351
5,18,0.032954391092061996,2026-05-18T09:30:30.575638
5,19,0.028397593647241592,2026-05-18T09:30:30.649263
5,20,0.029948214069008827,2026-05-18T09:30:31.022581
5,21,0.029323525726795197,2026-05-18T09:30:31.244876
5,22,0.025371698662638664,2026-05-18T09:30:31.316433
5,23,0.025856688618659973,2026-05-18T09:30:31.401341
5,24,0.02742885984480381,2026-05-18T09:30:31.709962
5,25,0.02705574966967106,2026-05-18T09:30:32.027998
5,26,0.027404751628637314,2026-05-18T09:30:32.100274
5,27,0.03287871181964874,2026-05-18T09:30:32.173907
5,28,0.027716217562556267,2026-05-18T09:30:32.788062
5,29,0.03001452051103115,2026-05-18T09:30:33.036198
5,30,0.02819984033703804,2026-05-18T09:30:33.106862
5,31,0.026277771219611168,2026-05-18T09:30:33.178555
5,32,0.02965342439711094,2026-05-18T09:30:33.469730
5,33,0.028368715196847916,2026-05-18T09:30:33.871029
5,34,0.025695113465189934,2026-05-18T09:30:33.945223
5,35,0.024497028440237045,2026-05-18T09:30:34.017403
5,36,0.028946584090590477,2026-05-18T09:30:34.175970
5,37,0.025094155222177505,2026-05-18T09:30:34.560944
5,38,0.033845122903585434,2026-05-18T09:30:34.632892
5,39,0.030784497037529945,2026-05-18T09:30:34.705367
5,40,0.03432008996605873,2026-05-18T09:30:34.933024
5,41,0.028463708236813545,2026-05-18T09:30:35.351246
5,42,0.026791304349899292,2026-05-18T09:30:35.421875
5,43,0.03012987971305847,2026-05-18T09:30:35.493716
5,44,0.025212347507476807,2026-05-18T09:30:35.659570
5,45,0.026941319927573204,2026-05-18T09:30:36.086258
5,46,0.026971934363245964,2026-05-18T09:30:36.157561
5,47,0.02665805071592331,2026-05-18T09:30:36.232709
5,48,0.03036350943148136,2026-05-18T09:30:36.459058
5,49,0.025728248059749603,2026-05-18T09:30:36.813073
5,50,0.027796629816293716,2026-05-18T09:30:36.884687
5,51,0.02438669465482235,2026-05-18T09:30:36.956290
5,52,0.028055086731910706,2026-05-18T09:30:37.044221
5,53,0.031287405639886856,2026-05-18T09:30:37.597004
5,54,0.027061009779572487,2026-05-18T09:30:37.671318
5,55,0.029004663228988647,2026-05-18T09:30:37.743550
5,56,0.024619242176413536,2026-05-18T09:30:37.876066
5,57,0.031104447320103645,2026-05-18T09:30:38.384885
5,58,0.029621750116348267,2026-05-18T09:30:38.471101
5,59,0.02756582945585251,2026-05-18T09:30:38.550447
5,60,0.026916516944766045,2026-05-18T09:30:38.624376
5,61,0.03171996399760246,2026-05-18T09:30:39.128174
5,62,0.025120876729488373,2026-05-18T09:30:39.200715
5,63,0.03076641447842121,2026-05-18T09:30:39.371013
5,64,0.02897796407341957,2026-05-18T09:30:39.442168
5,65,0.02532409317791462,2026-05-18T09:30:39.889753
5,66,0.027540039271116257,2026-05-18T09:30:39.961004
5,67,0.027263382449746132,2026-05-18T09:30:40.035404
5,68,0.03067091293632984,2026-05-18T09:30:40.108280
5,69,0.026301972568035126,2026-05-18T09:30:40.576070
5,70,0.027936257421970367,2026-05-18T09:30:40.648768
5,71,0.03398895263671875,2026-05-18T09:30:40.740034
5,72,0.026323342695832253,2026-05-18T09:30:40.824834
5,73,0.03050682693719864,2026-05-18T09:30:41.275028
5,74,0.031674012541770935,2026-05-18T09:30:41.344791
5,75,0.036820463836193085,2026-05-18T09:30:41.514857
5,76,0.028824739158153534,2026-05-18T09:30:41.587036
5,77,0.025977155193686485,2026-05-18T09:30:41.926825
5,78,0.028332717716693878,2026-05-18T09:30:41.997829
5,79,0.026357710361480713,2026-05-18T09:30:42.279163
5,80,0.030480345711112022,2026-05-18T09:30:42.349636
5,81,0.03215377405285835,2026-05-18T09:30:42.735138
5,82,0.027912357822060585,2026-05-18T09:30:42.803193
5,83,0.026328079402446747,2026-05-18T09:30:43.024930
5,84,0.02490069903433323,2026-05-18T09:30:43.094681
5,85,0.02665223926305771,2026-05-18T09:30:43.478423
5,86,0.02685788832604885,2026-05-18T09:30:43.548898
5,87,0.028576485812664032,2026-05-18T09:30:43.768730
5,88,0.026300683617591858,2026-05-18T09:30:43.847252
5,89,0.027265354990959167,2026-05-18T09:30:44.124391
5,90,0.029585452750325203,2026-05-18T09:30:44.193916
5,91,0.027687078341841698,2026-05-18T09:30:44.537292
5,92,0.03163909167051315,2026-05-18T09:30:44.607873
5,93,0.02900385856628418,2026-05-18T09:30:44.943216
5,94,0.03287013992667198,2026-05-18T09:30:45.013889
5,95,0.026026666164398193,2026-05-18T09:30:45.272912
5,96,0.031073670834302902,2026-05-18T09:30:45.344369
5,97,0.030907651409506798,2026-05-18T09:30:45.636281
5,98,0.028071075677871704,2026-05-18T09:30:45.707933
5,99,0.02704186737537384,2026-05-18T09:30:46.010513
5,100,0.024040842428803444,2026-05-18T09:30:46.082970
5,101,0.026040034368634224,2026-05-18T09:30:46.575071
5,102,0.030058911070227623,2026-05-18T09:30:46.647543
5,103,0.028150910511612892,2026-05-18T09:30:46.862920
5,104,0.02801348827779293,2026-05-18T09:30:46.935169
5,105,0.027551967650651932,2026-05-18T09:30:47.415675
5,106,0.024860495701432228,2026-05-18T09:30:47.486876
5,107,0.026727385818958282,2026-05-18T09:30:47.586674
5,108,0.028399033471941948,2026-05-18T09:30:47.673993
5,109,0.02495153248310089,2026-05-18T09:30:48.197396
5,110,0.02532263658940792,2026-05-18T09:30:48.267132
5,111,0.029828639701008797,2026-05-18T09:30:48.341039
5,112,0.025467054918408394,2026-05-18T09:30:48.412896
5,113,0.028495198115706444,2026-05-18T09:30:49.013446
5,114,0.026439055800437927,2026-05-18T09:30:49.082707
5,115,0.028767794370651245,2026-05-18T09:30:49.154007
5,116,0.031761351972818375,2026-05-18T09:30:49.224865
5,117,0.025954032316803932,2026-05-18T09:30:49.693703
5,118,0.03047354705631733,2026-05-18T09:30:49.763398
5,119,0.02909127064049244,2026-05-18T09:30:49.937609
5,120,0.027740219607949257,2026-05-18T09:30:50.009002
5,121,0.02850043587386608,2026-05-18T09:30:50.388161
5,122,0.030101275071501732,2026-05-18T09:30:50.458025
5,123,0.023482918739318848,2026-05-18T09:30:50.854916
5,124,0.028590569272637367,2026-05-18T09:30:50.924682
5,125,0.027474407106637955,2026-05-18T09:30:51.092387
5,126,0.032182469964027405,2026-05-18T09:30:51.160717
5,127,0.02760305255651474,2026-05-18T09:30:51.726997
5,128,0.026792988181114197,2026-05-18T09:30:51.797037
5,129,0.031057072803378105,2026-05-18T09:30:51.868689
5,130,0.027510257437825203,2026-05-18T09:30:51.942144
5,131,0.026644345372915268,2026-05-18T09:30:52.591481
5,132,0.028153542429208755,2026-05-18T09:30:52.660695
5,133,0.027206366881728172,2026-05-18T09:30:52.731054
5,134,0.031247815117239952,2026-05-18T09:30:52.807287
5,135,0.03019081987440586,2026-05-18T09:30:53.311471
5,136,0.03172299638390541,2026-05-18T09:30:53.384638
5,137,0.02458665892481804,2026-05-18T09:30:53.456966
5,138,0.02950979582965374,2026-05-18T09:30:53.530180
5,139,0.02487008087337017,2026-05-18T09:30:54.170608
5,140,0.029234739020466805,2026-05-18T09:30:54.241849
5,141,0.025850219652056694,2026-05-18T09:30:54.314116
5,142,0.026649944484233856,2026-05-18T09:30:54.387005
5,143,0.03152371942996979,2026-05-18T09:30:54.937878
5,144,0.0314205139875412,2026-05-18T09:30:55.008214
5,145,0.028186330571770668,2026-05-18T09:30:55.080204
5,146,0.02477172389626503,2026-05-18T09:30:55.152117
5,147,0.029007025063037872,2026-05-18T09:30:55.662901
5,148,0.0273267924785614,2026-05-18T09:30:55.732470
5,149,0.027325069531798363,2026-05-18T09:30:55.805238
5,150,0.027968455106019974,2026-05-18T09:30:55.878121
5,151,0.02562856301665306,2026-05-18T09:30:56.356821
5,152,0.03140067681670189,2026-05-18T09:30:56.428875
5,153,0.025330813601613045,2026-05-18T09:30:56.500162
5,154,0.028546126559376717,2026-05-18T09:30:56.575509
5,155,0.024411765858530998,2026-05-18T09:30:57.102404
5,156,0.030391395092010498,2026-05-18T09:30:57.172174
5,157,0.02537890151143074,2026-05-18T09:30:57.244352
5,158,0.025140512734651566,2026-05-18T09:30:57.332926
5,159,0.025950772687792778,2026-05-18T09:30:57.945236
5,160,0.027951335534453392,2026-05-18T09:30:58.014390
5,161,0.02533946931362152,2026-05-18T09:30:58.087410
5,162,0.02397821843624115,2026-05-18T09:30:58.158686
5,163,0.026805108413100243,2026-05-18T09:30:58.658268
5,164,0.026415560394525528,2026-05-18T09:30:58.729276
5,165,0.03028901107609272,2026-05-18T09:30:58.801802
5,166,0.029928643256425858,2026-05-18T09:30:58.873401
5,167,0.026101531460881233,2026-05-18T09:30:59.258296
5,168,0.02794579789042473,2026-05-18T09:30:59.330440
5,169,0.025784168392419815,2026-05-18T09:30:59.404100
5,170,0.036022741347551346,2026-05-18T09:30:59.477896
5,171,0.0260381530970335,2026-05-18T09:31:00.164691
5,172,0.028951460495591164,2026-05-18T09:31:00.236344
5,173,0.02396303415298462,2026-05-18T09:31:00.309771
5,174,0.028471635654568672,2026-05-18T09:31:00.382875
5,175,0.028034988790750504,2026-05-18T09:31:01.022291
5,176,0.027196461334824562,2026-05-18T09:31:01.097700
5,177,0.030082879588007927,2026-05-18T09:31:01.170329
5,178,0.024721460416913033,2026-05-18T09:31:01.243221
5,179,0.024923348799347878,2026-05-18T09:31:01.832437
5,180,0.029007509350776672,2026-05-18T09:31:01.905131
5,181,0.02778587117791176,2026-05-18T09:31:01.981231
5,182,0.030416712164878845,2026-05-18T09:31:02.057788
5,183,0.025993015617132187,2026-05-18T09:31:02.505178
5,184,0.02500450611114502,2026-05-18T09:31:02.579150
5,185,0.026930080726742744,2026-05-18T09:31:02.652866
5,186,0.0348895899951458,2026-05-18T09:31:02.726803
5,187,0.031402699649333954,2026-05-18T09:31:03.269914
5,188,0.025621017441153526,2026-05-18T09:31:03.340764
5,189,0.030261097475886345,2026-05-18T09:31:03.414580
5,190,0.026506979018449783,2026-05-18T09:31:03.488054
5,191,0.027894066646695137,2026-05-18T09:31:03.954802
5,192,0.035749755799770355,2026-05-18T09:31:04.027344
5,193,0.028600968420505524,2026-05-18T09:31:04.100720
5,194,0.03084382228553295,2026-05-18T09:31:04.174029
5,195,0.02605508826673031,2026-05-18T09:31:04.694012
5,196,0.029767656698822975,2026-05-18T09:31:04.764378
5,197,0.025164594873785973,2026-05-18T09:31:04.919144
5,198,0.029395848512649536,2026-05-18T09:31:04.988953
5,199,0.029070300981402397,2026-05-18T09:31:05.376648
5,200,0.030179563909769058,2026-05-18T09:31:05.446019
5,201,0.027213480323553085,2026-05-18T09:31:05.718234
5,202,0.02996051497757435,2026-05-18T09:31:05.787969
5,203,0.027433371171355247,2026-05-18T09:31:06.173137
5,204,0.025877024978399277,2026-05-18T09:31:06.243258
5,205,0.0242929644882679,2026-05-18T09:31:06.553677
5,206,0.03066607005894184,2026-05-18T09:31:06.625035
5,207,0.02526952512562275,2026-05-18T09:31:06.826969
5,208,0.02718586102128029,2026-05-18T09:31:06.912788
5,209,0.02706303261220455,2026-05-18T09:31:07.246795
5,210,0.02698010951280594,2026-05-18T09:31:07.316151
5,211,0.030062329024076462,2026-05-18T09:31:07.689497
5,212,0.03079635091125965,2026-05-18T09:31:07.757763
5,213,0.027647577226161957,2026-05-18T09:31:07.970809
5,214,0.024013478308916092,2026-05-18T09:31:08.041818
5,215,0.027668865397572517,2026-05-18T09:31:08.556431
5,216,0.027677372097969055,2026-05-18T09:31:08.629112
5,217,0.026472073048353195,2026-05-18T09:31:08.701580
5,218,0.027484700083732605,2026-05-18T09:31:08.774399
5,219,0.024536218494176865,2026-05-18T09:31:09.338466
5,220,0.029834173619747162,2026-05-18T09:31:09.408437
5,221,0.02837245538830757,2026-05-18T09:31:09.485786
5,222,0.03165964409708977,2026-05-18T09:31:09.556335
5,223,0.029244108125567436,2026-05-18T09:31:10.116915
5,224,0.030599495396018028,2026-05-18T09:31:10.187843
5,225,0.027525249868631363,2026-05-18T09:31:10.261200
5,226,0.029298894107341766,2026-05-18T09:31:10.334147
5,227,0.02542044222354889,2026-05-18T09:31:10.820501
5,228,0.026993757113814354,2026-05-18T09:31:10.893123
5,229,0.033124908804893494,2026-05-18T09:31:10.964443
5,230,0.028153657913208008,2026-05-18T09:31:11.038448
5,231,0.024169128388166428,2026-05-18T09:31:11.466480
5,232,0.02795971930027008,2026-05-18T09:31:11.539304
5,233,0.029113082215189934,2026-05-18T09:31:11.623363
5,234,0.02840372920036316,2026-05-18T09:31:11.695618
5,235,0.03240809962153435,2026-05-18T09:31:12.230575
5,236,0.02635994181036949,2026-05-18T09:31:12.301867
5,237,0.027760785073041916,2026-05-18T09:31:12.373880
5,238,0.02533714659512043,2026-05-18T09:31:12.448593
5,239,0.026152431964874268,2026-05-18T09:31:12.938124
5,240,0.02590065449476242,2026-05-18T09:31:13.008958
5,241,0.02913401462137699,2026-05-18T09:31:13.090130
5,242,0.03064686991274357,2026-05-18T09:31:13.165230
5,243,0.030393386259675026,2026-05-18T09:31:13.743248
5,244,0.026993528008461,2026-05-18T09:31:13.812556
5,245,0.0267485361546278,2026-05-18T09:31:13.882415
5,246,0.026712043210864067,2026-05-18T09:31:13.955902
5,247,0.024553675204515457,2026-05-18T09:31:14.429312
5,248,0.031704798340797424,2026-05-18T09:31:14.502267
5,249,0.03209420293569565,2026-05-18T09:31:14.573546
5,250,0.02944789081811905,2026-05-18T09:31:14.667421
5,251,0.027771849185228348,2026-05-18T09:31:15.180181
5,252,0.03104841336607933,2026-05-18T09:31:15.332221
5,253,0.026602251455187798,2026-05-18T09:31:15.401481
5,254,0.026940127834677696,2026-05-18T09:31:15.471592
5,255,0.026882661506533623,2026-05-18T09:31:15.976830
5,256,0.029736638069152832,2026-05-18T09:31:16.132996
5,257,0.026709048077464104,2026-05-18T09:31:16.204410
5,258,0.02711597830057144,2026-05-18T09:31:16.295774
5,259,0.02518637292087078,2026-05-18T09:31:16.729399
5,260,0.028417233377695084,2026-05-18T09:31:16.799938
5,261,0.02534782513976097,2026-05-18T09:31:16.872144
5,262,0.03052663616836071,2026-05-18T09:31:16.944195
5,263,0.025008410215377808,2026-05-18T09:31:17.539069
5,264,0.02866791933774948,2026-05-18T09:31:17.653462
5,265,0.030393164604902267,2026-05-18T09:31:17.725664
5,266,0.024298103526234627,2026-05-18T09:31:17.798388
5,267,0.027940135449171066,2026-05-18T09:31:18.402808
5,268,0.030745714902877808,2026-05-18T09:31:18.474532
5,269,0.026780061423778534,2026-05-18T09:31:18.548595
5,270,0.02706741727888584,2026-05-18T09:31:18.630685
5,271,0.028889954090118408,2026-05-18T09:31:19.111833
5,272,0.03253130242228508,2026-05-18T09:31:19.205183
5,273,0.03070339560508728,2026-05-18T09:31:19.276728
5,274,0.029700785875320435,2026-05-18T09:31:19.405107
5,275,0.02407337911427021,2026-05-18T09:31:19.971653
5,276,0.02907012589275837,2026-05-18T09:31:20.043743
5,277,0.031209396198391914,2026-05-18T09:31:20.115070
5,278,0.027614453807473183,2026-05-18T09:31:20.188350
5,279,0.034783292561769485,2026-05-18T09:31:20.677337
5,280,0.02743777446448803,2026-05-18T09:31:20.754324
5,281,0.027342606335878372,2026-05-18T09:31:20.824589
5,282,0.0253799706697464,2026-05-18T09:31:20.910209
5,283,0.03059101291000843,2026-05-18T09:31:21.441058
5,284,0.029407668858766556,2026-05-18T09:31:21.524186
5,285,0.02758820168673992,2026-05-18T09:31:21.594831
5,286,0.025048892945051193,2026-05-18T09:31:21.794225
5,287,0.024485323578119278,2026-05-18T09:31:22.169176
5,288,0.02628679759800434,2026-05-18T09:31:22.331992
5,289,0.026062628254294395,2026-05-18T09:31:22.402190
5,290,0.031232457607984543,2026-05-18T09:31:22.680958
5,291,0.025138281285762787,2026-05-18T09:31:22.883031
5,292,0.02658269740641117,2026-05-18T09:31:23.142008
5,293,0.028822869062423706,2026-05-18T09:31:23.211098
5,294,0.03298145905137062,2026-05-18T09:31:23.553336
5,295,0.029925383627414703,2026-05-18T09:31:23.749125
5,296,0.024211499840021133,2026-05-18T09:31:23.859485
5,297,0.024919945746660233,2026-05-18T09:31:23.931894
5,298,0.026496006175875664,2026-05-18T09:31:24.384756
5,299,0.02888895571231842,2026-05-18T09:31:24.696105
5,300,0.026126345619559288,2026-05-18T09:31:24.767018
5,301,0.028421802446246147,2026-05-18T09:31:24.838915
5,302,0.027265924960374832,2026-05-18T09:31:25.135994
5,303,0.030273711308836937,2026-05-18T09:31:25.322606
5,304,0.027830136939883232,2026-05-18T09:31:25.461058
5,305,0.025921843945980072,2026-05-18T09:31:25.535098
5,306,0.029124179854989052,2026-05-18T09:31:25.768335
5,307,0.030422057956457138,2026-05-18T09:31:26.073178
5,308,0.0251084603369236,2026-05-18T09:31:26.227527
5,309,0.025854645296931267,2026-05-18T09:31:26.298559
5,310,0.029746532440185547,2026-05-18T09:31:26.526192
5,311,0.028960494324564934,2026-05-18T09:31:26.751556
5,312,0.029383210465312004,2026-05-18T09:31:26.887001
5,313,0.03314078226685524,2026-05-18T09:31:26.957347
5,314,0.026578156277537346,2026-05-18T09:31:27.184861
5,315,0.026131803169846535,2026-05-18T09:31:27.482629
5,316,0.029743297025561333,2026-05-18T09:31:27.553804
5,317,0.02708001621067524,2026-05-18T09:31:27.627343
5,318,0.027371326461434364,2026-05-18T09:31:27.936773
5,319,0.02532440610229969,2026-05-18T09:31:28.187482
5,320,0.027194419875741005,2026-05-18T09:31:28.438454
5,321,0.028492094948887825,2026-05-18T09:31:28.512377
5,322,0.029002178460359573,2026-05-18T09:31:28.775236
5,323,0.028628157451748848,2026-05-18T09:31:28.964659
5,324,0.026972796767950058,2026-05-18T09:31:29.196299
5,325,0.027528682723641396,2026-05-18T09:31:29.266944
5,326,0.03180566802620888,2026-05-18T09:31:29.739523
5,327,0.03220351040363312,2026-05-18T09:31:29.809732
5,328,0.02675803005695343,2026-05-18T09:31:29.992583
5,329,0.035112448036670685,2026-05-18T09:31:30.065186
5,330,0.02518516033887863,2026-05-18T09:31:30.413437
5,331,0.030636658892035484,2026-05-18T09:31:30.483295
5,332,0.03265249356627464,2026-05-18T09:31:30.778545
5,333,0.03040892817080021,2026-05-18T09:31:30.850295
5,334,0.026879016309976578,2026-05-18T09:31:31.121344
5,335,0.027980204671621323,2026-05-18T09:31:31.193265
5,336,0.027396345511078835,2026-05-18T09:31:31.604074
5,337,0.02800568751990795,2026-05-18T09:31:31.674476
5,338,0.02733217552304268,2026-05-18T09:31:31.875779
5,339,0.02796471118927002,2026-05-18T09:31:31.944813
5,340,0.02620120719075203,2026-05-18T09:31:32.396227
5,341,0.026664866134524345,2026-05-18T09:31:32.470174
5,342,0.027917006984353065,2026-05-18T09:31:32.685970
5,343,0.026612089946866035,2026-05-18T09:31:32.759550
5,344,0.02825346030294895,2026-05-18T09:31:33.176531
5,345,0.025910476222634315,2026-05-18T09:31:33.250568
5,346,0.029357785359025,2026-05-18T09:31:33.463231
5,347,0.02970411255955696,2026-05-18T09:31:33.536345
5,348,0.025209708139300346,2026-05-18T09:31:34.012725
5,349,0.026737220585346222,2026-05-18T09:31:34.086744
5,350,0.025933511555194855,2026-05-18T09:31:34.302519
5,351,0.029391644522547722,2026-05-18T09:31:34.375532
5,352,0.02612069807946682,2026-05-18T09:31:34.995785
5,353,0.0326082743704319,2026-05-18T09:31:35.067518
5,354,0.026732277125120163,2026-05-18T09:31:35.269156
5,355,0.029351603239774704,2026-05-18T09:31:35.342942
5,356,0.027677349746227264,2026-05-18T09:31:35.709424
5,357,0.026228902861475945,2026-05-18T09:31:35.782589
5,358,0.027411527931690216,2026-05-18T09:31:36.124692
5,359,0.02925162948668003,2026-05-18T09:31:36.198282
5,360,0.023917539045214653,2026-05-18T09:31:36.597999
5,361,0.028303856030106544,2026-05-18T09:31:36.669206
5,362,0.028860094025731087,2026-05-18T09:31:36.843406
5,363,0.029200389981269836,2026-05-18T09:31:36.914013
5,364,0.03130428120493889,2026-05-18T09:31:37.429244
5,365,0.029335562139749527,2026-05-18T09:31:37.500983
5,366,0.026074005290865898,2026-05-18T09:31:37.620941
5,367,0.024882366880774498,2026-05-18T09:31:37.693583
5,368,0.030284127220511436,2026-05-18T09:31:38.223048
5,369,0.03349972888827324,2026-05-18T09:31:38.294732
5,370,0.027859557420015335,2026-05-18T09:31:38.507363
5,371,0.02523864433169365,2026-05-18T09:31:38.577676
5,372,0.026604561135172844,2026-05-18T09:31:39.079809
5,373,0.025456562638282776,2026-05-18T09:31:39.150205
5,374,0.025913948193192482,2026-05-18T09:31:39.221333
5,375,0.038360174745321274,2026-05-18T09:31:39.293134
5,376,0.03366499021649361,2026-05-18T09:31:39.828333
5,377,0.027018068358302116,2026-05-18T09:31:39.899124
5,378,0.025514069944620132,2026-05-18T09:31:39.972363
5,379,0.02746838890016079,2026-05-18T09:31:40.045593
5,380,0.028528084978461266,2026-05-18T09:31:40.568333
5,381,0.027174701914191246,2026-05-18T09:31:40.642036
5,382,0.026377463713288307,2026-05-18T09:31:40.717931
5,383,0.028924621641635895,2026-05-18T09:31:40.791759
5,384,0.025905435904860497,2026-05-18T09:31:41.318555
5,385,0.02789629064500332,2026-05-18T09:31:41.390654
5,386,0.02668062411248684,2026-05-18T09:31:41.477271
5,387,0.028425367549061775,2026-05-18T09:31:41.550611
5,388,0.024775851517915726,2026-05-18T09:31:42.161890
5,389,0.024656962603330612,2026-05-18T09:31:42.235803
5,390,0.02574026770889759,2026-05-18T09:31:42.309568
5,391,0.02575317770242691,2026-05-18T09:31:42.385943
5,392,0.027538331225514412,2026-05-18T09:31:42.994027
5,393,0.031902655959129333,2026-05-18T09:31:43.069046
5,394,0.03304301202297211,2026-05-18T09:31:43.144835
5,395,0.029639532789587975,2026-05-18T09:31:43.219773
5,396,0.025043020024895668,2026-05-18T09:31:43.874011
5,397,0.027019942179322243,2026-05-18T09:31:43.945764
5,398,0.034963369369506836,2026-05-18T09:31:44.021315
5,399,0.025078274309635162,2026-05-18T09:31:44.094412
5,400,0.026502380147576332,2026-05-18T09:31:44.619652
5,401,0.028532464057207108,2026-05-18T09:31:44.692408
5,402,0.024329276755452156,2026-05-18T09:31:44.764429
5,403,0.033524103462696075,2026-05-18T09:31:44.837324
5,404,0.026957448571920395,2026-05-18T09:31:45.402606
5,405,0.029781172052025795,2026-05-18T09:31:45.470463
5,406,0.02679065801203251,2026-05-18T09:31:45.539892
5,407,0.02594572864472866,2026-05-18T09:31:45.612177
5,408,0.028638716787099838,2026-05-18T09:31:46.187822
5,409,0.02752067893743515,2026-05-18T09:31:46.254818
5,410,0.02465972490608692,2026-05-18T09:31:46.323314
5,411,0.0256574098020792,2026-05-18T09:31:46.393152
5,412,0.03257273510098457,2026-05-18T09:31:47.042739
5,413,0.0318099670112133,2026-05-18T09:31:47.113007
5,414,0.026190511882305145,2026-05-18T09:31:47.185798
5,415,0.02460544742643833,2026-05-18T09:31:47.258071
5,416,0.03064277023077011,2026-05-18T09:31:47.687102
5,417,0.024344492703676224,2026-05-18T09:31:47.758573
5,418,0.028537526726722717,2026-05-18T09:31:47.876253
5,419,0.02512551099061966,2026-05-18T09:31:47.954557
5,420,0.02985250949859619,2026-05-18T09:31:48.642115
5,421,0.032398827373981476,2026-05-18T09:31:48.712440
5,422,0.027331320568919182,2026-05-18T09:31:48.784942
5,423,0.02918913960456848,2026-05-18T09:31:48.860297
5,424,0.030330616980791092,2026-05-18T09:31:49.375266
5,425,0.0283588208258152,2026-05-18T09:31:49.446461
5,426,0.02639605663716793,2026-05-18T09:31:49.518541
5,427,0.025641046464443207,2026-05-18T09:31:49.591972
5,428,0.02710733376443386,2026-05-18T09:31:50.240560
5,429,0.028983451426029205,2026-05-18T09:31:50.310242
5,430,0.03600936755537987,2026-05-18T09:31:50.385231
5,431,0.028558189049363136,2026-05-18T09:31:50.457146
5,432,0.025832124054431915,2026-05-18T09:31:51.089708
5,433,0.02677789144217968,2026-05-18T09:31:51.161343
5,434,0.027973754331469536,2026-05-18T09:31:51.234379
5,435,0.0292027797549963,2026-05-18T09:31:51.307918
5,436,0.035273872315883636,2026-05-18T09:31:51.949994
5,437,0.02623942494392395,2026-05-18T09:31:52.021734
5,438,0.02464839071035385,2026-05-18T09:31:52.095351
5,439,0.028069021180272102,2026-05-18T09:31:52.169526
5,440,0.030343269929289818,2026-05-18T09:31:52.898464
5,441,0.027544578537344933,2026-05-18T09:31:52.965652
5,442,0.024955209344625473,2026-05-18T09:31:53.036883
5,443,0.02597358264029026,2026-05-18T09:31:53.109647
5,444,0.024820750579237938,2026-05-18T09:31:53.693622
5,445,0.02916925959289074,2026-05-18T09:31:53.760890
5,446,0.02534381113946438,2026-05-18T09:31:53.831715
5,447,0.02875521592795849,2026-05-18T09:31:53.901891
5,448,0.02886522375047207,2026-05-18T09:31:54.471681
5,449,0.029382603242993355,2026-05-18T09:31:54.540174
5,450,0.031814467161893845,2026-05-18T09:31:54.610051
5,451,0.027389224618673325,2026-05-18T09:31:54.681208
5,452,0.0275450237095356,2026-05-18T09:31:55.355627
5,453,0.027592577040195465,2026-05-18T09:31:55.426520
5,454,0.028884239494800568,2026-05-18T09:31:55.500101
5,455,0.026790006086230278,2026-05-18T09:31:55.572545
5,456,0.031364649534225464,2026-05-18T09:31:56.184512
5,457,0.032752662897109985,2026-05-18T09:31:56.253415
5,458,0.025768259540200233,2026-05-18T09:31:56.340909
5,459,0.03203063830733299,2026-05-18T09:31:56.417692
5,460,0.02507692016661167,2026-05-18T09:31:57.103449
5,461,0.028163708746433258,2026-05-18T09:31:57.175997
5,462,0.025624487549066544,2026-05-18T09:31:57.249767
5,463,0.026347026228904724,2026-05-18T09:31:57.321424
5,464,0.029104767367243767,2026-05-18T09:31:58.031711
5,465,0.030597470700740814,2026-05-18T09:31:58.101434
5,466,0.026891209185123444,2026-05-18T09:31:58.173397
5,467,0.024950562044978142,2026-05-18T09:31:58.245291
5,468,0.03069511614739895,2026-05-18T09:31:58.874332
5,469,0.02829831838607788,2026-05-18T09:31:58.944370
5,470,0.026114506646990776,2026-05-18T09:31:59.016198
5,471,0.028441525995731354,2026-05-18T09:31:59.087896
5,472,0.030861860141158104,2026-05-18T09:31:59.612755
5,473,0.02855006605386734,2026-05-18T09:31:59.683471
5,474,0.025929853320121765,2026-05-18T09:31:59.755651
5,475,0.02587755024433136,2026-05-18T09:31:59.828914
5,476,0.028396520763635635,2026-05-18T09:32:00.440870
5,477,0.03020046278834343,2026-05-18T09:32:00.515465
5,478,0.02971595525741577,2026-05-18T09:32:00.594877
5,479,0.02490278147161007,2026-05-18T09:32:00.668374
5,480,0.025284335017204285,2026-05-18T09:32:01.318869
5,481,0.025447065010666847,2026-05-18T09:32:01.388597
5,482,0.02944723516702652,2026-05-18T09:32:01.458649
5,483,0.0278058759868145,2026-05-18T09:32:01.529962
5,484,0.024601276963949203,2026-05-18T09:32:02.085320
5,485,0.027765393257141113,2026-05-18T09:32:02.159051
5,486,0.028187377378344536,2026-05-18T09:32:02.229410
5,487,0.02653277851641178,2026-05-18T09:32:02.301076
5,488,0.026061778888106346,2026-05-18T09:32:02.995522
5,489,0.025281406939029694,2026-05-18T09:32:03.065542
5,490,0.02901930920779705,2026-05-18T09:32:03.136241
5,491,0.029722785577178,2026-05-18T09:32:03.207093
5,492,0.03131220117211342,2026-05-18T09:32:03.871659
5,493,0.02411586605012417,2026-05-18T09:32:03.947391
5,494,0.026314223185181618,2026-05-18T09:32:04.022314
5,495,0.027193747460842133,2026-05-18T09:32:04.098073
5,496,0.02863588184118271,2026-05-18T09:32:05.233057
5,497,0.02563922107219696,2026-05-18T09:32:05.308479
5,498,0.026277882978320122,2026-05-18T09:32:05.384273
5,499,0.030125586315989494,2026-05-18T09:32:05.460671
5,500,0.029664188623428345,2026-05-18T09:32:06.242455
5,501,0.025818606838583946,2026-05-18T09:32:06.324899
5,502,0.026941586285829544,2026-05-18T09:32:06.401061
5,503,0.025510523468255997,2026-05-18T09:32:06.478446
5,504,0.02693299576640129,2026-05-18T09:32:07.357952
5,505,0.02800651453435421,2026-05-18T09:32:07.432233
5,506,0.026452433317899704,2026-05-18T09:32:07.513879
5,507,0.025817764922976494,2026-05-18T09:32:07.589011
5,508,0.026184190064668655,2026-05-18T09:32:08.560909
5,509,0.03124653734266758,2026-05-18T09:32:08.643560
5,510,0.038142066448926926,2026-05-18T09:32:08.719287
5,511,0.025592055171728134,2026-05-18T09:32:08.804457
5,512,0.026242468506097794,2026-05-18T09:32:09.609124
5,513,0.029069937765598297,2026-05-18T09:32:09.685813
5,514,0.027131926268339157,2026-05-18T09:32:09.758873
5,515,0.029278898611664772,2026-05-18T09:32:09.838054
5,516,0.025293216109275818,2026-05-18T09:32:10.844795
5,517,0.026212403550744057,2026-05-18T09:32:10.920923
5,518,0.03193473070859909,2026-05-18T09:32:10.996344
5,519,0.029875263571739197,2026-05-18T09:32:11.073886
5,520,0.026243776082992554,2026-05-18T09:32:11.900978
5,521,0.025441505014896393,2026-05-18T09:32:11.972874
5,522,0.024135777726769447,2026-05-18T09:32:12.046959
5,523,0.0349235013127327,2026-05-18T09:32:12.120050
5,524,0.02577575109899044,2026-05-18T09:32:13.060414
5,525,0.028604786843061447,2026-05-18T09:32:13.133242
5,526,0.03256486356258392,2026-05-18T09:32:13.209132
5,527,0.029225993901491165,2026-05-18T09:32:13.290035
5,528,0.03157611936330795,2026-05-18T09:32:14.159037
5,529,0.029912417754530907,2026-05-18T09:32:14.231478
5,530,0.02745531126856804,2026-05-18T09:32:14.309764
5,531,0.030393581837415695,2026-05-18T09:32:14.391706
5,532,0.03084099479019642,2026-05-18T09:32:15.325083
5,533,0.0283637885004282,2026-05-18T09:32:15.409135
5,534,0.032751504331827164,2026-05-18T09:32:15.481443
5,535,0.027583247050642967,2026-05-18T09:32:15.558325
5,536,0.024870989844202995,2026-05-18T09:32:16.379074
5,537,0.026745259761810303,2026-05-18T09:32:16.449778
5,538,0.02902475744485855,2026-05-18T09:32:16.525617
5,539,0.02633308805525303,2026-05-18T09:32:16.605650
5,540,0.029213562607765198,2026-05-18T09:32:17.416639
5,541,0.029335476458072662,2026-05-18T09:32:17.489489
5,542,0.028866032138466835,2026-05-18T09:32:17.567508
5,543,0.02644871547818184,2026-05-18T09:32:17.648815
5,544,0.029922964051365852,2026-05-18T09:32:18.685182
5,545,0.03616705536842346,2026-05-18T09:32:18.755433
5,546,0.025402262806892395,2026-05-18T09:32:18.840331
5,547,0.028767196461558342,2026-05-18T09:32:18.915752
5,548,0.027336878702044487,2026-05-18T09:32:19.833316
5,549,0.028259897604584694,2026-05-18T09:32:19.905034
5,550,0.027494190260767937,2026-05-18T09:32:19.978887
5,551,0.02796035259962082,2026-05-18T09:32:20.058017
5,552,0.027220122516155243,2026-05-18T09:32:21.247685
5,553,0.029090115800499916,2026-05-18T09:32:21.338336
5,554,0.027918091043829918,2026-05-18T09:32:21.430525
5,555,0.02912250906229019,2026-05-18T09:32:21.579945
5,556,0.0306298416107893,2026-05-18T09:32:22.720679
5,557,0.026257341727614403,2026-05-18T09:32:22.794515
5,558,0.026941053569316864,2026-05-18T09:32:22.915967
5,559,0.029550284147262573,2026-05-18T09:32:23.017471
5,560,0.02754739299416542,2026-05-18T09:32:23.982535
5,561,0.028738629072904587,2026-05-18T09:32:24.058658
5,562,0.03579594939947128,2026-05-18T09:32:24.131258
5,563,0.024859970435500145,2026-05-18T09:32:24.204728
5,564,0.030737845227122307,2026-05-18T09:32:24.909649
5,565,0.02591986395418644,2026-05-18T09:32:24.982549
5,566,0.02722073532640934,2026-05-18T09:32:25.062836
5,567,0.029521984979510307,2026-05-18T09:32:25.140298
5,568,0.02453671209514141,2026-05-18T09:32:26.049400
5,569,0.02680974267423153,2026-05-18T09:32:26.125241
5,570,0.02521950751543045,2026-05-18T09:32:26.201423
5,571,0.02590515837073326,2026-05-18T09:32:26.282352
5,572,0.02531355433166027,2026-05-18T09:32:26.964997
5,573,0.027640288695693016,2026-05-18T09:32:27.036604
5,574,0.036184776574373245,2026-05-18T09:32:27.109068
5,575,0.027118101716041565,2026-05-18T09:32:27.188053
5,576,0.027147885411977768,2026-05-18T09:32:28.325839
5,577,0.026587845757603645,2026-05-18T09:32:28.398324
5,578,0.03301725164055824,2026-05-18T09:32:28.475754
5,579,0.027743874117732048,2026-05-18T09:32:28.551238
5,580,0.03567400947213173,2026-05-18T09:32:29.318648
5,581,0.0266420915722847,2026-05-18T09:32:29.392941
5,582,0.025564301759004593,2026-05-18T09:32:29.470196
5,583,0.030958738178014755,2026-05-18T09:32:29.543546
5,584,0.026387888938188553,2026-05-18T09:32:30.581186
5,585,0.02819289267063141,2026-05-18T09:32:30.657395
5,586,0.03086153045296669,2026-05-18T09:32:30.734946
5,587,0.025948720052838326,2026-05-18T09:32:30.810722
5,588,0.029420409351587296,2026-05-18T09:32:31.802730
5,589,0.03334655985236168,2026-05-18T09:32:31.924718
5,590,0.02683120034635067,2026-05-18T09:32:32.003087
5,591,0.025944188237190247,2026-05-18T09:32:32.095666
5,592,0.026261216029524803,2026-05-18T09:32:32.756167
5,593,0.03192700445652008,2026-05-18T09:32:33.135084
5,594,0.028618214651942253,2026-05-18T09:32:33.208639
5,595,0.026365933939814568,2026-05-18T09:32:33.286195
5,596,0.027296332642436028,2026-05-18T09:32:33.962896
5,597,0.026417115703225136,2026-05-18T09:32:34.306089
5,598,0.024304505437612534,2026-05-18T09:32:34.377027
5,599,0.029488544911146164,2026-05-18T09:32:34.454099
5,600,0.02776140347123146,2026-05-18T09:32:35.235746
5,601,0.02880476973950863,2026-05-18T09:32:35.308415
5,602,0.027405988425016403,2026-05-18T09:32:35.381901
5,603,0.028460536152124405,2026-05-18T09:32:35.456753
5,604,0.031255681067705154,2026-05-18T09:32:36.559586
5,605,0.02690332755446434,2026-05-18T09:32:36.636846
5,606,0.031917039304971695,2026-05-18T09:32:36.714704
5,607,0.033350542187690735,2026-05-18T09:32:36.809538
5,608,0.030805902555584908,2026-05-18T09:32:37.700252
5,609,0.02905997633934021,2026-05-18T09:32:37.770471
5,610,0.028047382831573486,2026-05-18T09:32:37.842118
5,611,0.02698797918856144,2026-05-18T09:32:37.917070
5,612,0.029136288911104202,2026-05-18T09:32:39.054393
5,613,0.03157851845026016,2026-05-18T09:32:39.128011
5,614,0.027899734675884247,2026-05-18T09:32:39.202428
5,615,0.027315687388181686,2026-05-18T09:32:39.279690
5,616,0.028249293565750122,2026-05-18T09:32:40.133975
5,617,0.026170047000050545,2026-05-18T09:32:40.204990
5,618,0.03652060031890869,2026-05-18T09:32:40.277768
5,619,0.02719193324446678,2026-05-18T09:32:40.350217
5,620,0.02560487762093544,2026-05-18T09:32:41.403587
5,621,0.02841956913471222,2026-05-18T09:32:41.474594
5,622,0.02834128774702549,2026-05-18T09:32:41.547109
5,623,0.030016716569662094,2026-05-18T09:32:41.620655
5,624,0.02688762918114662,2026-05-18T09:32:42.623408
5,625,0.03133976086974144,2026-05-18T09:32:42.693826
5,626,0.025070467963814735,2026-05-18T09:32:42.770653
5,627,0.03109412081539631,2026-05-18T09:32:42.842869
5,628,0.031024398282170296,2026-05-18T09:32:43.814186
5,629,0.026415923610329628,2026-05-18T09:32:43.886292
5,630,0.03327947109937668,2026-05-18T09:32:43.960124
5,631,0.025897329673171043,2026-05-18T09:32:44.040633
5,632,0.030796468257904053,2026-05-18T09:32:45.119529
5,633,0.0358913317322731,2026-05-18T09:32:45.192432
5,634,0.02759285643696785,2026-05-18T09:32:45.265265
5,635,0.027842866256833076,2026-05-18T09:32:45.337851
5,636,0.02640432119369507,2026-05-18T09:32:46.250040
5,637,0.02713599056005478,2026-05-18T09:32:46.323762
5,638,0.030272334814071655,2026-05-18T09:32:46.396220
5,639,0.027664421126246452,2026-05-18T09:32:46.474790
5,640,0.024392150342464447,2026-05-18T09:32:47.464967
5,641,0.025502430275082588,2026-05-18T09:32:47.537587
5,642,0.027837621048092842,2026-05-18T09:32:47.614387
5,643,0.028655994683504105,2026-05-18T09:32:47.687170
5,644,0.02962135337293148,2026-05-18T09:32:48.627652
5,645,0.024912601336836815,2026-05-18T09:32:48.707482
5,646,0.03047274798154831,2026-05-18T09:32:48.787626
5,647,0.030481606721878052,2026-05-18T09:32:48.874955
5,648,0.026506951078772545,2026-05-18T09:32:49.892715
5,649,0.02508556842803955,2026-05-18T09:32:49.964718
5,650,0.025287339463829994,2026-05-18T09:32:50.038611
5,651,0.030575349926948547,2026-05-18T09:32:50.112193
5,652,0.02660527639091015,2026-05-18T09:32:51.115683
5,653,0.03266901522874832,2026-05-18T09:32:51.189827
5,654,0.03240738809108734,2026-05-18T09:32:51.264040
5,655,0.025866195559501648,2026-05-18T09:32:51.336688
5,656,0.029989244416356087,2026-05-18T09:32:52.676126
5,657,0.02882164530456066,2026-05-18T09:32:52.749902
5,658,0.029163626953959465,2026-05-18T09:32:52.859253
5,659,0.0299967173486948,2026-05-18T09:32:52.932667
5,660,0.025167185813188553,2026-05-18T09:32:53.891533
5,661,0.026535077020525932,2026-05-18T09:32:53.963305
5,662,0.030663635581731796,2026-05-18T09:32:54.042133
5,663,0.026178549975156784,2026-05-18T09:32:54.118557
5,664,0.028790442273020744,2026-05-18T09:32:55.077845
5,665,0.02958240546286106,2026-05-18T09:32:55.151864
5,666,0.023471230641007423,2026-05-18T09:32:55.227438
5,667,0.031972113996744156,2026-05-18T09:32:55.298947
5,668,0.02317543886601925,2026-05-18T09:32:56.408004
5,669,0.023421745747327805,2026-05-18T09:32:56.484360
5,670,0.030284738168120384,2026-05-18T09:32:56.557610
5,671,0.02824350632727146,2026-05-18T09:32:56.631041
5,672,0.02910221368074417,2026-05-18T09:32:57.644880
5,673,0.029120588675141335,2026-05-18T09:32:57.720759
5,674,0.02478189393877983,2026-05-18T09:32:57.802910
5,675,0.029956750571727753,2026-05-18T09:32:57.881538
5,676,0.026482244953513145,2026-05-18T09:32:58.795795
5,677,0.026484547182917595,2026-05-18T09:32:58.872158
5,678,0.027104191482067108,2026-05-18T09:32:58.945417
5,679,0.027304260060191154,2026-05-18T09:32:59.028064
5,680,0.026148727163672447,2026-05-18T09:33:00.016879
5,681,0.02878473699092865,2026-05-18T09:33:00.090793
5,682,0.025110021233558655,2026-05-18T09:33:00.165893
5,683,0.028184235095977783,2026-05-18T09:33:00.240428
5,684,0.029711421579122543,2026-05-18T09:33:01.111788
5,685,0.02475130558013916,2026-05-18T09:33:01.185311
5,686,0.027159888297319412,2026-05-18T09:33:01.261627
5,687,0.028047407045960426,2026-05-18T09:33:01.338331
5,688,0.03272656723856926,2026-05-18T09:33:02.340468
5,689,0.02697058394551277,2026-05-18T09:33:02.413227
5,690,0.02876104786992073,2026-05-18T09:33:02.486088
5,691,0.026442207396030426,2026-05-18T09:33:02.562052
5,692,0.02634379453957081,2026-05-18T09:33:03.607579
5,693,0.02926379069685936,2026-05-18T09:33:03.681414
5,694,0.02412424422800541,2026-05-18T09:33:03.755772
5,695,0.02637864090502262,2026-05-18T09:33:03.828990
5,696,0.034123264253139496,2026-05-18T09:33:04.733595
5,697,0.02634011022746563,2026-05-18T09:33:04.807804
5,698,0.025353070348501205,2026-05-18T09:33:04.880841
5,699,0.03025994822382927,2026-05-18T09:33:04.956747
5,700,0.02711658738553524,2026-05-18T09:33:06.088960
5,701,0.030680127441883087,2026-05-18T09:33:06.160162
5,702,0.02641431801021099,2026-05-18T09:33:06.234793
5,703,0.02731100097298622,2026-05-18T09:33:06.305833
5,704,0.03037196956574917,2026-05-18T09:33:07.231069
5,705,0.028302516788244247,2026-05-18T09:33:07.304650
5,706,0.02746260166168213,2026-05-18T09:33:07.376635
5,707,0.02618754841387272,2026-05-18T09:33:07.452204
5,708,0.02463912032544613,2026-05-18T09:33:08.514473
5,709,0.030193567276000977,2026-05-18T09:33:08.585316
5,710,0.03102445788681507,2026-05-18T09:33:08.656897
5,711,0.026945054531097412,2026-05-18T09:33:08.729737
5,712,0.03490857407450676,2026-05-18T09:33:09.746028
5,713,0.026612887158989906,2026-05-18T09:33:09.823069
5,714,0.024447645992040634,2026-05-18T09:33:09.903980
5,715,0.025975815951824188,2026-05-18T09:33:09.975751
5,716,0.027180274948477745,2026-05-18T09:33:10.946084
5,717,0.025510841980576515,2026-05-18T09:33:11.018433
5,718,0.02925299108028412,2026-05-18T09:33:11.093279
5,719,0.024048995226621628,2026-05-18T09:33:11.166740
5,720,0.026377329602837563,2026-05-18T09:33:12.073404
5,721,0.03307359665632248,2026-05-18T09:33:12.148601
5,722,0.030377376824617386,2026-05-18T09:33:12.228901
5,723,0.026410583406686783,2026-05-18T09:33:12.313078
5,724,0.02599322609603405,2026-05-18T09:33:13.303081
5,725,0.026713136583566666,2026-05-18T09:33:13.383426
5,726,0.030220624059438705,2026-05-18T09:33:13.465621
5,727,0.026286913082003593,2026-05-18T09:33:13.546937
5,728,0.02761637233197689,2026-05-18T09:33:14.626873
5,729,0.02502874843776226,2026-05-18T09:33:14.698029
5,730,0.02339858002960682,2026-05-18T09:33:14.770574
5,731,0.030250556766986847,2026-05-18T09:33:14.844177
5,732,0.028593257069587708,2026-05-18T09:33:15.725271
5,733,0.03305862471461296,2026-05-18T09:33:15.804169
5,734,0.026618055999279022,2026-05-18T09:33:15.874880
5,735,0.028119200840592384,2026-05-18T09:33:15.948460
5,736,0.02922886610031128,2026-05-18T09:33:16.817533
5,737,0.02418658323585987,2026-05-18T09:33:16.888339
5,738,0.031099459156394005,2026-05-18T09:33:16.963892
5,739,0.026320213451981544,2026-05-18T09:33:17.036592
5,740,0.028194161131978035,2026-05-18T09:33:17.968637
5,741,0.025550110265612602,2026-05-18T09:33:18.038845
5,742,0.025775006040930748,2026-05-18T09:33:18.117155
5,743,0.028291096910834312,2026-05-18T09:33:18.200353
5,744,0.028705546632409096,2026-05-18T09:33:19.141536
5,745,0.028730018064379692,2026-05-18T09:33:19.214019
5,746,0.026543568819761276,2026-05-18T09:33:19.289113
5,747,0.028995152562856674,2026-05-18T09:33:19.362793
5,748,0.031573373824357986,2026-05-18T09:33:20.359385
5,749,0.0276297889649868,2026-05-18T09:33:20.432927
5,750,0.026645725592970848,2026-05-18T09:33:20.512914
5,751,0.02824999950826168,2026-05-18T09:33:20.587785
5,752,0.029810870066285133,2026-05-18T09:33:21.586933
5,753,0.029872940853238106,2026-05-18T09:33:21.660080
5,754,0.03005388006567955,2026-05-18T09:33:21.733272
5,755,0.030895201489329338,2026-05-18T09:33:21.811058
5,756,0.025286078453063965,2026-05-18T09:33:22.859474
5,757,0.025052184239029884,2026-05-18T09:33:22.934251
5,758,0.029875939711928368,2026-05-18T09:33:23.042779
5,759,0.025416912510991096,2026-05-18T09:33:23.113502
5,760,0.027750425040721893,2026-05-18T09:33:24.131705
5,761,0.02701021358370781,2026-05-18T09:33:24.205511
5,762,0.034772131592035294,2026-05-18T09:33:24.279042
5,763,0.025852371007204056,2026-05-18T09:33:24.350286
5,764,0.026139354333281517,2026-05-18T09:33:25.165010
5,765,0.03470915928483009,2026-05-18T09:33:25.237154
5,766,0.030298320576548576,2026-05-18T09:33:25.311785
5,767,0.025975093245506287,2026-05-18T09:33:25.385175
5,768,0.029331566765904427,2026-05-18T09:33:26.191247
5,769,0.02584419585764408,2026-05-18T09:33:26.261789
5,770,0.024029802531003952,2026-05-18T09:33:26.334941
5,771,0.029759114608168602,2026-05-18T09:33:26.410400
5,772,0.026305193081498146,2026-05-18T09:33:27.675326
5,773,0.028186099603772163,2026-05-18T09:33:27.755388
5,774,0.03355325385928154,2026-05-18T09:33:27.833488
5,775,0.028094248846173286,2026-05-18T09:33:27.919922
5,776,0.03125086799263954,2026-05-18T09:33:29.057877
5,777,0.028533928096294403,2026-05-18T09:33:29.128821
5,778,0.027507437393069267,2026-05-18T09:33:29.200650
5,779,0.02600344642996788,2026-05-18T09:33:29.273267
5,780,0.025518756359815598,2026-05-18T09:33:30.185152
5,781,0.02636846899986267,2026-05-18T09:33:30.256915
5,782,0.027618523687124252,2026-05-18T09:33:30.336351
5,783,0.028746547177433968,2026-05-18T09:33:30.414372
5,784,0.02597813867032528,2026-05-18T09:33:31.409182
5,785,0.026427604258060455,2026-05-18T09:33:31.535022
5,786,0.029229067265987396,2026-05-18T09:33:31.697486
5,787,0.029722191393375397,2026-05-18T09:33:31.932914
5,788,0.028442468494176865,2026-05-18T09:33:34.573187
5,789,0.030292456969618797,2026-05-18T09:33:34.800282
5,790,0.027532203122973442,2026-05-18T09:33:35.144466
5,791,0.028029561042785645,2026-05-18T09:33:35.381930
5,792,0.027771584689617157,2026-05-18T09:33:38.988421
5,793,0.031064487993717194,2026-05-18T09:33:39.141861
5,794,0.02697540819644928,2026-05-18T09:33:39.290509
5,795,0.025243744254112244,2026-05-18T09:33:39.422532
5,796,0.027586929500102997,2026-05-18T09:33:41.873636
5,797,0.025907844305038452,2026-05-18T09:33:41.980770
5,798,0.036659855395555496,2026-05-18T09:33:42.093217
5,799,0.029847653582692146,2026-05-18T09:33:42.199970
5,800,0.027072777971625328,2026-05-18T09:33:44.038488
5,801,0.029723266139626503,2026-05-18T09:33:44.211131
5,802,0.02636091597378254,2026-05-18T09:33:44.372035
5,803,0.029919248074293137,2026-05-18T09:33:44.516393
5,804,0.030286729335784912,2026-05-18T09:38:38.240775
5,805,0.027078716084361076,2026-05-18T09:38:38.388621
5,806,0.026805296540260315,2026-05-18T09:38:38.535565
5,807,0.03245159611105919,2026-05-18T09:38:38.650322
5,808,0.02608274295926094,2026-05-18T09:38:39.863441
5,809,0.03415125980973244,2026-05-18T09:38:39.945092
5,810,0.023740921169519424,2026-05-18T09:38:40.023993
5,811,0.031503330916166306,2026-05-18T09:38:40.097941
5,812,0.028980234637856483,2026-05-18T09:38:40.958799
5,813,0.037842269986867905,2026-05-18T09:38:41.024145
5,814,0.026924345642328262,2026-05-18T09:38:41.091752
5,815,0.02990410290658474,2026-05-18T09:38:41.156443
5,816,0.02969723381102085,2026-05-18T09:38:41.991425
5,817,0.02743879333138466,2026-05-18T09:38:42.053178
5,818,0.029367297887802124,2026-05-18T09:38:42.116502
5,819,0.02931867353618145,2026-05-18T09:38:42.181531
5,820,0.02754710428416729,2026-05-18T09:38:43.141907
5,821,0.035598404705524445,2026-05-18T09:38:43.205194
5,822,0.028102561831474304,2026-05-18T09:38:43.267763
5,823,0.026937946677207947,2026-05-18T09:38:43.333697
5,824,0.024115869775414467,2026-05-18T09:38:44.140076
5,825,0.024608468636870384,2026-05-18T09:38:44.201808
5,826,0.025150371715426445,2026-05-18T09:38:44.265151
5,827,0.029525717720389366,2026-05-18T09:38:44.331887
5,828,0.02984592877328396,2026-05-18T09:38:44.834215
5,829,0.027049163356423378,2026-05-18T09:38:44.898497
5,830,0.028467414900660515,2026-05-18T09:38:44.960533
5,831,0.03101225569844246,2026-05-18T09:38:45.023167
5,832,0.024945059791207314,2026-05-18T09:38:45.652563
5,833,0.026118353009223938,2026-05-18T09:38:45.716366
5,834,0.027438487857580185,2026-05-18T09:38:45.780770
5,835,0.027060937136411667,2026-05-18T09:38:45.844442
5,836,0.030414262786507607,2026-05-18T09:38:46.495838
5,837,0.03077203966677189,2026-05-18T09:38:46.557309
5,838,0.029498383402824402,2026-05-18T09:38:46.620060
5,839,0.02889551781117916,2026-05-18T09:38:46.684953
5,840,0.024827754124999046,2026-05-18T09:38:47.134795
5,841,0.028751427307724953,2026-05-18T09:38:47.196161
5,842,0.025452040135860443,2026-05-18T09:38:47.257751
5,843,0.029686061665415764,2026-05-18T09:38:47.321230
5,844,0.02721037156879902,2026-05-18T09:38:47.825994
5,845,0.02577081136405468,2026-05-18T09:38:47.887692
5,846,0.036870528012514114,2026-05-18T09:38:47.950410
5,847,0.026289599016308784,2026-05-18T09:38:48.016186
5,848,0.025886978954076767,2026-05-18T09:38:48.534324
5,849,0.027329621836543083,2026-05-18T09:38:48.598829
5,850,0.030165869742631912,2026-05-18T09:38:48.662696
5,851,0.025297369807958603,2026-05-18T09:38:48.726993
5,852,0.024608315899968147,2026-05-18T09:38:49.290706
5,853,0.027584794908761978,2026-05-18T09:38:49.350979
5,854,0.02775523252785206,2026-05-18T09:38:49.412848
5,855,0.026988336816430092,2026-05-18T09:38:49.475789
5,856,0.028029954060912132,2026-05-18T09:38:50.291549
5,857,0.027389168739318848,2026-05-18T09:38:50.359446
5,858,0.025616206228733063,2026-05-18T09:38:50.457971
5,859,0.027243180200457573,2026-05-18T09:38:50.518465
5,860,0.02548106573522091,2026-05-18T09:38:51.026501
5,861,0.027878040447831154,2026-05-18T09:38:51.086669
5,862,0.026512162759900093,2026-05-18T09:38:51.147582
5,863,0.026327742263674736,2026-05-18T09:38:51.209906
5,864,0.026478886604309082,2026-05-18T09:38:51.744564
5,865,0.029205262660980225,2026-05-18T09:38:51.806222
5,866,0.027122441679239273,2026-05-18T09:38:51.869431
5,867,0.0311654694378376,2026-05-18T09:38:51.932843
5,868,0.027323158457875252,2026-05-18T09:38:52.538108
5,869,0.02643699385225773,2026-05-18T09:38:52.599207
5,870,0.028291111811995506,2026-05-18T09:38:52.660662
5,871,0.027803605422377586,2026-05-18T09:38:52.722526
5,872,0.03059094399213791,2026-05-18T09:38:53.333371
5,873,0.02435636706650257,2026-05-18T09:38:53.392949
5,874,0.027603954076766968,2026-05-18T09:38:53.454084
5,875,0.027014000341296196,2026-05-18T09:38:53.514731
5,876,0.029966527596116066,2026-05-18T09:38:54.005541
5,877,0.027166029438376427,2026-05-18T09:38:54.064822
5,878,0.027959512546658516,2026-05-18T09:38:54.126060
5,879,0.025770384818315506,2026-05-18T09:38:54.187837
5,880,0.024610672146081924,2026-05-18T09:38:54.913531
5,881,0.030663935467600822,2026-05-18T09:38:54.973713
5,882,0.025828713551163673,2026-05-18T09:38:55.034624
5,883,0.027952607721090317,2026-05-18T09:38:55.096672
5,884,0.02691234089434147,2026-05-18T09:38:55.709788
5,885,0.02779712900519371,2026-05-18T09:38:55.770588
5,886,0.02600744552910328,2026-05-18T09:38:55.833349
5,887,0.02752831019461155,2026-05-18T09:38:55.895060
5,888,0.033787403255701065,2026-05-18T09:38:56.450412
5,889,0.02708502672612667,2026-05-18T09:38:56.510598
5,890,0.024637378752231598,2026-05-18T09:38:56.571536
5,891,0.02839682810008526,2026-05-18T09:38:56.631911
5,892,0.02605345845222473,2026-05-18T09:38:57.287501
5,893,0.024981984868645668,2026-05-18T09:38:57.349091
5,894,0.027780549600720406,2026-05-18T09:38:57.413329
5,895,0.02865944616496563,2026-05-18T09:38:57.476194
5,896,0.031127605587244034,2026-05-18T09:38:58.272424
5,897,0.027181049808859825,2026-05-18T09:38:58.334452
5,898,0.027284394949674606,2026-05-18T09:38:58.396574
5,899,0.02970852516591549,2026-05-18T09:38:58.459359
5,900,0.02808111160993576,2026-05-18T09:38:59.054158
5,901,0.029535528272390366,2026-05-18T09:38:59.115774
5,902,0.03563777729868889,2026-05-18T09:38:59.176900
5,903,0.02887851931154728,2026-05-18T09:38:59.240446
5,904,0.024606576189398766,2026-05-18T09:38:59.905388
5,905,0.027139786630868912,2026-05-18T09:38:59.968943
5,906,0.02953498251736164,2026-05-18T09:39:00.032271
5,907,0.030117150396108627,2026-05-18T09:39:00.095260
5,908,0.02854885347187519,2026-05-18T09:39:00.614218
5,909,0.027157403528690338,2026-05-18T09:39:00.672877
5,910,0.030889054760336876,2026-05-18T09:39:00.734996
5,911,0.02503233216702938,2026-05-18T09:39:00.796127
5,912,0.02725985273718834,2026-05-18T09:39:01.341070
5,913,0.030292365700006485,2026-05-18T09:39:01.403138
5,914,0.028290363028645515,2026-05-18T09:39:01.466590
5,915,0.023580143228173256,2026-05-18T09:39:01.529250
5,916,0.02589028887450695,2026-05-18T09:39:02.094778
5,917,0.03332171589136124,2026-05-18T09:39:02.154006
5,918,0.029555736109614372,2026-05-18T09:39:02.215272
5,919,0.029321834444999695,2026-05-18T09:39:02.276480
5,920,0.029408855363726616,2026-05-18T09:39:02.933736
5,921,0.031143352389335632,2026-05-18T09:39:02.995864
5,922,0.024526016786694527,2026-05-18T09:39:03.058235
5,923,0.02484443224966526,2026-05-18T09:39:03.121744
5,924,0.0274991225451231,2026-05-18T09:39:03.907593
5,925,0.025105120614171028,2026-05-18T09:39:03.969693
5,926,0.03082672320306301,2026-05-18T09:39:04.034905
5,927,0.027164489030838013,2026-05-18T09:39:04.097213
5,928,0.029981393367052078,2026-05-18T09:39:04.583380
5,929,0.025803005322813988,2026-05-18T09:39:04.644401
5,930,0.031840693205595016,2026-05-18T09:39:04.707639
5,931,0.02792320027947426,2026-05-18T09:39:04.770178
5,932,0.030875645577907562,2026-05-18T09:39:05.268537
5,933,0.024875981733202934,2026-05-18T09:39:05.332617
5,934,0.031335216015577316,2026-05-18T09:39:05.399424
5,935,0.029264317825436592,2026-05-18T09:39:05.463685
5,936,0.024470211938023567,2026-05-18T09:39:06.096003
5,937,0.028708601370453835,2026-05-18T09:39:06.157111
5,938,0.02644323743879795,2026-05-18T09:39:06.220510
5,939,0.025666531175374985,2026-05-18T09:39:06.282979
5,940,0.030402716249227524,2026-05-18T09:39:06.740170
5,941,0.02901347167789936,2026-05-18T09:39:06.803088
5,942,0.027886606752872467,2026-05-18T09:39:06.870772
5,943,0.02733667567372322,2026-05-18T09:39:06.937497
5,944,0.030109763145446777,2026-05-18T09:39:07.759242
5,945,0.027928389608860016,2026-05-18T09:39:07.828783
5,946,0.02811942622065544,2026-05-18T09:39:07.901799
5,947,0.02814611792564392,2026-05-18T09:39:07.971701
5,948,0.027218950912356377,2026-05-18T09:39:08.637642
5,949,0.0304097980260849,2026-05-18T09:39:08.705999
5,950,0.029814118519425392,2026-05-18T09:39:08.776747
5,951,0.030279135331511497,2026-05-18T09:39:08.847463
5,952,0.030243201181292534,2026-05-18T09:39:09.800284
5,953,0.02669471502304077,2026-05-18T09:39:09.871002
5,954,0.025089383125305176,2026-05-18T09:39:09.941408
5,955,0.027555886656045914,2026-05-18T09:39:10.011663
5,956,0.029905980452895164,2026-05-18T09:39:10.569271
5,957,0.023767005652189255,2026-05-18T09:39:10.630081
5,958,0.026424216106534004,2026-05-18T09:39:10.727224
5,959,0.02802673541009426,2026-05-18T09:39:10.789119
5,960,0.026275601238012314,2026-05-18T09:39:11.386262
5,961,0.024831464514136314,2026-05-18T09:39:11.448260
5,962,0.029922887682914734,2026-05-18T09:39:11.512182
5,963,0.02873649075627327,2026-05-18T09:39:11.574667
5,964,0.0296902097761631,2026-05-18T09:39:12.291251
5,965,0.025952592492103577,2026-05-18T09:39:12.350996
5,966,0.02756732702255249,2026-05-18T09:39:12.413233
5,967,0.028144238516688347,2026-05-18T09:39:12.474287
5,968,0.025715041905641556,2026-05-18T09:39:13.011173
5,969,0.02877018041908741,2026-05-18T09:39:13.071629
5,970,0.030472952872514725,2026-05-18T09:39:13.132702
5,971,0.02910885401070118,2026-05-18T09:39:13.194269
5,972,0.02918904833495617,2026-05-18T09:39:13.871658
5,973,0.027096109464764595,2026-05-18T09:39:13.936832
5,974,0.029689231887459755,2026-05-18T09:39:14.000173
5,975,0.026219237595796585,2026-05-18T09:39:14.068429
5,976,0.027271445840597153,2026-05-18T09:39:14.681020
5,977,0.02826775796711445,2026-05-18T09:39:14.741330
5,978,0.02717760019004345,2026-05-18T09:39:14.804451
5,979,0.02601408027112484,2026-05-18T09:39:14.869314
5,980,0.026034006848931313,2026-05-18T09:39:15.447610
5,981,0.031121423467993736,2026-05-18T09:39:15.546790
5,982,0.029737114906311035,2026-05-18T09:39:15.631338
5,983,0.029628103598952293,2026-05-18T09:39:15.707923
5,984,0.03809388726949692,2026-05-18T09:39:16.836879
5,985,0.02970624528825283,2026-05-18T09:39:16.902933
5,986,0.03265896812081337,2026-05-18T09:39:16.968943
5,987,0.03138764947652817,2026-05-18T09:39:17.033229
5,988,0.026519661769270897,2026-05-18T09:39:17.613082
5,989,0.02749001979827881,2026-05-18T09:39:17.678643
5,990,0.027570823207497597,2026-05-18T09:39:17.744990
5,991,0.030540795996785164,2026-05-18T09:39:17.811272
5,992,0.02739088051021099,2026-05-18T09:39:18.504118
5,993,0.02722417376935482,2026-05-18T09:39:18.567527
5,994,0.03179362788796425,2026-05-18T09:39:18.632191
5,995,0.027239976450800896,2026-05-18T09:39:18.696806
5,996,0.03003714792430401,2026-05-18T09:39:19.244337
5,997,0.025073839351534843,2026-05-18T09:39:19.310759
5,998,0.02872062474489212,2026-05-18T09:39:19.377460
5,999,0.027785802260041237,2026-05-18T09:39:19.446631
5,1000,0.028056778013706207,2026-05-18T09:39:20.005760
5,1001,0.028273509815335274,2026-05-18T09:39:20.068694
5,1002,0.027525190263986588,2026-05-18T09:39:20.133626
5,1003,0.025359708815813065,2026-05-18T09:39:20.197610
5,1004,0.02740771323442459,2026-05-18T09:39:20.862702
5,1005,0.02857382595539093,2026-05-18T09:39:20.927195
5,1006,0.025990186259150505,2026-05-18T09:39:20.993292
5,1007,0.025660501793026924,2026-05-18T09:39:21.061338
5,1008,0.031159905716776848,2026-05-18T09:39:21.510938
5,1009,0.03140780329704285,2026-05-18T09:39:21.571180
5,1010,0.030193433165550232,2026-05-18T09:39:21.634579
5,1011,0.025475988164544106,2026-05-18T09:39:21.697951
5,1012,0.02622182108461857,2026-05-18T09:39:22.417372
5,1013,0.02981489710509777,2026-05-18T09:39:22.480160
5,1014,0.024724695831537247,2026-05-18T09:39:22.544119
5,1015,0.029858026653528214,2026-05-18T09:39:22.608015
5,1016,0.02576725371181965,2026-05-18T09:39:23.471926
5,1017,0.03378104791045189,2026-05-18T09:39:23.535178
5,1018,0.026027215644717216,2026-05-18T09:39:23.600131
5,1019,0.025316916406154633,2026-05-18T09:39:23.663815
5,1020,0.02390093356370926,2026-05-18T09:39:24.415549
5,1021,0.030342107638716698,2026-05-18T09:39:24.480939
5,1022,0.02942580170929432,2026-05-18T09:39:24.545354
5,1023,0.02293204329907894,2026-05-18T09:39:24.612031
5,1024,0.03448673337697983,2026-05-18T09:39:25.191067
5,1025,0.02817918173968792,2026-05-18T09:39:25.251908
5,1026,0.02699229307472706,2026-05-18T09:39:25.314262
5,1027,0.028876066207885742,2026-05-18T09:39:25.376193
5,1028,0.028978217393159866,2026-05-18T09:39:25.889772
5,1029,0.02699052356183529,2026-05-18T09:39:25.951301
5,1030,0.026296580210328102,2026-05-18T09:39:26.017161
5,1031,0.025976011529564857,2026-05-18T09:39:26.077826
5,1032,0.029813403263688087,2026-05-18T09:39:26.777911
5,1033,0.02659742720425129,2026-05-18T09:39:26.839719
5,1034,0.027042191475629807,2026-05-18T09:39:26.901567
5,1035,0.02865033596754074,2026-05-18T09:39:26.963131
5,1036,0.027645442634820938,2026-05-18T09:39:27.610398
5,1037,0.02550814487040043,2026-05-18T09:39:27.669482
5,1038,0.023493103682994843,2026-05-18T09:39:27.737671
5,1039,0.02628154307603836,2026-05-18T09:39:27.804265
5,1040,0.032376617193222046,2026-05-18T09:39:28.419451
5,1041,0.03285724297165871,2026-05-18T09:39:28.481262
5,1042,0.027130156755447388,2026-05-18T09:39:28.543363
5,1043,0.025126826018095016,2026-05-18T09:39:28.606919
5,1044,0.026600094512104988,2026-05-18T09:39:29.168072
5,1045,0.032408710569143295,2026-05-18T09:39:29.227946
5,1046,0.025090673938393593,2026-05-18T09:39:29.290447
5,1047,0.028938520699739456,2026-05-18T09:39:29.351901
5,1048,0.025577034801244736,2026-05-18T09:39:29.756577
5,1049,0.0311863012611866,2026-05-18T09:39:29.816501
5,1050,0.03055335022509098,2026-05-18T09:39:29.877737
5,1051,0.02586819790303707,2026-05-18T09:39:29.940697
5,1052,0.025764649733901024,2026-05-18T09:39:30.569518
5,1053,0.027895433828234673,2026-05-18T09:39:30.634512
5,1054,0.029932508245110512,2026-05-18T09:39:30.699802
5,1055,0.024308228865265846,2026-05-18T09:39:30.768645
5,1056,0.023052522912621498,2026-05-18T09:39:31.289333
5,1057,0.026744481176137924,2026-05-18T09:39:31.352048
5,1058,0.030414452776312828,2026-05-18T09:39:31.450545
5,1059,0.025078367441892624,2026-05-18T09:39:31.514507
5,1060,0.03115648403763771,2026-05-18T09:39:32.113035
5,1061,0.026014551520347595,2026-05-18T09:39:32.175650
5,1062,0.027915071696043015,2026-05-18T09:39:32.238882
5,1063,0.024592258036136627,2026-05-18T09:39:32.302222
5,1064,0.03251142427325249,2026-05-18T09:39:33.005296
5,1065,0.026254529133439064,2026-05-18T09:39:33.066647
5,1066,0.026519207283854485,2026-05-18T09:39:33.129926
5,1067,0.028505176305770874,2026-05-18T09:39:33.193390
5,1068,0.024945834651589394,2026-05-18T09:39:33.826306
5,1069,0.033018894493579865,2026-05-18T09:39:33.885252
5,1070,0.029310468584299088,2026-05-18T09:39:33.947235
5,1071,0.029834849759936333,2026-05-18T09:39:34.010518
5,1072,0.030889058485627174,2026-05-18T09:39:34.680592
5,1073,0.025962911546230316,2026-05-18T09:39:34.742211
5,1074,0.026487356051802635,2026-05-18T09:39:34.804740
5,1075,0.02525046281516552,2026-05-18T09:39:34.873905
5,1076,0.029349610209465027,2026-05-18T09:39:35.623538
5,1077,0.025587433949112892,2026-05-18T09:39:35.684589
5,1078,0.028231721371412277,2026-05-18T09:39:35.749097
5,1079,0.029117505997419357,2026-05-18T09:39:35.814892
5,1080,0.024945035576820374,2026-05-18T09:39:36.398356
5,1081,0.027613788843154907,2026-05-18T09:39:36.461411
5,1082,0.028979239985346794,2026-05-18T09:39:36.527748
5,1083,0.025485999882221222,2026-05-18T09:39:36.594587
5,1084,0.02479446306824684,2026-05-18T09:39:37.132624
5,1085,0.032677073031663895,2026-05-18T09:39:37.196700
5,1086,0.02770880237221718,2026-05-18T09:39:37.260256
5,1087,0.027157926931977272,2026-05-18T09:39:37.324695
5,1088,0.028265198692679405,2026-05-18T09:39:37.972536
5,1089,0.02714608795940876,2026-05-18T09:39:38.035073
5,1090,0.028090791776776314,2026-05-18T09:39:38.098758
5,1091,0.023784834891557693,2026-05-18T09:39:38.163642
5,1092,0.026145601645112038,2026-05-18T09:39:38.715173
5,1093,0.025273509323596954,2026-05-18T09:39:38.775706
5,1094,0.025065040215849876,2026-05-18T09:39:38.839452
5,1095,0.026590006425976753,2026-05-18T09:39:38.902718
5,1096,0.027890384197235107,2026-05-18T09:39:39.467616
5,1097,0.025556178763508797,2026-05-18T09:39:39.528736
5,1098,0.02460533194243908,2026-05-18T09:39:39.592934
5,1099,0.023578103631734848,2026-05-18T09:39:39.654870
5,1100,0.03240606188774109,2026-05-18T09:39:40.164548
5,1101,0.02684359811246395,2026-05-18T09:39:40.228185
5,1102,0.026404621079564095,2026-05-18T09:39:40.292168
5,1103,0.031221337616443634,2026-05-18T09:39:40.356218
5,1104,0.029678000137209892,2026-05-18T09:39:40.903162
5,1105,0.027403205633163452,2026-05-18T09:39:40.964936
5,1106,0.028332386165857315,2026-05-18T09:39:41.027268
5,1107,0.02436416782438755,2026-05-18T09:39:41.091844
5,1108,0.024482060223817825,2026-05-18T09:39:41.684565
5,1109,0.02570119872689247,2026-05-18T09:39:41.745785
5,1110,0.031037835404276848,2026-05-18T09:39:41.808224
5,1111,0.032259829342365265,2026-05-18T09:39:41.870229
5,1112,0.026033544912934303,2026-05-18T09:39:42.686705
5,1113,0.02753208577632904,2026-05-18T09:39:42.749049
5,1114,0.026462117210030556,2026-05-18T09:39:42.810639
5,1115,0.02704436704516411,2026-05-18T09:39:42.871776
5,1116,0.025217311456799507,2026-05-18T09:39:43.630473
5,1117,0.02914445474743843,2026-05-18T09:39:43.694738
5,1118,0.02728627808392048,2026-05-18T09:39:43.760710
5,1119,0.03239075466990471,2026-05-18T09:39:43.823570
5,1120,0.026043986901640892,2026-05-18T09:39:44.359985
5,1121,0.027286024764180183,2026-05-18T09:39:44.420287
5,1122,0.02797018364071846,2026-05-18T09:39:44.481940
5,1123,0.026082603260874748,2026-05-18T09:39:44.543787
5,1124,0.026371054351329803,2026-05-18T09:39:45.221427
5,1125,0.025811098515987396,2026-05-18T09:39:45.286823
5,1126,0.02755156345665455,2026-05-18T09:39:45.350886
5,1127,0.027745097875595093,2026-05-18T09:39:45.414169
5,1128,0.02756715565919876,2026-05-18T09:39:46.010808
5,1129,0.025707537308335304,2026-05-18T09:39:46.071145
5,1130,0.02997059002518654,2026-05-18T09:39:46.133252
5,1131,0.02795974723994732,2026-05-18T09:39:46.196035
5,1132,0.02809349074959755,2026-05-18T09:39:46.943043
5,1133,0.028965119272470474,2026-05-18T09:39:47.010378
5,1134,0.029124217107892036,2026-05-18T09:39:47.078269
5,1135,0.028161514550447464,2026-05-18T09:39:47.147636
5,1136,0.03356700763106346,2026-05-18T09:39:47.720108
5,1137,0.03181731328368187,2026-05-18T09:39:47.785078
5,1138,0.026867013424634933,2026-05-18T09:39:47.852327
5,1139,0.02894672378897667,2026-05-18T09:39:47.919328
5,1140,0.0268710907548666,2026-05-18T09:39:48.618335
5,1141,0.023370789363980293,2026-05-18T09:39:48.685499
5,1142,0.028107106685638428,2026-05-18T09:39:48.751686
5,1143,0.027087463065981865,2026-05-18T09:39:48.817532
5,1144,0.025133734568953514,2026-05-18T09:39:49.262628
5,1145,0.027485808357596397,2026-05-18T09:39:49.320909
5,1146,0.031021783128380775,2026-05-18T09:39:49.381928
5,1147,0.027360700070858,2026-05-18T09:39:49.442279
6,0,0.026627831161022186,2026-05-18T09:39:54.493462
6,1,0.027221297845244408,2026-05-18T09:39:54.661358
6,2,0.027881914749741554,2026-05-18T09:39:54.770584
6,3,0.026246771216392517,2026-05-18T09:39:54.843189
6,4,0.03253405913710594,2026-05-18T09:39:55.058630
6,5,0.02648681402206421,2026-05-18T09:39:55.318505
6,6,0.031013531610369682,2026-05-18T09:39:55.380824
6,7,0.028163939714431763,2026-05-18T09:39:55.441399
6,8,0.025710755959153175,2026-05-18T09:39:55.797485
6,9,0.025593936443328857,2026-05-18T09:39:56.066749
6,10,0.02685577981173992,2026-05-18T09:39:56.150113
6,11,0.026150187477469444,2026-05-18T09:39:56.213483
6,12,0.02733374759554863,2026-05-18T09:39:56.485066
6,13,0.03206290677189827,2026-05-18T09:39:56.820601
6,14,0.026679182425141335,2026-05-18T09:39:56.881275
6,15,0.030772224068641663,2026-05-18T09:39:56.942350
6,16,0.027515076100826263,2026-05-18T09:39:57.145050
6,17,0.02649947814643383,2026-05-18T09:39:57.590232
6,18,0.028583189472556114,2026-05-18T09:39:57.650250
6,19,0.033293697983026505,2026-05-18T09:39:57.712503
6,20,0.026009783148765564,2026-05-18T09:39:57.841852
6,21,0.027792641893029213,2026-05-18T09:39:58.401569
6,22,0.026703033596277237,2026-05-18T09:39:58.465867
6,23,0.02402096800506115,2026-05-18T09:39:58.529067
6,24,0.024045893922448158,2026-05-18T09:39:58.593210
6,25,0.02729180082678795,2026-05-18T09:39:59.246810
6,26,0.02660997211933136,2026-05-18T09:39:59.306916
6,27,0.03016749583184719,2026-05-18T09:39:59.367810
6,28,0.026216283440589905,2026-05-18T09:39:59.430250
6,29,0.03351778909564018,2026-05-18T09:40:00.157005
6,30,0.028086863458156586,2026-05-18T09:40:00.218649
6,31,0.02393888123333454,2026-05-18T09:40:00.280696
6,32,0.02668001689016819,2026-05-18T09:40:00.344283
6,33,0.029556797817349434,2026-05-18T09:40:00.715732
6,34,0.02900502271950245,2026-05-18T09:40:00.773803
6,35,0.025935901328921318,2026-05-18T09:40:00.836295
6,36,0.031121818348765373,2026-05-18T09:40:00.897656
6,37,0.030837692320346832,2026-05-18T09:40:01.435444
6,38,0.025735091418027878,2026-05-18T09:40:01.500679
6,39,0.0289313942193985,2026-05-18T09:40:01.564888
6,40,0.025853972882032394,2026-05-18T09:40:01.627625
6,41,0.025567883625626564,2026-05-18T09:40:01.970347
6,42,0.02503431960940361,2026-05-18T09:40:02.029784
6,43,0.02652454935014248,2026-05-18T09:40:02.090892
6,44,0.0266878679394722,2026-05-18T09:40:02.152160
6,45,0.02710406854748726,2026-05-18T09:40:02.685495
6,46,0.02484326995909214,2026-05-18T09:40:02.743989
6,47,0.027681637555360794,2026-05-18T09:40:02.804421
6,48,0.025374891236424446,2026-05-18T09:40:02.865204
6,49,0.029291072860360146,2026-05-18T09:40:03.283010
6,50,0.028017258271574974,2026-05-18T09:40:03.344050
6,51,0.029504839330911636,2026-05-18T09:40:03.408386
6,52,0.025475017726421356,2026-05-18T09:40:03.469710
6,53,0.029938211664557457,2026-05-18T09:40:03.860685
6,54,0.026669587939977646,2026-05-18T09:40:03.920987
6,55,0.027803296223282814,2026-05-18T09:40:03.986367
6,56,0.026513133198022842,2026-05-18T09:40:04.158805
6,57,0.02469509281218052,2026-05-18T09:40:04.712296
6,58,0.026344988495111465,2026-05-18T09:40:04.772905
6,59,0.027934007346630096,2026-05-18T09:40:04.834621
6,60,0.028431745246052742,2026-05-18T09:40:04.915915
6,61,0.0321970097720623,2026-05-18T09:40:05.291884
6,62,0.026607220992445946,2026-05-18T09:40:05.352147
6,63,0.028579914942383766,2026-05-18T09:40:05.412649
6,64,0.03064761683344841,2026-05-18T09:40:05.474077
6,65,0.031669631600379944,2026-05-18T09:40:06.093570
6,66,0.02740909904241562,2026-05-18T09:40:06.156198
6,67,0.03179553896188736,2026-05-18T09:40:06.219880
6,68,0.027278244495391846,2026-05-18T09:40:06.284146
6,69,0.03436825051903725,2026-05-18T09:40:06.885534
6,70,0.024935275316238403,2026-05-18T09:40:06.946461
6,71,0.028676968067884445,2026-05-18T09:40:07.008139
6,72,0.027249492704868317,2026-05-18T09:40:07.070207
6,73,0.028118709102272987,2026-05-18T09:40:07.721228
6,74,0.024727948009967804,2026-05-18T09:40:07.785773
6,75,0.02895604632794857,2026-05-18T09:40:07.850308
6,76,0.0242869034409523,2026-05-18T09:40:07.915630
6,77,0.03213496506214142,2026-05-18T09:40:08.528531
6,78,0.024706674739718437,2026-05-18T09:40:08.588208
6,79,0.024468639865517616,2026-05-18T09:40:08.649167
6,80,0.02758900262415409,2026-05-18T09:40:08.710334
6,81,0.024809854105114937,2026-05-18T09:40:09.306566
6,82,0.02659064531326294,2026-05-18T09:40:09.370158
6,83,0.030245210975408554,2026-05-18T09:40:09.433342
6,84,0.029197702184319496,2026-05-18T09:40:09.496899
6,85,0.027406131848692894,2026-05-18T09:40:10.066080
6,86,0.031007446348667145,2026-05-18T09:40:10.127258
6,87,0.028010861948132515,2026-05-18T09:40:10.187668
6,88,0.02572900988161564,2026-05-18T09:40:10.248190
6,89,0.025683093816041946,2026-05-18T09:40:10.951759
6,90,0.027303187176585197,2026-05-18T09:40:11.015176
6,91,0.027617713436484337,2026-05-18T09:40:11.077194
6,92,0.027010515332221985,2026-05-18T09:40:11.140269
6,93,0.025889137759804726,2026-05-18T09:40:11.819055
6,94,0.028482455760240555,2026-05-18T09:40:11.881962
6,95,0.02804340235888958,2026-05-18T09:40:11.944817
6,96,0.026927929371595383,2026-05-18T09:40:12.006785
6,97,0.03092966042459011,2026-05-18T09:40:12.206935
6,98,0.03162407502532005,2026-05-18T09:40:12.269716
6,99,0.0337216779589653,2026-05-18T09:40:12.332113
6,100,0.02414318174123764,2026-05-18T09:40:12.391800
6,101,0.03413240239024162,2026-05-18T09:40:12.941624
6,102,0.025222312659025192,2026-05-18T09:40:13.001676
6,103,0.026262320578098297,2026-05-18T09:40:13.061804
6,104,0.027137834578752518,2026-05-18T09:40:13.124583
6,105,0.026264440268278122,2026-05-18T09:40:13.715039
6,106,0.029819980263710022,2026-05-18T09:40:13.776994
6,107,0.026101185008883476,2026-05-18T09:40:13.839444
6,108,0.026431119069457054,2026-05-18T09:40:13.903002
6,109,0.02533266879618168,2026-05-18T09:40:14.471627
6,110,0.023694360628724098,2026-05-18T09:40:14.549823
6,111,0.03103242814540863,2026-05-18T09:40:14.610915
6,112,0.027567261829972267,2026-05-18T09:40:14.672479
6,113,0.02700735814869404,2026-05-18T09:40:15.295760
6,114,0.023775614798069,2026-05-18T09:40:15.357903
6,115,0.026729019358754158,2026-05-18T09:40:15.422287
6,116,0.025662390515208244,2026-05-18T09:40:15.485014
6,117,0.025287078693509102,2026-05-18T09:40:16.039067
6,118,0.029228782281279564,2026-05-18T09:40:16.098982
6,119,0.027936676517128944,2026-05-18T09:40:16.160028
6,120,0.031462546437978745,2026-05-18T09:40:16.221119
6,121,0.02729753404855728,2026-05-18T09:40:16.908686
6,122,0.024060430005192757,2026-05-18T09:40:16.971456
6,123,0.031249402090907097,2026-05-18T09:40:17.036523
6,124,0.025198601186275482,2026-05-18T09:40:17.098763
6,125,0.026693100109696388,2026-05-18T09:40:17.627156
6,126,0.024752091616392136,2026-05-18T09:40:17.687273
6,127,0.029947884380817413,2026-05-18T09:40:17.748354
6,128,0.025113409385085106,2026-05-18T09:40:17.809009
6,129,0.026083316653966904,2026-05-18T09:40:18.332574
6,130,0.027732927352190018,2026-05-18T09:40:18.392330
6,131,0.03017088584601879,2026-05-18T09:40:18.454541
6,132,0.03212195634841919,2026-05-18T09:40:18.514591
6,133,0.02638665959239006,2026-05-18T09:40:19.008306
6,134,0.0306464284658432,2026-05-18T09:40:19.074194
6,135,0.0287978146225214,2026-05-18T09:40:19.138502
6,136,0.027813902124762535,2026-05-18T09:40:19.203040
6,137,0.0249788798391819,2026-05-18T09:40:19.863937
6,138,0.026279084384441376,2026-05-18T09:40:19.926803
6,139,0.025508539751172066,2026-05-18T09:40:19.990896
6,140,0.028163041919469833,2026-05-18T09:40:20.055041
6,141,0.026728656142950058,2026-05-18T09:40:20.891433
6,142,0.026797467842698097,2026-05-18T09:40:20.960468
6,143,0.029547279700636864,2026-05-18T09:40:21.026427
6,144,0.025529496371746063,2026-05-18T09:40:21.092523
6,145,0.02714996039867401,2026-05-18T09:40:21.658592
6,146,0.027693187817931175,2026-05-18T09:40:21.721331
6,147,0.030553290620446205,2026-05-18T09:40:21.786679
6,148,0.038782913237810135,2026-05-18T09:40:21.852568
6,149,0.02569717727601528,2026-05-18T09:40:22.351290
6,150,0.02522597461938858,2026-05-18T09:40:22.412843
6,151,0.026297390460968018,2026-05-18T09:40:22.472520
6,152,0.027028704062104225,2026-05-18T09:40:22.532697
6,153,0.02691597491502762,2026-05-18T09:40:23.138479
6,154,0.027764087542891502,2026-05-18T09:40:23.200484
6,155,0.026036079972982407,2026-05-18T09:40:23.262372
6,156,0.026926161721348763,2026-05-18T09:40:23.326603
6,157,0.024529818445444107,2026-05-18T09:40:23.900571
6,158,0.026601748540997505,2026-05-18T09:40:23.959452
6,159,0.025889240205287933,2026-05-18T09:40:24.019350
6,160,0.02656536176800728,2026-05-18T09:40:24.097432
6,161,0.028022445738315582,2026-05-18T09:40:24.591304
6,162,0.02730488032102585,2026-05-18T09:40:24.650970
6,163,0.02584873139858246,2026-05-18T09:40:24.711561
6,164,0.02486327476799488,2026-05-18T09:40:24.771499
6,165,0.028955534100532532,2026-05-18T09:40:25.271273
6,166,0.028298435732722282,2026-05-18T09:40:25.333293
6,167,0.026082461699843407,2026-05-18T09:40:25.395287
6,168,0.03380176052451134,2026-05-18T09:40:25.458509
6,169,0.02676834538578987,2026-05-18T09:40:26.104895
6,170,0.026995455846190453,2026-05-18T09:40:26.164857
6,171,0.029481763020157814,2026-05-18T09:40:26.225486
6,172,0.02887563779950142,2026-05-18T09:40:26.287102
6,173,0.03122304379940033,2026-05-18T09:40:26.911487
6,174,0.026834720745682716,2026-05-18T09:40:26.974225
6,175,0.028380990028381348,2026-05-18T09:40:27.037383
6,176,0.033687617629766464,2026-05-18T09:40:27.103104
6,177,0.03214264661073685,2026-05-18T09:40:27.758233
6,178,0.025593742728233337,2026-05-18T09:40:27.821267
6,179,0.0268723014742136,2026-05-18T09:40:27.884610
6,180,0.030477264896035194,2026-05-18T09:40:27.947014
6,181,0.028615662828087807,2026-05-18T09:40:28.462368
6,182,0.028514400124549866,2026-05-18T09:40:28.522783
6,183,0.028695927932858467,2026-05-18T09:40:28.585838
6,184,0.030751191079616547,2026-05-18T09:40:28.648620
6,185,0.031166881322860718,2026-05-18T09:40:29.159113
6,186,0.026435477659106255,2026-05-18T09:40:29.219619
6,187,0.029440397396683693,2026-05-18T09:40:29.280630
6,188,0.024270514026284218,2026-05-18T09:40:29.342730
6,189,0.03238559886813164,2026-05-18T09:40:29.839858
6,190,0.0256685521453619,2026-05-18T09:40:29.907463
6,191,0.0432816818356514,2026-05-18T09:40:29.968852
6,192,0.028217729181051254,2026-05-18T09:40:30.030223
6,193,0.03000054322183132,2026-05-18T09:40:30.836379
6,194,0.025521295145154,2026-05-18T09:40:30.898632
6,195,0.024457737803459167,2026-05-18T09:40:30.961910
6,196,0.030206358060240746,2026-05-18T09:40:31.022350
6,197,0.028849167749285698,2026-05-18T09:40:31.555625
6,198,0.02704940177500248,2026-05-18T09:40:31.619645
6,199,0.029651805758476257,2026-05-18T09:40:31.685732
6,200,0.02468351274728775,2026-05-18T09:40:31.748967
6,201,0.02921372465789318,2026-05-18T09:40:32.456498
6,202,0.02693398855626583,2026-05-18T09:40:32.515723
6,203,0.02962690219283104,2026-05-18T09:40:32.576776
6,204,0.024645866826176643,2026-05-18T09:40:32.637073
6,205,0.03199700266122818,2026-05-18T09:40:33.144162
6,206,0.02726924978196621,2026-05-18T09:40:33.205823
6,207,0.030189543962478638,2026-05-18T09:40:33.268064
6,208,0.029679346829652786,2026-05-18T09:40:33.331741
6,209,0.02611498348414898,2026-05-18T09:40:33.854760
6,210,0.02785847894847393,2026-05-18T09:40:33.932913
6,211,0.03457994386553764,2026-05-18T09:40:33.994628
6,212,0.030533554032444954,2026-05-18T09:40:34.055001
6,213,0.027228349819779396,2026-05-18T09:40:34.807321
6,214,0.029281213879585266,2026-05-18T09:40:34.869896
6,215,0.02825809270143509,2026-05-18T09:40:34.932146
6,216,0.028370987623929977,2026-05-18T09:40:34.990955
6,217,0.026031984016299248,2026-05-18T09:40:35.617538
6,218,0.03025595284998417,2026-05-18T09:40:35.680388
6,219,0.031249700114130974,2026-05-18T09:40:35.745122
6,220,0.027249036356806755,2026-05-18T09:40:35.808143
6,221,0.030482245609164238,2026-05-18T09:40:36.320223
6,222,0.028279488906264305,2026-05-18T09:40:36.380602
6,223,0.03328645974397659,2026-05-18T09:40:36.441308
6,224,0.026017744094133377,2026-05-18T09:40:36.501894
6,225,0.02866493910551071,2026-05-18T09:40:37.002383
6,226,0.028020545840263367,2026-05-18T09:40:37.063043
6,227,0.031745653599500656,2026-05-18T09:40:37.124225
6,228,0.02690826915204525,2026-05-18T09:40:37.186441
6,229,0.027434034273028374,2026-05-18T09:40:37.841055
6,230,0.02554306760430336,2026-05-18T09:40:37.903079
6,231,0.02607104182243347,2026-05-18T09:40:37.966997
6,232,0.03024148941040039,2026-05-18T09:40:38.031253
6,233,0.031910281628370285,2026-05-18T09:40:38.657273
6,234,0.02841067686676979,2026-05-18T09:40:38.717082
6,235,0.03394933044910431,2026-05-18T09:40:38.777705
6,236,0.04143671318888664,2026-05-18T09:40:38.838208
6,237,0.03292028233408928,2026-05-18T09:40:39.563544
6,238,0.02686968259513378,2026-05-18T09:40:39.625770
6,239,0.028038477525115013,2026-05-18T09:40:39.689411
6,240,0.028150787577033043,2026-05-18T09:40:39.751714
6,241,0.029190680012106895,2026-05-18T09:40:40.452222
6,242,0.025965241715312004,2026-05-18T09:40:40.514847
6,243,0.031866203993558884,2026-05-18T09:40:40.578242
6,244,0.030271748080849648,2026-05-18T09:40:40.643093
6,245,0.0240419153124094,2026-05-18T09:40:41.450123
6,246,0.02841518633067608,2026-05-18T09:40:41.513788
6,247,0.02970973029732704,2026-05-18T09:40:41.576258
6,248,0.032281167805194855,2026-05-18T09:40:41.639796
6,249,0.026661206036806107,2026-05-18T09:40:42.295123
6,250,0.028055336326360703,2026-05-18T09:40:42.354199
6,251,0.026536166667938232,2026-05-18T09:40:42.415515
6,252,0.02775830589234829,2026-05-18T09:40:42.474808
6,253,0.0261861402541399,2026-05-18T09:40:43.083386
6,254,0.02892056666314602,2026-05-18T09:40:43.148131
6,255,0.0305289588868618,2026-05-18T09:40:43.211593
6,256,0.0252819936722517,2026-05-18T09:40:43.277314
6,257,0.030707206577062607,2026-05-18T09:40:43.847810
6,258,0.027461092919111252,2026-05-18T09:40:43.910245
6,259,0.030564842745661736,2026-05-18T09:40:43.972769
6,260,0.026889951899647713,2026-05-18T09:40:44.054059
6,261,0.034273695200681686,2026-05-18T09:40:44.271385
6,262,0.02975364588201046,2026-05-18T09:40:44.336677
6,263,0.027485478669404984,2026-05-18T09:40:44.399641
6,264,0.02671857364475727,2026-05-18T09:40:44.464212
6,265,0.025000622496008873,2026-05-18T09:40:44.892915
6,266,0.02647905983030796,2026-05-18T09:40:44.953320
6,267,0.028791800141334534,2026-05-18T09:40:45.016339
6,268,0.02489284984767437,2026-05-18T09:40:45.076896
6,269,0.02641049213707447,2026-05-18T09:40:45.735495
6,270,0.02393442392349243,2026-05-18T09:40:45.798498
6,271,0.02905590645968914,2026-05-18T09:40:45.862280
6,272,0.029453737661242485,2026-05-18T09:40:45.925360
6,273,0.028531227260828018,2026-05-18T09:40:46.437019
6,274,0.03205263987183571,2026-05-18T09:40:46.498533
6,275,0.026618026196956635,2026-05-18T09:40:46.558857
6,276,0.02956770360469818,2026-05-18T09:40:46.620037
6,277,0.02792077139019966,2026-05-18T09:40:47.282846
6,278,0.027826331555843353,2026-05-18T09:40:47.345553
6,279,0.02896483615040779,2026-05-18T09:40:47.410570
6,280,0.03049902804195881,2026-05-18T09:40:47.473175
6,281,0.02605065517127514,2026-05-18T09:40:48.036400
6,282,0.033682506531476974,2026-05-18T09:40:48.097563
6,283,0.02550797164440155,2026-05-18T09:40:48.159949
6,284,0.028195178136229515,2026-05-18T09:40:48.223063
6,285,0.03210154175758362,2026-05-18T09:40:48.735940
6,286,0.03428588807582855,2026-05-18T09:40:48.796367
6,287,0.027428803965449333,2026-05-18T09:40:48.856858
6,288,0.026836788281798363,2026-05-18T09:40:48.917249
6,289,0.02931254915893078,2026-05-18T09:40:49.540424
6,290,0.027486562728881836,2026-05-18T09:40:49.604221
6,291,0.02553388476371765,2026-05-18T09:40:49.670063
6,292,0.029492273926734924,2026-05-18T09:40:49.731531
6,293,0.02779492549598217,2026-05-18T09:40:50.318985
6,294,0.025698501616716385,2026-05-18T09:40:50.381052
6,295,0.029411019757390022,2026-05-18T09:40:50.443665
6,296,0.029922012239694595,2026-05-18T09:40:50.502428
6,297,0.027277231216430664,2026-05-18T09:40:51.168330
6,298,0.031903281807899475,2026-05-18T09:40:51.232757
6,299,0.029565637931227684,2026-05-18T09:40:51.295924
6,300,0.02657185308635235,2026-05-18T09:40:51.360437
6,301,0.027473051100969315,2026-05-18T09:40:52.324311
6,302,0.02600249834358692,2026-05-18T09:40:52.388220
6,303,0.026264717802405357,2026-05-18T09:40:52.451342
6,304,0.02716347947716713,2026-05-18T09:40:52.517507
6,305,0.028744593262672424,2026-05-18T09:40:53.127547
6,306,0.025790050625801086,2026-05-18T09:40:53.190312
6,307,0.028962625190615654,2026-05-18T09:40:53.253411
6,308,0.028112679719924927,2026-05-18T09:40:53.317368
6,309,0.024517113342881203,2026-05-18T09:40:53.857171
6,310,0.025918520987033844,2026-05-18T09:40:53.941006
6,311,0.02779887430369854,2026-05-18T09:40:54.003092
6,312,0.0258594062179327,2026-05-18T09:40:54.067138
6,313,0.027308490127325058,2026-05-18T09:40:54.743632
6,314,0.02530921809375286,2026-05-18T09:40:54.807261
6,315,0.02906433865427971,2026-05-18T09:40:54.870813
6,316,0.030777567997574806,2026-05-18T09:40:54.934751
6,317,0.027103029191493988,2026-05-18T09:40:55.422458
6,318,0.03178593888878822,2026-05-18T09:40:55.484722
6,319,0.02733267843723297,2026-05-18T09:40:55.544713
6,320,0.033836547285318375,2026-05-18T09:40:55.605315
6,321,0.037647414952516556,2026-05-18T09:40:56.213567
6,322,0.03296113386750221,2026-05-18T09:40:56.275290
6,323,0.025781720876693726,2026-05-18T09:40:56.339238
6,324,0.02584742195904255,2026-05-18T09:40:56.401418
6,325,0.03168199211359024,2026-05-18T09:40:56.966302
6,326,0.02801150642335415,2026-05-18T09:40:57.024966
6,327,0.02670334465801716,2026-05-18T09:40:57.086200
6,328,0.0270612183958292,2026-05-18T09:40:57.149098
6,329,0.0291253961622715,2026-05-18T09:40:57.776749
6,330,0.027674973011016846,2026-05-18T09:40:57.839469
6,331,0.026751616969704628,2026-05-18T09:40:57.901554
6,332,0.027658650651574135,2026-05-18T09:40:57.965839
6,333,0.03753334656357765,2026-05-18T09:40:58.496120
6,334,0.030925968661904335,2026-05-18T09:40:58.555766
6,335,0.025834720581769943,2026-05-18T09:40:58.616466
6,336,0.02761600725352764,2026-05-18T09:40:58.676112
6,337,0.02841377630829811,2026-05-18T09:40:59.381847
6,338,0.02967054955661297,2026-05-18T09:40:59.445342
6,339,0.024745767936110497,2026-05-18T09:40:59.508984
6,340,0.02562221884727478,2026-05-18T09:40:59.573119
6,341,0.024152366444468498,2026-05-18T09:41:00.206234
6,342,0.03028060309588909,2026-05-18T09:41:00.269719
6,343,0.02818545512855053,2026-05-18T09:41:00.334308
6,344,0.026846300810575485,2026-05-18T09:41:00.398344
6,345,0.029376255348324776,2026-05-18T09:41:01.123690
6,346,0.027289850637316704,2026-05-18T09:41:01.184225
6,347,0.02574169635772705,2026-05-18T09:41:01.245376
6,348,0.02846647799015045,2026-05-18T09:41:01.307541
6,349,0.024754000827670097,2026-05-18T09:41:01.900485
6,350,0.030823877081274986,2026-05-18T09:41:01.963833
6,351,0.0289328470826149,2026-05-18T09:41:02.027653
6,352,0.02838459610939026,2026-05-18T09:41:02.091549
6,353,0.028903884813189507,2026-05-18T09:41:02.682149
6,354,0.027248600497841835,2026-05-18T09:41:02.743747
6,355,0.025031140074133873,2026-05-18T09:41:02.805621
6,356,0.026392938569188118,2026-05-18T09:41:02.866702
6,357,0.027700800448656082,2026-05-18T09:41:03.645351
6,358,0.030847901478409767,2026-05-18T09:41:03.706888
6,359,0.026926830410957336,2026-05-18T09:41:03.768752
6,360,0.025752410292625427,2026-05-18T09:41:03.850552
6,361,0.026879316195845604,2026-05-18T09:41:04.457601
6,362,0.02637430652976036,2026-05-18T09:41:04.519891
6,363,0.033716022968292236,2026-05-18T09:41:04.579770
6,364,0.0296633318066597,2026-05-18T09:41:04.640331
6,365,0.02849670685827732,2026-05-18T09:41:05.381433
6,366,0.028445294126868248,2026-05-18T09:41:05.442761
6,367,0.025230420753359795,2026-05-18T09:41:05.504921
6,368,0.02827424742281437,2026-05-18T09:41:05.566230
6,369,0.02474341168999672,2026-05-18T09:41:06.075671
6,370,0.027856575325131416,2026-05-18T09:41:06.137838
6,371,0.025856832042336464,2026-05-18T09:41:06.201546
6,372,0.025599529966711998,2026-05-18T09:41:06.265634
6,373,0.02490961365401745,2026-05-18T09:41:06.736091
6,374,0.027302667498588562,2026-05-18T09:41:06.798623
6,375,0.025403590872883797,2026-05-18T09:41:06.859722
6,376,0.03097577951848507,2026-05-18T09:41:06.922063
6,377,0.026304826140403748,2026-05-18T09:41:07.643293
6,378,0.02943400666117668,2026-05-18T09:41:07.708442
6,379,0.027976978570222855,2026-05-18T09:41:07.771109
6,380,0.02882775478065014,2026-05-18T09:41:07.834690
6,381,0.027797577902674675,2026-05-18T09:41:08.515744
6,382,0.02704526297748089,2026-05-18T09:41:08.578505
6,383,0.0264656413346529,2026-05-18T09:41:08.644000
6,384,0.02598741091787815,2026-05-18T09:41:08.705999
6,385,0.028342410922050476,2026-05-18T09:41:09.693580
6,386,0.027316221967339516,2026-05-18T09:41:09.756818
6,387,0.03532055392861366,2026-05-18T09:41:09.823507
6,388,0.026760688051581383,2026-05-18T09:41:09.888146
6,389,0.032605111598968506,2026-05-18T09:41:10.385380
6,390,0.026136668398976326,2026-05-18T09:41:10.445349
6,391,0.025046847760677338,2026-05-18T09:41:10.509745
6,392,0.02944248542189598,2026-05-18T09:41:10.572955
6,393,0.02955465391278267,2026-05-18T09:41:11.127024
6,394,0.03040461428463459,2026-05-18T09:41:11.189612
6,395,0.028703687712550163,2026-05-18T09:41:11.252397
6,396,0.029688620939850807,2026-05-18T09:41:11.315840
6,397,0.03132808208465576,2026-05-18T09:41:12.074868
6,398,0.02725951373577118,2026-05-18T09:41:12.136149
6,399,0.025200042873620987,2026-05-18T09:41:12.198447
6,400,0.027167780324816704,2026-05-18T09:41:12.259426
6,401,0.029180319979786873,2026-05-18T09:41:13.073711
6,402,0.03151969984173775,2026-05-18T09:41:13.135246
6,403,0.02641434222459793,2026-05-18T09:41:13.196737
6,404,0.023830797523260117,2026-05-18T09:41:13.257266
6,405,0.02584558166563511,2026-05-18T09:41:13.845940
6,406,0.026022033765912056,2026-05-18T09:41:13.907755
6,407,0.02976268343627453,2026-05-18T09:41:13.970123
6,408,0.027177298441529274,2026-05-18T09:41:14.032411
6,409,0.027214426547288895,2026-05-18T09:41:14.618114
6,410,0.02708418481051922,2026-05-18T09:41:14.699365
6,411,0.03088749386370182,2026-05-18T09:41:14.759628
6,412,0.028207143768668175,2026-05-18T09:41:14.820292
6,413,0.02696661464869976,2026-05-18T09:41:15.284136
6,414,0.028290802612900734,2026-05-18T09:41:15.345656
6,415,0.02903357893228531,2026-05-18T09:41:15.408596
6,416,0.028419502079486847,2026-05-18T09:41:15.471434
6,417,0.029904693365097046,2026-05-18T09:41:15.965975
6,418,0.028530627489089966,2026-05-18T09:41:16.031246
6,419,0.031118450686335564,2026-05-18T09:41:16.249848
6,420,0.025121157988905907,2026-05-18T09:41:16.312566
6,421,0.028087979182600975,2026-05-18T09:41:16.904715
6,422,0.02818247862160206,2026-05-18T09:41:16.965845
6,423,0.029054060578346252,2026-05-18T09:41:17.102276
6,424,0.026961391791701317,2026-05-18T09:41:17.160126
6,425,0.028369566425681114,2026-05-18T09:41:17.598991
6,426,0.031477104872465134,2026-05-18T09:41:17.656801
6,427,0.03248634189367294,2026-05-18T09:41:17.745538
6,428,0.030222414061427116,2026-05-18T09:41:17.803751
6,429,0.025005623698234558,2026-05-18T09:41:18.665144
6,430,0.025755198672413826,2026-05-18T09:41:18.725646
6,431,0.03153092786669731,2026-05-18T09:41:18.783508
6,432,0.027339626103639603,2026-05-18T09:41:18.842086
6,433,0.030469659715890884,2026-05-18T09:41:19.421293
6,434,0.02601410634815693,2026-05-18T09:41:19.478719
6,435,0.026915332302451134,2026-05-18T09:41:19.537089
6,436,0.027495818212628365,2026-05-18T09:41:19.598556
6,437,0.02661813609302044,2026-05-18T09:41:20.169615
6,438,0.03171950578689575,2026-05-18T09:41:20.230018
6,439,0.026050858199596405,2026-05-18T09:41:20.290304
6,440,0.028844790533185005,2026-05-18T09:41:20.350028
6,441,0.02871309407055378,2026-05-18T09:41:21.037639
6,442,0.029621222987771034,2026-05-18T09:41:21.098928
6,443,0.02429269440472126,2026-05-18T09:41:21.162382
6,444,0.02901986986398697,2026-05-18T09:41:21.223429
6,445,0.0272199809551239,2026-05-18T09:41:21.788206
6,446,0.02913820743560791,2026-05-18T09:41:21.846251
6,447,0.026540299877524376,2026-05-18T09:41:21.906705
6,448,0.032499127089977264,2026-05-18T09:41:21.966948
6,449,0.03315642848610878,2026-05-18T09:41:22.525737
6,450,0.02840680629014969,2026-05-18T09:41:22.585341
6,451,0.027123650535941124,2026-05-18T09:41:22.646051
6,452,0.027532439678907394,2026-05-18T09:41:22.705436
6,453,0.025867272168397903,2026-05-18T09:41:23.267430
6,454,0.028840960934758186,2026-05-18T09:41:23.330284
6,455,0.025688542053103447,2026-05-18T09:41:23.392559
6,456,0.026191923767328262,2026-05-18T09:41:23.454503
6,457,0.027513574808835983,2026-05-18T09:41:23.998642
6,458,0.029381051659584045,2026-05-18T09:41:24.061533
6,459,0.029711607843637466,2026-05-18T09:41:24.121840
6,460,0.03385940194129944,2026-05-18T09:41:24.202618
6,461,0.027063418179750443,2026-05-18T09:41:24.842864
6,462,0.03191293403506279,2026-05-18T09:41:24.908700
6,463,0.027787206694483757,2026-05-18T09:41:24.973081
6,464,0.02779858186841011,2026-05-18T09:41:25.035810
6,465,0.028857557103037834,2026-05-18T09:41:25.694351
6,466,0.03142382204532623,2026-05-18T09:41:25.754023
6,467,0.03509482368826866,2026-05-18T09:41:25.815525
6,468,0.032380878925323486,2026-05-18T09:41:25.877138
6,469,0.02755347080528736,2026-05-18T09:41:26.455088
6,470,0.02631785161793232,2026-05-18T09:41:26.609534
6,471,0.026414655148983,2026-05-18T09:41:26.675190
6,472,0.027383750304579735,2026-05-18T09:41:26.740837
6,473,0.028562748804688454,2026-05-18T09:41:27.238926
6,474,0.02906372770667076,2026-05-18T09:41:27.381989
6,475,0.026583055034279823,2026-05-18T09:41:27.445993
6,476,0.024576015770435333,2026-05-18T09:41:27.506032
6,477,0.029231104999780655,2026-05-18T09:41:28.062462
6,478,0.03272376209497452,2026-05-18T09:41:28.245078
6,479,0.030979350209236145,2026-05-18T09:41:28.306897
6,480,0.027311604470014572,2026-05-18T09:41:28.369091
6,481,0.02912542223930359,2026-05-18T09:41:28.803958
6,482,0.028591422364115715,2026-05-18T09:41:29.050420
6,483,0.026379046961665154,2026-05-18T09:41:29.109494
6,484,0.026831669732928276,2026-05-18T09:41:29.169557
6,485,0.027490653097629547,2026-05-18T09:41:29.565966
6,486,0.02874547801911831,2026-05-18T09:41:29.812871
6,487,0.031035494059324265,2026-05-18T09:41:29.875170
6,488,0.028267040848731995,2026-05-18T09:41:29.935162
6,489,0.032248836010694504,2026-05-18T09:41:30.304035
6,490,0.02776992879807949,2026-05-18T09:41:30.668041
6,491,0.03467675670981407,2026-05-18T09:41:30.727731
6,492,0.02629389613866806,2026-05-18T09:41:30.787767
6,493,0.028123706579208374,2026-05-18T09:41:30.966226
6,494,0.028432507067918777,2026-05-18T09:41:31.463637
6,495,0.028061136603355408,2026-05-18T09:41:31.527972
6,496,0.025638984516263008,2026-05-18T09:41:31.587940
6,497,0.026464203372597694,2026-05-18T09:41:31.694172
6,498,0.026991495862603188,2026-05-18T09:41:32.244790
6,499,0.02775069698691368,2026-05-18T09:41:32.307698
6,500,0.0294757429510355,2026-05-18T09:41:32.370764
6,501,0.028089743107557297,2026-05-18T09:41:32.837911
6,502,0.02624523639678955,2026-05-18T09:41:33.090788
6,503,0.03235294669866562,2026-05-18T09:41:33.152712
6,504,0.031481556594371796,2026-05-18T09:41:33.214296
6,505,0.025166891515254974,2026-05-18T09:41:33.567581
6,506,0.025204550474882126,2026-05-18T09:41:34.046826
6,507,0.027541140094399452,2026-05-18T09:41:34.107532
6,508,0.026247486472129822,2026-05-18T09:41:34.168632
6,509,0.0302390418946743,2026-05-18T09:41:34.350161
6,510,0.0299842469394207,2026-05-18T09:41:34.743679
6,511,0.027829546481370926,2026-05-18T09:41:34.804792
6,512,0.028157172724604607,2026-05-18T09:41:34.866258
6,513,0.027635633945465088,2026-05-18T09:41:35.313095
6,514,0.02523241564631462,2026-05-18T09:41:35.618244
6,515,0.027805745601654053,2026-05-18T09:41:35.678526
6,516,0.03023754060268402,2026-05-18T09:41:35.739085
6,517,0.026907335966825485,2026-05-18T09:41:36.238932
6,518,0.02930118888616562,2026-05-18T09:41:36.438102
6,519,0.025308527052402496,2026-05-18T09:41:36.500140
6,520,0.029797453433275223,2026-05-18T09:41:36.562725
6,521,0.030550464987754822,2026-05-18T09:41:37.071065
6,522,0.026150405406951904,2026-05-18T09:41:37.317359
6,523,0.024723947048187256,2026-05-18T09:41:37.377297
6,524,0.025701988488435745,2026-05-18T09:41:37.437711
6,525,0.030002400279045105,2026-05-18T09:41:38.015192
6,526,0.026632020249962807,2026-05-18T09:41:38.177436
6,527,0.03268885985016823,2026-05-18T09:41:38.237205
6,528,0.026720009744167328,2026-05-18T09:41:38.298111
6,529,0.03279921039938927,2026-05-18T09:41:38.824701
6,530,0.026434846222400665,2026-05-18T09:41:39.100521
6,531,0.027741702273488045,2026-05-18T09:41:39.167496
6,532,0.02621409296989441,2026-05-18T09:41:39.230838
6,533,0.02420574054121971,2026-05-18T09:41:39.723424
6,534,0.023969627916812897,2026-05-18T09:41:39.949850
6,535,0.03122430108487606,2026-05-18T09:41:40.010252
6,536,0.028783703222870827,2026-05-18T09:41:40.072251
6,537,0.028235070407390594,2026-05-18T09:41:40.538636
6,538,0.02288416400551796,2026-05-18T09:41:40.916713
6,539,0.03210527449846268,2026-05-18T09:41:40.978234
6,540,0.02830691821873188,2026-05-18T09:41:41.039562
6,541,0.024334996938705444,2026-05-18T09:41:41.173341
6,542,0.023979375138878822,2026-05-18T09:41:41.606901
6,543,0.02835562266409397,2026-05-18T09:41:41.667352
6,544,0.028278935700654984,2026-05-18T09:41:41.928089
6,545,0.02658199518918991,2026-05-18T09:41:42.024319
6,546,0.026739198714494705,2026-05-18T09:41:42.345283
6,547,0.02687852270901203,2026-05-18T09:41:42.409970
6,548,0.02349199913442135,2026-05-18T09:41:42.724260
6,549,0.02735748514533043,2026-05-18T09:41:42.863600
6,550,0.026864180341362953,2026-05-18T09:41:43.086555
6,551,0.029600776731967926,2026-05-18T09:41:43.148746
6,552,0.026861926540732384,2026-05-18T09:41:43.543314
6,553,0.029826335608959198,2026-05-18T09:41:43.892274
6,554,0.029930002987384796,2026-05-18T09:41:43.954724
6,555,0.027341481298208237,2026-05-18T09:41:44.014998
6,556,0.02910352125763893,2026-05-18T09:41:44.462639
6,557,0.02832031436264515,2026-05-18T09:41:44.579827
6,558,0.027070092037320137,2026-05-18T09:41:44.663099
6,559,0.028723949566483498,2026-05-18T09:41:44.722350
6,560,0.02771790325641632,2026-05-18T09:41:45.209743
6,561,0.027154458686709404,2026-05-18T09:41:45.549825
6,562,0.02601122297346592,2026-05-18T09:41:45.610033
6,563,0.02849312499165535,2026-05-18T09:41:45.670138
6,564,0.025606315582990646,2026-05-18T09:41:45.968379
6,565,0.02528483420610428,2026-05-18T09:41:46.361508
6,566,0.029871750622987747,2026-05-18T09:41:46.583352
6,567,0.028751617297530174,2026-05-18T09:41:46.643972
6,568,0.026623360812664032,2026-05-18T09:41:46.844639
6,569,0.025348447263240814,2026-05-18T09:41:47.120514
6,570,0.028367452323436737,2026-05-18T09:41:47.388312
6,571,0.02596636489033699,2026-05-18T09:41:47.448852
6,572,0.025156281888484955,2026-05-18T09:41:47.509839
6,573,0.025251174345612526,2026-05-18T09:41:47.867234
6,574,0.026851711794734,2026-05-18T09:41:48.179678
6,575,0.027956364676356316,2026-05-18T09:41:48.241566
6,576,0.027211308479309082,2026-05-18T09:41:48.405788
6,577,0.030627887696027756,2026-05-18T09:41:48.680054
6,578,0.024493124336004257,2026-05-18T09:41:48.905518
6,579,0.026801403611898422,2026-05-18T09:41:48.966832
6,580,0.03713642433285713,2026-05-18T09:41:49.267179
6,581,0.02760985493659973,2026-05-18T09:41:49.475388
6,582,0.027823764830827713,2026-05-18T09:41:49.610671
6,583,0.03037133812904358,2026-05-18T09:41:49.670971
6,584,0.028141720220446587,2026-05-18T09:41:50.156801
6,585,0.027315186336636543,2026-05-18T09:41:50.288023
6,586,0.02384181134402752,2026-05-18T09:41:50.361825
6,587,0.02569342590868473,2026-05-18T09:41:50.581252
6,588,0.02536650560796261,2026-05-18T09:41:50.829512
6,589,0.031381864100694656,2026-05-18T09:41:51.058061
6,590,0.026239480823278427,2026-05-18T09:41:51.115647
6,591,0.02759227715432644,2026-05-18T09:41:51.484486
6,592,0.027770105749368668,2026-05-18T09:41:51.582507
6,593,0.02732592076063156,2026-05-18T09:41:51.967922
6,594,0.02761763334274292,2026-05-18T09:41:52.026044
6,595,0.02410997822880745,2026-05-18T09:41:52.275886
6,596,0.02597326785326004,2026-05-18T09:41:52.334662
6,597,0.02783183567225933,2026-05-18T09:41:52.838477
6,598,0.026365282014012337,2026-05-18T09:41:52.898772
6,599,0.030065588653087616,2026-05-18T09:41:53.080728
6,600,0.029178626835346222,2026-05-18T09:41:53.141025
6,601,0.02744561992585659,2026-05-18T09:41:53.681522
6,602,0.029653901234269142,2026-05-18T09:41:53.885103
6,603,0.028283894062042236,2026-05-18T09:41:53.943439
6,604,0.02400532364845276,2026-05-18T09:41:54.002373
6,605,0.026311572641134262,2026-05-18T09:41:54.433117
6,606,0.029530661180615425,2026-05-18T09:41:54.691251
6,607,0.030072670429944992,2026-05-18T09:41:54.749693
6,608,0.03049117885529995,2026-05-18T09:41:54.809168
6,609,0.0265415720641613,2026-05-18T09:41:55.302992
6,610,0.031721144914627075,2026-05-18T09:41:55.653974
6,611,0.025921504944562912,2026-05-18T09:41:55.713868
6,612,0.029675308614969254,2026-05-18T09:41:55.774068
6,613,0.025918029248714447,2026-05-18T09:41:56.154443
6,614,0.025015302002429962,2026-05-18T09:41:56.459173
6,615,0.029769109562039375,2026-05-18T09:41:56.519308
6,616,0.024823980405926704,2026-05-18T09:41:56.579321
6,617,0.028800515457987785,2026-05-18T09:41:57.077803
6,618,0.03597676381468773,2026-05-18T09:41:57.390375
6,619,0.023968245834112167,2026-05-18T09:41:57.449499
6,620,0.029103683307766914,2026-05-18T09:41:57.514406
6,621,0.025392238050699234,2026-05-18T09:41:57.850387
6,622,0.030084094032645226,2026-05-18T09:41:58.264666
6,623,0.026669219136238098,2026-05-18T09:41:58.324704
6,624,0.03391898795962334,2026-05-18T09:41:58.386344
6,625,0.02540409378707409,2026-05-18T09:41:58.579918
6,626,0.026136403903365135,2026-05-18T09:41:59.120238
6,627,0.025388022884726524,2026-05-18T09:41:59.180757
6,628,0.028725730255246162,2026-05-18T09:41:59.241893
6,629,0.023717042058706284,2026-05-18T09:41:59.304362
6,630,0.0287547055631876,2026-05-18T09:41:59.979504
6,631,0.02869870886206627,2026-05-18T09:42:00.040876
6,632,0.0249344389885664,2026-05-18T09:42:00.104320
6,633,0.027148867025971413,2026-05-18T09:42:00.165430
6,634,0.027803825214505196,2026-05-18T09:42:00.876288
6,635,0.031522613018751144,2026-05-18T09:42:00.937498
6,636,0.029510149732232094,2026-05-18T09:42:00.998705
6,637,0.028375521302223206,2026-05-18T09:42:01.060628
6,638,0.027089931070804596,2026-05-18T09:42:01.668799
6,639,0.03060757741332054,2026-05-18T09:42:01.727791
6,640,0.028638938441872597,2026-05-18T09:42:01.787329
6,641,0.03057212196290493,2026-05-18T09:42:01.846819
6,642,0.026408033445477486,2026-05-18T09:42:02.423435
6,643,0.02522018924355507,2026-05-18T09:42:02.484402
6,644,0.025240764021873474,2026-05-18T09:42:02.545703
6,645,0.025586236268281937,2026-05-18T09:42:02.607244
6,646,0.03161787986755371,2026-05-18T09:42:03.171492
6,647,0.031363606452941895,2026-05-18T09:42:03.230462
6,648,0.028557831421494484,2026-05-18T09:42:03.291193
6,649,0.02417365275323391,2026-05-18T09:42:03.476878
6,650,0.029241377487778664,2026-05-18T09:42:04.037181
6,651,0.025661230087280273,2026-05-18T09:42:04.100660
6,652,0.0298061091452837,2026-05-18T09:42:04.168495
6,653,0.030568744987249374,2026-05-18T09:42:04.385662
6,654,0.028126228600740433,2026-05-18T09:42:04.797149
6,655,0.028429949656128883,2026-05-18T09:42:04.859049
6,656,0.02728527970612049,2026-05-18T09:42:04.919755
6,657,0.026257894933223724,2026-05-18T09:42:05.313430
6,658,0.02785635180771351,2026-05-18T09:42:05.662969
6,659,0.032399967312812805,2026-05-18T09:42:05.725698
6,660,0.02776465192437172,2026-05-18T09:42:05.812902
6,661,0.025059107691049576,2026-05-18T09:42:06.210834
6,662,0.031546544283628464,2026-05-18T09:42:06.383310
6,663,0.027555231004953384,2026-05-18T09:42:06.445904
6,664,0.030270958319306374,2026-05-18T09:42:06.505596
6,665,0.022207321599125862,2026-05-18T09:42:06.939374
6,666,0.028061814606189728,2026-05-18T09:42:07.257158
6,667,0.024983281269669533,2026-05-18T09:42:07.316878
6,668,0.0316544845700264,2026-05-18T09:42:07.376556
6,669,0.029881484806537628,2026-05-18T09:42:07.771367
6,670,0.02940044179558754,2026-05-18T09:42:07.974254
6,671,0.026172321289777756,2026-05-18T09:42:08.032708
6,672,0.027757039293646812,2026-05-18T09:42:08.094650
6,673,0.025336412712931633,2026-05-18T09:42:08.513420
6,674,0.026533884927630424,2026-05-18T09:42:08.801209
6,675,0.02659614011645317,2026-05-18T09:42:08.860604
6,676,0.026417214423418045,2026-05-18T09:42:08.920328
6,677,0.026908792555332184,2026-05-18T09:42:09.550325
6,678,0.026540640741586685,2026-05-18T09:42:09.612222
6,679,0.02814200520515442,2026-05-18T09:42:09.674339
6,680,0.03124440833926201,2026-05-18T09:42:09.736567
6,681,0.03087352029979229,2026-05-18T09:42:10.260578
6,682,0.030129598453640938,2026-05-18T09:42:10.479428
6,683,0.027276206761598587,2026-05-18T09:42:10.539302
6,684,0.02659941278398037,2026-05-18T09:42:10.599742
6,685,0.02542329952120781,2026-05-18T09:42:11.075578
6,686,0.027352331206202507,2026-05-18T09:42:11.156779
6,687,0.02523714490234852,2026-05-18T09:42:11.215842
6,688,0.024057555943727493,2026-05-18T09:42:11.276432
6,689,0.03090781159698963,2026-05-18T09:42:11.866142
6,690,0.026234697550535202,2026-05-18T09:42:11.929056
6,691,0.02591380476951599,2026-05-18T09:42:11.992783
6,692,0.02525336481630802,2026-05-18T09:42:12.056506
6,693,0.02518503926694393,2026-05-18T09:42:12.603424
6,694,0.025900326669216156,2026-05-18T09:42:12.731255
6,695,0.023864589631557465,2026-05-18T09:42:12.792459
6,696,0.029984917491674423,2026-05-18T09:42:12.856529
6,697,0.026263706386089325,2026-05-18T09:42:13.353805
6,698,0.028665155172348022,2026-05-18T09:42:13.560852
6,699,0.028170859441161156,2026-05-18T09:42:13.622085
6,700,0.028055816888809204,2026-05-18T09:42:13.683553
6,701,0.03112398274242878,2026-05-18T09:42:14.073418
6,702,0.02847096137702465,2026-05-18T09:42:14.294529
6,703,0.026879532262682915,2026-05-18T09:42:14.355746
6,704,0.034894850105047226,2026-05-18T09:42:14.417681
6,705,0.026745835319161415,2026-05-18T09:42:14.915639
6,706,0.02769910730421543,2026-05-18T09:42:15.044275
6,707,0.024834822863340378,2026-05-18T09:42:15.106844
6,708,0.026708805933594704,2026-05-18T09:42:15.170579
6,709,0.02718360722064972,2026-05-18T09:42:15.733132
6,710,0.029345640912652016,2026-05-18T09:42:15.876693
6,711,0.026260463520884514,2026-05-18T09:42:15.936935
6,712,0.025958849117159843,2026-05-18T09:42:15.998754
6,713,0.026692969724535942,2026-05-18T09:42:16.337947
6,714,0.024448668584227562,2026-05-18T09:42:16.563616
6,715,0.028487589210271835,2026-05-18T09:42:16.623523
6,716,0.025555672124028206,2026-05-18T09:42:16.685138
6,717,0.026248862966895103,2026-05-18T09:42:17.109750
6,718,0.027894673869013786,2026-05-18T09:42:17.328966
6,719,0.02768152765929699,2026-05-18T09:42:17.389310
6,720,0.030735591426491737,2026-05-18T09:42:17.449683
6,721,0.026843557134270668,2026-05-18T09:42:17.909867
6,722,0.02526024915277958,2026-05-18T09:42:17.969755
6,723,0.02676973305642605,2026-05-18T09:42:18.030570
6,724,0.027617527171969414,2026-05-18T09:42:18.091233
6,725,0.02644450217485428,2026-05-18T09:42:18.685992
6,726,0.02693788893520832,2026-05-18T09:42:18.893134
6,727,0.026587344706058502,2026-05-18T09:42:18.955626
6,728,0.028015440329909325,2026-05-18T09:42:19.017560
6,729,0.024134090170264244,2026-05-18T09:42:19.655091
6,730,0.03188437223434448,2026-05-18T09:42:19.715417
6,731,0.026500768959522247,2026-05-18T09:42:19.777383
6,732,0.029512101784348488,2026-05-18T09:42:19.841085
6,733,0.028209280222654343,2026-05-18T09:42:20.285880
6,734,0.028476590290665627,2026-05-18T09:42:20.523889
6,735,0.025851096957921982,2026-05-18T09:42:20.587259
6,736,0.024831613525748253,2026-05-18T09:42:20.650819
6,737,0.029332639649510384,2026-05-18T09:42:21.250280
6,738,0.025259973481297493,2026-05-18T09:42:21.444828
6,739,0.03413420170545578,2026-05-18T09:42:21.510505
6,740,0.027294309809803963,2026-05-18T09:42:21.575235
6,741,0.026641253381967545,2026-05-18T09:42:22.083429
6,742,0.028170060366392136,2026-05-18T09:42:22.142414
6,743,0.02766101062297821,2026-05-18T09:42:22.267877
6,744,0.027930207550525665,2026-05-18T09:42:22.327150
6,745,0.03203459084033966,2026-05-18T09:42:22.780724
6,746,0.02531428262591362,2026-05-18T09:42:22.997369
6,747,0.029388774186372757,2026-05-18T09:42:23.056082
6,748,0.028503505513072014,2026-05-18T09:42:23.116600
6,749,0.030910765752196312,2026-05-18T09:42:23.601956
6,750,0.03352491930127144,2026-05-18T09:42:23.738207
6,751,0.02472582273185253,2026-05-18T09:42:23.798991
6,752,0.02482161670923233,2026-05-18T09:42:23.858226
6,753,0.029549675062298775,2026-05-18T09:42:24.308922
6,754,0.02475467137992382,2026-05-18T09:42:24.480539
6,755,0.03112795762717724,2026-05-18T09:42:24.540656
6,756,0.027266327291727066,2026-05-18T09:42:24.599197
6,757,0.02851690538227558,2026-05-18T09:42:25.024517
6,758,0.030179662629961967,2026-05-18T09:42:25.247876
6,759,0.0266085434705019,2026-05-18T09:42:25.305950
6,760,0.029054060578346252,2026-05-18T09:42:25.387123
6,761,0.029318667948246002,2026-05-18T09:42:25.857287
6,762,0.026375368237495422,2026-05-18T09:42:25.919252
6,763,0.02563055232167244,2026-05-18T09:42:25.980853
6,764,0.028338979929685593,2026-05-18T09:42:26.043185
6,765,0.023776564747095108,2026-05-18T09:42:26.595000
6,766,0.024637680500745773,2026-05-18T09:42:26.781192
6,767,0.02704230695962906,2026-05-18T09:42:26.840874
6,768,0.024442197754979134,2026-05-18T09:42:26.900711
6,769,0.029129458591341972,2026-05-18T09:42:27.383849
6,770,0.024706078693270683,2026-05-18T09:42:27.469706
6,771,0.029223043471574783,2026-05-18T09:42:27.683779
6,772,0.03414541855454445,2026-05-18T09:42:27.744029
6,773,0.026471180841326714,2026-05-18T09:42:28.105352
6,774,0.024126067757606506,2026-05-18T09:42:28.444993
6,775,0.025750715285539627,2026-05-18T09:42:28.504180
6,776,0.024532420560717583,2026-05-18T09:42:28.567167
6,777,0.026259537786245346,2026-05-18T09:42:29.012916
6,778,0.024220149964094162,2026-05-18T09:42:29.344985
6,779,0.02841721847653389,2026-05-18T09:42:29.407011
6,780,0.0275188609957695,2026-05-18T09:42:29.467241
6,781,0.030443519353866577,2026-05-18T09:42:29.792346
6,782,0.02783374860882759,2026-05-18T09:42:30.024008
6,783,0.03132595866918564,2026-05-18T09:42:30.085031
6,784,0.02576874941587448,2026-05-18T09:42:30.146867
6,785,0.026909127831459045,2026-05-18T09:42:30.542040
6,786,0.029464995488524437,2026-05-18T09:42:30.673708
6,787,0.028265664353966713,2026-05-18T09:42:30.733701
6,788,0.02372685633599758,2026-05-18T09:42:30.796167
6,789,0.02522016502916813,2026-05-18T09:42:31.294318
6,790,0.029645433649420738,2026-05-18T09:42:31.353378
6,791,0.030883843079209328,2026-05-18T09:42:31.501486
6,792,0.024230292066931725,2026-05-18T09:42:31.561900
6,793,0.025317193940281868,2026-05-18T09:42:32.082747
6,794,0.02919042855501175,2026-05-18T09:42:32.142766
6,795,0.031778763979673386,2026-05-18T09:42:32.389394
6,796,0.025793040171265602,2026-05-18T09:42:32.449558
6,797,0.024856621399521828,2026-05-18T09:42:33.015468
6,798,0.023769930005073547,2026-05-18T09:42:33.077990
6,799,0.02541569620370865,2026-05-18T09:42:33.165103
6,800,0.028768738731741905,2026-05-18T09:42:33.231687
6,801,0.026532785966992378,2026-05-18T09:42:33.906614
6,802,0.026465848088264465,2026-05-18T09:42:33.970256
6,803,0.02622450515627861,2026-05-18T09:42:34.032433
6,804,0.02735220454633236,2026-05-18T09:42:34.094879
6,805,0.02501215972006321,2026-05-18T09:42:34.725031
6,806,0.031237123534083366,2026-05-18T09:42:34.791456
6,807,0.02670649252831936,2026-05-18T09:42:34.857502
6,808,0.028283026069402695,2026-05-18T09:42:34.921263
6,809,0.02512466534972191,2026-05-18T09:42:35.515215
6,810,0.025820178911089897,2026-05-18T09:42:35.595098
6,811,0.028256434947252274,2026-05-18T09:42:35.656833
6,812,0.02680617943406105,2026-05-18T09:42:35.718930
6,813,0.0256095752120018,2026-05-18T09:42:36.208973
6,814,0.027900807559490204,2026-05-18T09:42:36.273318
6,815,0.03310806304216385,2026-05-18T09:42:36.338790
6,816,0.02855248935520649,2026-05-18T09:42:36.402854
6,817,0.03436124697327614,2026-05-18T09:42:37.120479
6,818,0.02666941098868847,2026-05-18T09:42:37.181510
6,819,0.026130108162760735,2026-05-18T09:42:37.246649
6,820,0.024692153558135033,2026-05-18T09:42:37.310536
6,821,0.02742641605436802,2026-05-18T09:42:37.979517
6,822,0.025436174124479294,2026-05-18T09:42:38.041666
6,823,0.025002067908644676,2026-05-18T09:42:38.106022
6,824,0.026322118937969208,2026-05-18T09:42:38.169293
6,825,0.02777964621782303,2026-05-18T09:42:38.691634
6,826,0.02612176723778248,2026-05-18T09:42:38.754695
6,827,0.026171786710619926,2026-05-18T09:42:38.898556
6,828,0.02559283748269081,2026-05-18T09:42:38.958320
6,829,0.0363190732896328,2026-05-18T09:42:39.353827
6,830,0.025343725457787514,2026-05-18T09:42:39.414379
6,831,0.03433068096637726,2026-05-18T09:42:39.585941
6,832,0.0240926593542099,2026-05-18T09:42:39.647243
6,833,0.02755057066679001,2026-05-18T09:42:40.229570
6,834,0.025006799027323723,2026-05-18T09:42:40.295022
6,835,0.02676626667380333,2026-05-18T09:42:40.519590
6,836,0.028722373768687248,2026-05-18T09:42:40.583170
6,837,0.029983213171362877,2026-05-18T09:42:41.073274
6,838,0.030769729986786842,2026-05-18T09:42:41.135822
6,839,0.02374301105737686,2026-05-18T09:42:41.258094
6,840,0.02788223884999752,2026-05-18T09:42:41.319187
6,841,0.028714878484606743,2026-05-18T09:42:41.985671
6,842,0.024796580895781517,2026-05-18T09:42:42.048554
6,843,0.02853495441377163,2026-05-18T09:42:42.247621
6,844,0.025992829352617264,2026-05-18T09:42:42.308383
6,845,0.028123686090111732,2026-05-18T09:42:42.709020
6,846,0.0254362840205431,2026-05-18T09:42:42.769425
6,847,0.03298243507742882,2026-05-18T09:42:42.967719
6,848,0.02722284197807312,2026-05-18T09:42:43.027121
6,849,0.032154835760593414,2026-05-18T09:42:43.538520
6,850,0.027042793110013008,2026-05-18T09:42:43.598293
6,851,0.02623150683939457,2026-05-18T09:42:43.693139
6,852,0.02644261345267296,2026-05-18T09:42:43.752708
6,853,0.02974901907145977,2026-05-18T09:42:44.551928
6,854,0.028057359158992767,2026-05-18T09:42:44.614695
6,855,0.024813229218125343,2026-05-18T09:42:44.677738
6,856,0.028830204159021378,2026-05-18T09:42:44.738668
6,857,0.027130376547574997,2026-05-18T09:42:45.333392
6,858,0.022898664698004723,2026-05-18T09:42:45.396423
6,859,0.026676030829548836,2026-05-18T09:42:45.459253
6,860,0.03229628875851631,2026-05-18T09:42:45.542642
6,861,0.02773820050060749,2026-05-18T09:42:46.016925
6,862,0.02625207044184208,2026-05-18T09:42:46.078060
6,863,0.025499923154711723,2026-05-18T09:42:46.138822
6,864,0.02696794830262661,2026-05-18T09:42:46.202509
6,865,0.03183794021606445,2026-05-18T09:42:46.661755
6,866,0.0294105913490057,2026-05-18T09:42:46.721326
6,867,0.028726136311888695,2026-05-18T09:42:46.907769
6,868,0.026133039966225624,2026-05-18T09:42:46.967912
6,869,0.02818114683032036,2026-05-18T09:42:47.427074
6,870,0.027206148952245712,2026-05-18T09:42:47.486090
6,871,0.037398144602775574,2026-05-18T09:42:47.633871
6,872,0.029013855382800102,2026-05-18T09:42:47.693848
6,873,0.02988811954855919,2026-05-18T09:42:48.076398
6,874,0.028931109234690666,2026-05-18T09:42:48.137172
6,875,0.027255820110440254,2026-05-18T09:42:48.473478
6,876,0.030917655676603317,2026-05-18T09:42:48.532549
6,877,0.02937476709485054,2026-05-18T09:42:48.776517
6,878,0.03218167647719383,2026-05-18T09:42:48.836354
6,879,0.028607510030269623,2026-05-18T09:42:49.313973
6,880,0.02561238594353199,2026-05-18T09:42:49.376058
6,881,0.02448919229209423,2026-05-18T09:42:49.537949
6,882,0.024738043546676636,2026-05-18T09:42:49.600857
6,883,0.029734911397099495,2026-05-18T09:42:50.100032
6,884,0.027984486892819405,2026-05-18T09:42:50.160652
6,885,0.026206498965620995,2026-05-18T09:42:50.222018
6,886,0.026134170591831207,2026-05-18T09:42:50.283084
6,887,0.026741070672869682,2026-05-18T09:42:50.834195
6,888,0.027135679498314857,2026-05-18T09:42:50.894240
6,889,0.026413002982735634,2026-05-18T09:42:50.955877
6,890,0.02874508500099182,2026-05-18T09:42:51.017620
6,891,0.02472216635942459,2026-05-18T09:42:51.625100
6,892,0.03305254504084587,2026-05-18T09:42:51.689437
6,893,0.025646939873695374,2026-05-18T09:42:51.752362
6,894,0.02622147463262081,2026-05-18T09:42:51.815616
6,895,0.03021991439163685,2026-05-18T09:42:52.357968
6,896,0.029667023569345474,2026-05-18T09:42:52.418332
6,897,0.030755769461393356,2026-05-18T09:42:52.480437
6,898,0.030079031363129616,2026-05-18T09:42:52.542693
6,899,0.028686732053756714,2026-05-18T09:42:53.063938
6,900,0.027922965586185455,2026-05-18T09:42:53.123521
6,901,0.03440086916089058,2026-05-18T09:42:53.184669
6,902,0.0350913442671299,2026-05-18T09:42:53.246612
6,903,0.02821693755686283,2026-05-18T09:42:53.874965
6,904,0.030460920184850693,2026-05-18T09:42:53.937950
6,905,0.024123849347233772,2026-05-18T09:42:54.002681
6,906,0.025930678471922874,2026-05-18T09:42:53.654779
6,907,0.023118551820516586,2026-05-18T09:42:54.251701
6,908,0.0241635013371706,2026-05-18T09:42:54.311539
6,909,0.027461852878332138,2026-05-18T09:42:54.373640
6,910,0.02794603817164898,2026-05-18T09:42:54.455340
6,911,0.031640902161598206,2026-05-18T09:42:54.913355
6,912,0.02853200025856495,2026-05-18T09:42:54.972843
6,913,0.027134835720062256,2026-05-18T09:42:55.034413
6,914,0.02896246127784252,2026-05-18T09:42:55.095637
6,915,0.030887801200151443,2026-05-18T09:42:55.763516
6,916,0.02988373301923275,2026-05-18T09:42:55.827051
6,917,0.026594987139105797,2026-05-18T09:42:55.890485
6,918,0.025201251730322838,2026-05-18T09:42:55.954119
6,919,0.02914596162736416,2026-05-18T09:42:56.563662
6,920,0.026419926434755325,2026-05-18T09:42:56.627908
6,921,0.025812745094299316,2026-05-18T09:42:56.693917
6,922,0.025608498603105545,2026-05-18T09:42:56.757153
6,923,0.026034068316221237,2026-05-18T09:42:57.204260
6,924,0.02980675734579563,2026-05-18T09:42:57.264698
6,925,0.024945728480815887,2026-05-18T09:42:57.325581
6,926,0.02643221616744995,2026-05-18T09:42:57.386272
6,927,0.02555258572101593,2026-05-18T09:42:57.836967
6,928,0.026758477091789246,2026-05-18T09:42:57.898248
6,929,0.028218606486916542,2026-05-18T09:42:57.959592
6,930,0.026826776564121246,2026-05-18T09:42:58.020681
6,931,0.028585020452737808,2026-05-18T09:42:58.653342
6,932,0.027063578367233276,2026-05-18T09:42:58.717308
6,933,0.028946803882718086,2026-05-18T09:42:58.780313
6,934,0.028419531881809235,2026-05-18T09:42:58.843513
6,935,0.024689141660928726,2026-05-18T09:42:59.423947
6,936,0.026885967701673508,2026-05-18T09:42:59.484656
6,937,0.024670220911502838,2026-05-18T09:42:59.545824
6,938,0.029569247737526894,2026-05-18T09:42:59.607720
6,939,0.028928108513355255,2026-05-18T09:43:00.254753
6,940,0.031979650259017944,2026-05-18T09:43:00.318949
6,941,0.028126448392868042,2026-05-18T09:43:00.381171
6,942,0.025954347103834152,2026-05-18T09:43:00.446222
6,943,0.028737520799040794,2026-05-18T09:43:00.997961
6,944,0.026772072538733482,2026-05-18T09:43:01.059118
6,945,0.028302321210503578,2026-05-18T09:43:01.120872
6,946,0.026459692046046257,2026-05-18T09:43:01.183379
6,947,0.025858992710709572,2026-05-18T09:43:01.771387
6,948,0.026768581941723824,2026-05-18T09:43:01.833207
6,949,0.028471317142248154,2026-05-18T09:43:01.895269
6,950,0.026524916291236877,2026-05-18T09:43:01.958161
6,951,0.02747841738164425,2026-05-18T09:43:02.570140
6,952,0.028469054028391838,2026-05-18T09:43:02.633648
6,953,0.02619500830769539,2026-05-18T09:43:02.697768
6,954,0.03215697780251503,2026-05-18T09:43:02.761186
6,955,0.02699260786175728,2026-05-18T09:43:03.239850
6,956,0.030344834551215172,2026-05-18T09:43:03.300230
6,957,0.024379825219511986,2026-05-18T09:43:03.361755
6,958,0.030963443219661713,2026-05-18T09:43:03.423335
6,959,0.03107595443725586,2026-05-18T09:43:03.988949
6,960,0.02756183035671711,2026-05-18T09:43:04.067723
6,961,0.02773910202085972,2026-05-18T09:43:04.128786
6,962,0.031574226915836334,2026-05-18T09:43:04.190004
6,963,0.02595728449523449,2026-05-18T09:43:04.717095
6,964,0.026167718693614006,2026-05-18T09:43:04.778867
6,965,0.027184775099158287,2026-05-18T09:43:04.840811
6,966,0.027850506827235222,2026-05-18T09:43:04.904169
6,967,0.02965465560555458,2026-05-18T09:43:05.382586
6,968,0.025491205975413322,2026-05-18T09:43:05.443716
6,969,0.026838824152946472,2026-05-18T09:43:05.506074
6,970,0.027277888730168343,2026-05-18T09:43:05.568859
6,971,0.02609230764210224,2026-05-18T09:43:06.092847
6,972,0.02785732038319111,2026-05-18T09:43:06.155398
6,973,0.026783810928463936,2026-05-18T09:43:06.220096
6,974,0.025159209966659546,2026-05-18T09:43:06.284176
6,975,0.029045138508081436,2026-05-18T09:43:06.854642
6,976,0.03311897814273834,2026-05-18T09:43:06.914421
6,977,0.029820570722222328,2026-05-18T09:43:06.977356
6,978,0.027931153774261475,2026-05-18T09:43:07.039928
6,979,0.031153149902820587,2026-05-18T09:43:07.681625
6,980,0.028426725417375565,2026-05-18T09:43:07.745743
6,981,0.02795671857893467,2026-05-18T09:43:07.811203
6,982,0.025671226903796196,2026-05-18T09:43:07.874835
6,983,0.02875066176056862,2026-05-18T09:43:08.320713
6,984,0.026841197162866592,2026-05-18T09:43:08.382644
6,985,0.026717109605669975,2026-05-18T09:43:08.496276
6,986,0.03076709434390068,2026-05-18T09:43:08.557185
6,987,0.027960358187556267,2026-05-18T09:43:09.034102
6,988,0.030359962955117226,2026-05-18T09:43:09.096333
6,989,0.02872561290860176,2026-05-18T09:43:09.220814
6,990,0.026551231741905212,2026-05-18T09:43:09.283815
6,991,0.027294617146253586,2026-05-18T09:43:09.965177
6,992,0.0272055696696043,2026-05-18T09:43:10.027599
6,993,0.027835866436362267,2026-05-18T09:43:10.092453
6,994,0.029339009895920753,2026-05-18T09:43:10.156007
6,995,0.0272802896797657,2026-05-18T09:43:10.788949
6,996,0.02684709243476391,2026-05-18T09:43:10.849446
6,997,0.032463278621435165,2026-05-18T09:43:10.911150
6,998,0.030446792021393776,2026-05-18T09:43:10.974232
6,999,0.028033306822180748,2026-05-18T09:43:11.655646
6,1000,0.03614038601517677,2026-05-18T09:43:11.719871
6,1001,0.027026886120438576,2026-05-18T09:43:11.784800
6,1002,0.031212756410241127,2026-05-18T09:43:11.849619
6,1003,0.02750137262046337,2026-05-18T09:43:12.538244
6,1004,0.02881850302219391,2026-05-18T09:43:12.602141
6,1005,0.02948068082332611,2026-05-18T09:43:12.665606
6,1006,0.02628689631819725,2026-05-18T09:43:12.728579
6,1007,0.033798955380916595,2026-05-18T09:43:13.209150
6,1008,0.03062300942838192,2026-05-18T09:43:13.270717
6,1009,0.027382351458072662,2026-05-18T09:43:13.332144
6,1010,0.028134921565651894,2026-05-18T09:43:13.416882
6,1011,0.027366088703274727,2026-05-18T09:43:13.992558
6,1012,0.032204777002334595,2026-05-18T09:43:14.056205
6,1013,0.03294854983687401,2026-05-18T09:43:14.122201
6,1014,0.02808248996734619,2026-05-18T09:43:14.186233
6,1015,0.026199866086244583,2026-05-18T09:43:14.766318
6,1016,0.025450626388192177,2026-05-18T09:43:14.826925
6,1017,0.025613214820623398,2026-05-18T09:43:14.890046
6,1018,0.024281658232212067,2026-05-18T09:43:14.954113
6,1019,0.029966669157147408,2026-05-18T09:43:15.424922
6,1020,0.029049159958958626,2026-05-18T09:43:15.512296
6,1021,0.030059020966291428,2026-05-18T09:43:15.573664
6,1022,0.027913646772503853,2026-05-18T09:43:15.635815
6,1023,0.02718058042228222,2026-05-18T09:43:16.026597
6,1024,0.028741050511598587,2026-05-18T09:43:16.187989
6,1025,0.03116871975362301,2026-05-18T09:43:16.248959
6,1026,0.027685154229402542,2026-05-18T09:43:16.311268
6,1027,0.03242381289601326,2026-05-18T09:43:16.757934
6,1028,0.02700607292354107,2026-05-18T09:43:16.857769
6,1029,0.027408625930547714,2026-05-18T09:43:16.918011
6,1030,0.029385486617684364,2026-05-18T09:43:16.980667
6,1031,0.03126809373497963,2026-05-18T09:43:17.545796
6,1032,0.026700392365455627,2026-05-18T09:43:17.606042
6,1033,0.026524268090724945,2026-05-18T09:43:17.669219
6,1034,0.029926709830760956,2026-05-18T09:43:17.732154
6,1035,0.030102571472525597,2026-05-18T09:43:18.363377
6,1036,0.026227250695228577,2026-05-18T09:43:18.442380
6,1037,0.02800552360713482,2026-05-18T09:43:18.505816
6,1038,0.02805251069366932,2026-05-18T09:43:18.571067
6,1039,0.027603354305028915,2026-05-18T09:43:19.281742
6,1040,0.030463121831417084,2026-05-18T09:43:19.344053
6,1041,0.026588506996631622,2026-05-18T09:43:19.409294
6,1042,0.03413953632116318,2026-05-18T09:43:19.472753
6,1043,0.025415271520614624,2026-05-18T09:43:20.193032
6,1044,0.024609815329313278,2026-05-18T09:43:20.253053
6,1045,0.025551054626703262,2026-05-18T09:43:20.316758
6,1046,0.028570640832185745,2026-05-18T09:43:20.379022
6,1047,0.02810206450521946,2026-05-18T09:43:20.822468
6,1048,0.025566289201378822,2026-05-18T09:43:20.882332
6,1049,0.027539502829313278,2026-05-18T09:43:20.944489
6,1050,0.025805627927184105,2026-05-18T09:43:21.005723
6,1051,0.02520456537604332,2026-05-18T09:43:21.542868
6,1052,0.03208056092262268,2026-05-18T09:43:21.605321
6,1053,0.02687617391347885,2026-05-18T09:43:21.667035
6,1054,0.0284299124032259,2026-05-18T09:43:21.729248
6,1055,0.02714715711772442,2026-05-18T09:43:22.260556
6,1056,0.026159584522247314,2026-05-18T09:43:22.358103
6,1057,0.030450209975242615,2026-05-18T09:43:22.420957
6,1058,0.02867816761136055,2026-05-18T09:43:22.484293
6,1059,0.027502629905939102,2026-05-18T09:43:22.789752
6,1060,0.027740076184272766,2026-05-18T09:43:23.165329
6,1061,0.0293181911110878,2026-05-18T09:43:23.227265
6,1062,0.02885214239358902,2026-05-18T09:43:23.288805
6,1063,0.02806091122329235,2026-05-18T09:43:23.536453
6,1064,0.026763467118144035,2026-05-18T09:43:23.870588
6,1065,0.025869883596897125,2026-05-18T09:43:23.931252
6,1066,0.026108792051672935,2026-05-18T09:43:23.992735
6,1067,0.027164382860064507,2026-05-18T09:43:24.354116
6,1068,0.03141484782099724,2026-05-18T09:43:24.661941
6,1069,0.025245938450098038,2026-05-18T09:43:24.724010
6,1070,0.026411810889840126,2026-05-18T09:43:24.786596
6,1071,0.03368043527007103,2026-05-18T09:43:25.053315
6,1072,0.029466457664966583,2026-05-18T09:43:25.244070
6,1073,0.02453470230102539,2026-05-18T09:43:25.306105
6,1074,0.025255223736166954,2026-05-18T09:43:25.368570
6,1075,0.02855050005018711,2026-05-18T09:43:25.762209
6,1076,0.03085516206920147,2026-05-18T09:43:25.928140
6,1077,0.028961705043911934,2026-05-18T09:43:25.988644
6,1078,0.034760162234306335,2026-05-18T09:43:26.052531
6,1079,0.033616747707128525,2026-05-18T09:43:26.582924
6,1080,0.02671036869287491,2026-05-18T09:43:26.644172
6,1081,0.028913510963320732,2026-05-18T09:43:26.706587
6,1082,0.028004219755530357,2026-05-18T09:43:26.768937
6,1083,0.025667542591691017,2026-05-18T09:43:27.274754
6,1084,0.0256381593644619,2026-05-18T09:43:27.380561
6,1085,0.022620825096964836,2026-05-18T09:43:27.438649
6,1086,0.03225940465927124,2026-05-18T09:43:27.498754
6,1087,0.02528318762779236,2026-05-18T09:43:27.996619
6,1088,0.02899375930428505,2026-05-18T09:43:28.057558
6,1089,0.027839098125696182,2026-05-18T09:43:28.117640
6,1090,0.028994981199502945,2026-05-18T09:43:28.177661
6,1091,0.028941242024302483,2026-05-18T09:43:28.583924
6,1092,0.026783665642142296,2026-05-18T09:43:28.641206
6,1093,0.03063109517097473,2026-05-18T09:43:28.701967
6,1094,0.030519017949700356,2026-05-18T09:43:28.761735
6,1095,0.027700120583176613,2026-05-18T09:43:29.471541
6,1096,0.030997831374406815,2026-05-18T09:43:29.533663
6,1097,0.0293305404484272,2026-05-18T09:43:29.596760
6,1098,0.02466173842549324,2026-05-18T09:43:29.658308
6,1099,0.03251895308494568,2026-05-18T09:43:30.169434
6,1100,0.027044128626585007,2026-05-18T09:43:30.228925
6,1101,0.02992735058069229,2026-05-18T09:43:30.289800
6,1102,0.025486230850219727,2026-05-18T09:43:30.352496
6,1103,0.02777671068906784,2026-05-18T09:43:31.094100
6,1104,0.030996331945061684,2026-05-18T09:43:31.157340
6,1105,0.02820257656276226,2026-05-18T09:43:31.219915
6,1106,0.03425714746117592,2026-05-18T09:43:31.283443
6,1107,0.031429875642061234,2026-05-18T09:43:31.795748
6,1108,0.027699124068021774,2026-05-18T09:43:31.858297
6,1109,0.027377985417842865,2026-05-18T09:43:31.922917
6,1110,0.025507744401693344,2026-05-18T09:43:32.041502
6,1111,0.025664925575256348,2026-05-18T09:43:32.662596
6,1112,0.02751133032143116,2026-05-18T09:43:32.722722
6,1113,0.029330382123589516,2026-05-18T09:43:32.784641
6,1114,0.03133493661880493,2026-05-18T09:43:32.847150
6,1115,0.029796229675412178,2026-05-18T09:43:33.414340
6,1116,0.02863774448633194,2026-05-18T09:43:33.476655
6,1117,0.030204661190509796,2026-05-18T09:43:33.540968
6,1118,0.025647642090916634,2026-05-18T09:43:33.603418
6,1119,0.027733534574508667,2026-05-18T09:43:34.457466
6,1120,0.030065851286053658,2026-05-18T09:43:34.521646
6,1121,0.027510689571499825,2026-05-18T09:43:34.587516
6,1122,0.024852536618709564,2026-05-18T09:43:34.651003
6,1123,0.02934732660651207,2026-05-18T09:43:35.250299
6,1124,0.0271725133061409,2026-05-18T09:43:35.309236
6,1125,0.029407544061541557,2026-05-18T09:43:35.370707
6,1126,0.031038876622915268,2026-05-18T09:43:35.432871
6,1127,0.03053373470902443,2026-05-18T09:43:35.943287
6,1128,0.02719385176897049,2026-05-18T09:43:36.005654
6,1129,0.028293389827013016,2026-05-18T09:43:36.071394
6,1130,0.0259248036891222,2026-05-18T09:43:36.134282
6,1131,0.025585759431123734,2026-05-18T09:43:36.691832
6,1132,0.029801182448863983,2026-05-18T09:43:36.752257
6,1133,0.026763437315821648,2026-05-18T09:43:36.814226
6,1134,0.03225360065698624,2026-05-18T09:43:36.875783
6,1135,0.029042169451713562,2026-05-18T09:43:37.448896
6,1136,0.029548190534114838,2026-05-18T09:43:37.510379
6,1137,0.030545854941010475,2026-05-18T09:43:37.571824
6,1138,0.03052566945552826,2026-05-18T09:43:37.638136
6,1139,0.02689508907496929,2026-05-18T09:43:38.273821
6,1140,0.03206675499677658,2026-05-18T09:43:38.352379
6,1141,0.02760268561542034,2026-05-18T09:43:38.415841
6,1142,0.02728717401623726,2026-05-18T09:43:38.482462
6,1143,0.03233911842107773,2026-05-18T09:43:39.040823
6,1144,0.028928888961672783,2026-05-18T09:43:39.106236
6,1145,0.026651689782738686,2026-05-18T09:43:39.169247
6,1146,0.028469670563936234,2026-05-18T09:43:39.231262
6,1147,0.029952002689242363,2026-05-18T09:43:39.706460
7,0,0.025905361399054527,2026-05-18T09:43:45.021994
7,1,0.031312864273786545,2026-05-18T09:43:45.182815
7,2,0.030615350231528282,2026-05-18T09:43:45.257842
7,3,0.024349993094801903,2026-05-18T09:43:45.333613
7,4,0.027157340198755264,2026-05-18T09:43:45.840387
7,5,0.030391503125429153,2026-05-18T09:43:45.903846
7,6,0.025533489882946014,2026-05-18T09:43:45.970418
7,7,0.02687082812190056,2026-05-18T09:43:46.034277
7,8,0.028227370232343674,2026-05-18T09:43:46.623341
7,9,0.02892005257308483,2026-05-18T09:43:46.687649
7,10,0.0276681836694479,2026-05-18T09:43:46.750252
7,11,0.024896403774619102,2026-05-18T09:43:46.813934
7,12,0.025631209835410118,2026-05-18T09:43:47.433295
7,13,0.03052941896021366,2026-05-18T09:43:47.498103
7,14,0.025071563199162483,2026-05-18T09:43:47.561920
7,15,0.03229047358036041,2026-05-18T09:43:47.626236
7,16,0.030493641272187233,2026-05-18T09:43:48.183076
7,17,0.03125685080885887,2026-05-18T09:43:48.246693
7,18,0.026078948751091957,2026-05-18T09:43:48.312232
7,19,0.026443801820278168,2026-05-18T09:43:48.374589
7,20,0.030064409598708153,2026-05-18T09:43:48.852358
7,21,0.024154147133231163,2026-05-18T09:43:48.914833
7,22,0.03078075312077999,2026-05-18T09:43:48.979283
7,23,0.02884276770055294,2026-05-18T09:43:49.044294
7,24,0.027360323816537857,2026-05-18T09:43:49.563178
7,25,0.026585711166262627,2026-05-18T09:43:49.624871
7,26,0.02793482132256031,2026-05-18T09:43:49.687694
7,27,0.025960680097341537,2026-05-18T09:43:49.750753
7,28,0.027456743642687798,2026-05-18T09:43:50.354421
7,29,0.023862754926085472,2026-05-18T09:43:50.415862
7,30,0.026471896097064018,2026-05-18T09:43:50.479651
7,31,0.028030510991811752,2026-05-18T09:43:50.545437
7,32,0.02872951328754425,2026-05-18T09:43:51.191689
7,33,0.025418877601623535,2026-05-18T09:43:51.253010
7,34,0.03556045889854431,2026-05-18T09:43:51.320233
7,35,0.028657911345362663,2026-05-18T09:43:51.385503
7,36,0.028565114364027977,2026-05-18T09:43:51.888007
7,37,0.028881151229143143,2026-05-18T09:43:51.948442
7,38,0.024660225957632065,2026-05-18T09:43:52.011671
7,39,0.029126331210136414,2026-05-18T09:43:52.074464
7,40,0.024700650945305824,2026-05-18T09:43:52.689110
7,41,0.028488464653491974,2026-05-18T09:43:52.753735
7,42,0.03311094641685486,2026-05-18T09:43:52.818686
7,43,0.027481744065880775,2026-05-18T09:43:52.884736
7,44,0.025175049901008606,2026-05-18T09:43:53.561305
7,45,0.02831435576081276,2026-05-18T09:43:53.623169
7,46,0.028862379491329193,2026-05-18T09:43:53.687040
7,47,0.02576499618589878,2026-05-18T09:43:53.752119
7,48,0.028991475701332092,2026-05-18T09:43:54.434213
7,49,0.025996752083301544,2026-05-18T09:43:54.497766
7,50,0.030907876789569855,2026-05-18T09:43:54.565383
7,51,0.02777824178338051,2026-05-18T09:43:54.631144
7,52,0.02677803859114647,2026-05-18T09:43:54.958859
7,53,0.03455923870205879,2026-05-18T09:43:55.019936
7,54,0.026958240196108818,2026-05-18T09:43:55.084112
7,55,0.026526132598519325,2026-05-18T09:43:55.148327
7,56,0.02445206418633461,2026-05-18T09:43:55.641792
7,57,0.02432348020374775,2026-05-18T09:43:55.704931
7,58,0.025035830214619637,2026-05-18T09:43:55.768733
7,59,0.02577241323888302,2026-05-18T09:43:55.833624
7,60,0.0266689695417881,2026-05-18T09:43:56.396334
7,61,0.026241958141326904,2026-05-18T09:43:56.457061
7,62,0.02595924772322178,2026-05-18T09:43:56.541443
7,63,0.029293062165379524,2026-05-18T09:43:56.604128
7,64,0.02917839214205742,2026-05-18T09:43:57.024247
7,65,0.027494916692376137,2026-05-18T09:43:57.085377
7,66,0.02958553656935692,2026-05-18T09:43:57.206086
7,67,0.02768336422741413,2026-05-18T09:43:57.266891
7,68,0.026962244883179665,2026-05-18T09:43:57.777171
7,69,0.030105886980891228,2026-05-18T09:43:57.840790
7,70,0.02787681110203266,2026-05-18T09:43:57.993791
7,71,0.027854198589920998,2026-05-18T09:43:58.054967
7,72,0.02594573423266411,2026-05-18T09:43:58.424680
7,73,0.026992162689566612,2026-05-18T09:43:58.486420
7,74,0.029301045462489128,2026-05-18T09:43:58.860681
7,75,0.032779511064291,2026-05-18T09:43:58.922594
7,76,0.027640726417303085,2026-05-18T09:43:59.191355
7,77,0.026639580726623535,2026-05-18T09:43:59.249225
7,78,0.02808321826159954,2026-05-18T09:43:59.629906
7,79,0.029475629329681396,2026-05-18T09:43:59.687641
7,80,0.03059941902756691,2026-05-18T09:43:59.827599
7,81,0.027375442907214165,2026-05-18T09:43:59.891033
7,82,0.03136518970131874,2026-05-18T09:44:00.290451
7,83,0.026616305112838745,2026-05-18T09:44:00.349793
7,84,0.026004018262028694,2026-05-18T09:44:00.474903
7,85,0.029306989163160324,2026-05-18T09:44:00.533450
7,86,0.027943331748247147,2026-05-18T09:44:01.033661
7,87,0.028478827327489853,2026-05-18T09:44:01.097994
7,88,0.02793193608522415,2026-05-18T09:44:01.190517
7,89,0.025850625708699226,2026-05-18T09:44:01.252880
7,90,0.02796657755970955,2026-05-18T09:44:01.814991
7,91,0.02873823046684265,2026-05-18T09:44:01.874407
7,92,0.02423742040991783,2026-05-18T09:44:01.935752
7,93,0.028163012117147446,2026-05-18T09:44:01.997027
7,94,0.03013087809085846,2026-05-18T09:44:02.511435
7,95,0.023747188970446587,2026-05-18T09:44:02.575282
7,96,0.03313818201422691,2026-05-18T09:44:02.683652
7,97,0.027940524742007256,2026-05-18T09:44:02.743807
7,98,0.02560489811003208,2026-05-18T09:44:03.349061
7,99,0.029745223000645638,2026-05-18T09:44:03.409226
7,100,0.02792513370513916,2026-05-18T09:44:03.470179
7,101,0.026107966899871826,2026-05-18T09:44:03.530945
7,102,0.028209887444972992,2026-05-18T09:44:03.977386
7,103,0.02599886804819107,2026-05-18T09:44:04.037829
7,104,0.0274705458432436,2026-05-18T09:44:04.102731
7,105,0.02675485797226429,2026-05-18T09:44:04.165815
7,106,0.026826607063412666,2026-05-18T09:44:04.622444
7,107,0.027951987460255623,2026-05-18T09:44:04.686244
7,108,0.03154933825135231,2026-05-18T09:44:04.905645
7,109,0.02681046351790428,2026-05-18T09:44:04.969078
7,110,0.02985852211713791,2026-05-18T09:44:05.419548
7,111,0.032367683947086334,2026-05-18T09:44:05.479888
7,112,0.029716212302446365,2026-05-18T09:44:05.584444
7,113,0.027567150071263313,2026-05-18T09:44:05.644898
7,114,0.029069114476442337,2026-05-18T09:44:06.113481
7,115,0.026374895125627518,2026-05-18T09:44:06.177044
7,116,0.025550274178385735,2026-05-18T09:44:06.240725
7,117,0.03022582456469536,2026-05-18T09:44:06.302591
7,118,0.025827283039689064,2026-05-18T09:44:06.823763
7,119,0.027464577928185463,2026-05-18T09:44:06.883645
7,120,0.028363408520817757,2026-05-18T09:44:07.023932
7,121,0.027344105765223503,2026-05-18T09:44:07.088816
7,122,0.027693860232830048,2026-05-18T09:44:07.709469
7,123,0.03018864057958126,2026-05-18T09:44:07.771958
7,124,0.02635488100349903,2026-05-18T09:44:07.836550
7,125,0.029468124732375145,2026-05-18T09:44:07.898331
7,126,0.02378873899579048,2026-05-18T09:44:08.355821
7,127,0.024066107347607613,2026-05-18T09:44:08.415087
7,128,0.035961687564849854,2026-05-18T09:44:08.479657
7,129,0.025252213701605797,2026-05-18T09:44:08.543030
7,130,0.025889810174703598,2026-05-18T09:44:08.886255
7,131,0.032154716551303864,2026-05-18T09:44:08.946851
7,132,0.027825385332107544,2026-05-18T09:44:09.220825
7,133,0.028552057221531868,2026-05-18T09:44:09.281403
7,134,0.028494983911514282,2026-05-18T09:44:09.622768
7,135,0.026152951642870903,2026-05-18T09:44:09.752490
7,136,0.025271637365221977,2026-05-18T09:44:09.855066
7,137,0.029616445302963257,2026-05-18T09:44:09.915969
7,138,0.025545690208673477,2026-05-18T09:44:10.440073
7,139,0.02610536850988865,2026-05-18T09:44:10.500954
7,140,0.028013955801725388,2026-05-18T09:44:10.562948
7,141,0.03136434406042099,2026-05-18T09:44:10.625446
7,142,0.02681477926671505,2026-05-18T09:44:11.190990
7,143,0.03541535139083862,2026-05-18T09:44:11.253618
7,144,0.02629963308572769,2026-05-18T09:44:11.317491
7,145,0.0279974564909935,2026-05-18T09:44:11.381173
7,146,0.024233344942331314,2026-05-18T09:44:11.813371
7,147,0.02552705816924572,2026-05-18T09:44:11.889942
7,148,0.027436714619398117,2026-05-18T09:44:11.995404
7,149,0.026171430945396423,2026-05-18T09:44:12.054362
7,150,0.028408976271748543,2026-05-18T09:44:12.549551
7,151,0.02705010585486889,2026-05-18T09:44:12.637590
7,152,0.028286723420023918,2026-05-18T09:44:12.780649
7,153,0.03337483108043671,2026-05-18T09:44:12.843450
7,154,0.026056649163365364,2026-05-18T09:44:13.359051
7,155,0.025804582983255386,2026-05-18T09:44:13.420378
7,156,0.02570311352610588,2026-05-18T09:44:13.491995
7,157,0.0254964716732502,2026-05-18T09:44:13.551827
7,158,0.03849133104085922,2026-05-18T09:44:14.053906
7,159,0.033164117485284805,2026-05-18T09:44:14.115756
7,160,0.027901357039809227,2026-05-18T09:44:14.199805
7,161,0.0354381762444973,2026-05-18T09:44:14.261288
7,162,0.024531450122594833,2026-05-18T09:44:14.731717
7,163,0.02739548124372959,2026-05-18T09:44:14.792173
7,164,0.023537637665867805,2026-05-18T09:44:14.886085
7,165,0.02661639079451561,2026-05-18T09:44:14.948889
7,166,0.024581559002399445,2026-05-18T09:44:15.408769
7,167,0.027435528114438057,2026-05-18T09:44:15.472978
7,168,0.02833428978919983,2026-05-18T09:44:15.646078
7,169,0.025501243770122528,2026-05-18T09:44:15.705651
7,170,0.026926366612315178,2026-05-18T09:44:16.103865
7,171,0.02561156451702118,2026-05-18T09:44:16.177973
7,172,0.03142281249165535,2026-05-18T09:44:16.299112
7,173,0.028936350718140602,2026-05-18T09:44:16.359897
7,174,0.02639835886657238,2026-05-18T09:44:16.740374
7,175,0.02838183008134365,2026-05-18T09:44:16.936711
7,176,0.029948998242616653,2026-05-18T09:44:17.000400
7,177,0.02702467329800129,2026-05-18T09:44:17.119385
7,178,0.02538534440100193,2026-05-18T09:44:17.354157
7,179,0.02698153629899025,2026-05-18T09:44:17.619015
7,180,0.02663334831595421,2026-05-18T09:44:17.686575
7,181,0.024069255217909813,2026-05-18T09:44:17.809782
7,182,0.02814556658267975,2026-05-18T09:44:18.171096
7,183,0.025527890771627426,2026-05-18T09:44:18.387824
7,184,0.024916868656873703,2026-05-18T09:44:18.539966
7,185,0.024189351126551628,2026-05-18T09:44:18.686744
7,186,0.024854857474565506,2026-05-18T09:44:18.967903
7,187,0.025273768231272697,2026-05-18T09:44:19.223229
7,188,0.0367945171892643,2026-05-18T09:44:19.284779
7,189,0.031918205320835114,2026-05-18T09:44:19.559787
7,190,0.028404271230101585,2026-05-18T09:44:19.686863
7,191,0.027753403410315514,2026-05-18T09:44:19.941758
7,192,0.029085036367177963,2026-05-18T09:44:20.030736
7,193,0.029003599658608437,2026-05-18T09:44:20.187975
7,194,0.029040677472949028,2026-05-18T09:44:20.350611
7,195,0.029222020879387856,2026-05-18T09:44:20.601564
7,196,0.027480347082018852,2026-05-18T09:44:20.722505
7,197,0.02622941881418228,2026-05-18T09:44:20.955093
7,198,0.025583798065781593,2026-05-18T09:44:21.036707
7,199,0.029155075550079346,2026-05-18T09:44:21.289113
7,200,0.026824496686458588,2026-05-18T09:44:21.533220
7,201,0.028957549482584,2026-05-18T09:44:21.744173
7,202,0.024480946362018585,2026-05-18T09:44:21.804343
7,203,0.02607158198952675,2026-05-18T09:44:22.036191
7,204,0.029595494270324707,2026-05-18T09:44:22.332011
7,205,0.027644801884889603,2026-05-18T09:44:22.392603
7,206,0.027654122561216354,2026-05-18T09:44:22.458417
7,207,0.026771999895572662,2026-05-18T09:44:22.727854
7,208,0.025468533858656883,2026-05-18T09:44:23.089937
7,209,0.02617799863219261,2026-05-18T09:44:23.168834
7,210,0.03102937527000904,2026-05-18T09:44:23.230802
7,211,0.02530057355761528,2026-05-18T09:44:23.472172
7,212,0.024933665990829468,2026-05-18T09:44:23.735012
7,213,0.024601856246590614,2026-05-18T09:44:23.905464
7,214,0.02828037366271019,2026-05-18T09:44:23.968845
7,215,0.0255739726126194,2026-05-18T09:44:24.030893
7,216,0.02793140709400177,2026-05-18T09:44:24.456332
7,217,0.029543699696660042,2026-05-18T09:44:24.536069
7,218,0.025909747928380966,2026-05-18T09:44:24.597983
7,219,0.025433367118239403,2026-05-18T09:44:24.846106
7,220,0.02539166994392872,2026-05-18T09:44:25.251938
7,221,0.027668312191963196,2026-05-18T09:44:25.314630
7,222,0.02928851544857025,2026-05-18T09:44:25.376932
7,223,0.02822134643793106,2026-05-18T09:44:25.551432
7,224,0.026720117777585983,2026-05-18T09:44:26.007595
7,225,0.028010612353682518,2026-05-18T09:44:26.071342
7,226,0.031947195529937744,2026-05-18T09:44:26.133573
7,227,0.026759164407849312,2026-05-18T09:44:26.229367
7,228,0.024417107924818993,2026-05-18T09:44:26.750518
7,229,0.024932458996772766,2026-05-18T09:44:26.894297
7,230,0.027285197749733925,2026-05-18T09:44:26.958531
7,231,0.026741787791252136,2026-05-18T09:44:27.023486
7,232,0.026962831616401672,2026-05-18T09:44:27.409206
7,233,0.02561771310865879,2026-05-18T09:44:27.542552
7,234,0.035064488649368286,2026-05-18T09:44:27.604367
7,235,0.03102620504796505,2026-05-18T09:44:27.666639
7,236,0.024764399975538254,2026-05-18T09:44:28.051198
7,237,0.029853882268071175,2026-05-18T09:44:28.306157
7,238,0.026981448754668236,2026-05-18T09:44:28.367858
7,239,0.023713495582342148,2026-05-18T09:44:28.430274
7,240,0.026559362187981606,2026-05-18T09:44:28.929659
7,241,0.02689763531088829,2026-05-18T09:44:29.039776
7,242,0.026190781965851784,2026-05-18T09:44:29.101384
7,243,0.02835371531546116,2026-05-18T09:44:29.167123
7,244,0.030013028532266617,2026-05-18T09:44:29.538263
7,245,0.025851864367723465,2026-05-18T09:44:29.863532
7,246,0.02551952749490738,2026-05-18T09:44:29.934845
7,247,0.03035806119441986,2026-05-18T09:44:30.000614
7,248,0.031890928745269775,2026-05-18T09:44:30.293975
7,249,0.02805476449429989,2026-05-18T09:44:30.647317
7,250,0.03769771009683609,2026-05-18T09:44:30.710856
7,251,0.029091298580169678,2026-05-18T09:44:30.773251
7,252,0.025275014340877533,2026-05-18T09:44:30.989930
7,253,0.02743571624159813,2026-05-18T09:44:31.325043
7,254,0.024570882320404053,2026-05-18T09:44:31.388733
7,255,0.02916244976222515,2026-05-18T09:44:31.450934
7,256,0.02426028810441494,2026-05-18T09:44:31.679134
7,257,0.032074276357889175,2026-05-18T09:44:31.980705
7,258,0.03471881523728371,2026-05-18T09:44:32.041768
7,259,0.03329960256814957,2026-05-18T09:44:32.105170
7,260,0.02566893957555294,2026-05-18T09:44:32.473903
7,261,0.025416795164346695,2026-05-18T09:44:32.611089
7,262,0.030019503086805344,2026-05-18T09:44:32.692866
7,263,0.02754153311252594,2026-05-18T09:44:32.755045
7,264,0.0287939440459013,2026-05-18T09:44:33.206400
7,265,0.02737637609243393,2026-05-18T09:44:33.408287
7,266,0.03166025131940842,2026-05-18T09:44:33.470108
7,267,0.02522692084312439,2026-05-18T09:44:33.533275
7,268,0.02718050591647625,2026-05-18T09:44:33.943014
7,269,0.03408847749233246,2026-05-18T09:44:34.005382
7,270,0.029259448871016502,2026-05-18T09:44:34.068257
7,271,0.026239249855279922,2026-05-18T09:44:34.131532
7,272,0.02890234813094139,2026-05-18T09:44:34.685590
7,273,0.028186960145831108,2026-05-18T09:44:34.745870
7,274,0.02852027118206024,2026-05-18T09:44:34.812280
7,275,0.02716449275612831,2026-05-18T09:44:34.876594
7,276,0.03641313314437866,2026-05-18T09:44:35.449372
7,277,0.027936570346355438,2026-05-18T09:44:35.510145
7,278,0.02727055549621582,2026-05-18T09:44:35.576631
7,279,0.029301008209586143,2026-05-18T09:44:35.640226
7,280,0.030228573828935623,2026-05-18T09:44:36.080622
7,281,0.025804970413446426,2026-05-18T09:44:36.143024
7,282,0.026665842160582542,2026-05-18T09:44:36.207561
7,283,0.02509145811200142,2026-05-18T09:44:36.269629
7,284,0.029708020389080048,2026-05-18T09:44:36.836740
7,285,0.027112750336527824,2026-05-18T09:44:36.900722
7,286,0.028032556176185608,2026-05-18T09:44:36.966015
7,287,0.029368307441473007,2026-05-18T09:44:37.030644
7,288,0.0270652174949646,2026-05-18T09:44:37.485601
7,289,0.028455357998609543,2026-05-18T09:44:37.548394
7,290,0.026894498616456985,2026-05-18T09:44:37.611118
7,291,0.027564553543925285,2026-05-18T09:44:37.676122
7,292,0.02721935510635376,2026-05-18T09:44:38.222869
7,293,0.02771313115954399,2026-05-18T09:44:38.286279
7,294,0.024089651182293892,2026-05-18T09:44:38.353133
7,295,0.02522299997508526,2026-05-18T09:44:38.420054
7,296,0.030447378754615784,2026-05-18T09:44:38.967282
7,297,0.026455918326973915,2026-05-18T09:44:39.030693
7,298,0.03030708245933056,2026-05-18T09:44:39.093444
7,299,0.027763571590185165,2026-05-18T09:44:39.158611
7,300,0.02604122832417488,2026-05-18T09:44:39.707943
7,301,0.024641133844852448,2026-05-18T09:44:39.770564
7,302,0.029827209189534187,2026-05-18T09:44:39.833397
7,303,0.027036868035793304,2026-05-18T09:44:39.895942
7,304,0.028737708926200867,2026-05-18T09:44:40.472063
7,305,0.028438353911042213,2026-05-18T09:44:40.532592
7,306,0.029265958815813065,2026-05-18T09:44:40.595818
7,307,0.027631597593426704,2026-05-18T09:44:40.658954
7,308,0.030110036954283714,2026-05-18T09:44:41.216570
7,309,0.02868439070880413,2026-05-18T09:44:41.279601
7,310,0.027002522721886635,2026-05-18T09:44:41.346499
7,311,0.025943614542484283,2026-05-18T09:44:41.410569
7,312,0.030737103894352913,2026-05-18T09:44:41.881555
7,313,0.02494175173342228,2026-05-18T09:44:41.942942
7,314,0.02499973401427269,2026-05-18T09:44:42.006938
7,315,0.025810102000832558,2026-05-18T09:44:42.072643
7,316,0.025085842236876488,2026-05-18T09:44:42.653697
7,317,0.026522688567638397,2026-05-18T09:44:42.717188
7,318,0.03097078762948513,2026-05-18T09:44:42.783032
7,319,0.0320105254650116,2026-05-18T09:44:42.846628
7,320,0.025330916047096252,2026-05-18T09:44:43.375376
7,321,0.03325594589114189,2026-05-18T09:44:43.437182
7,322,0.027408014982938766,2026-05-18T09:44:43.499070
7,323,0.030163893476128578,2026-05-18T09:44:43.561713
7,324,0.029786046594381332,2026-05-18T09:44:44.213237
7,325,0.02649056166410446,2026-05-18T09:44:44.276216
7,326,0.02635057270526886,2026-05-18T09:44:44.340695
7,327,0.025458378717303276,2026-05-18T09:44:44.404919
7,328,0.029919588938355446,2026-05-18T09:44:44.832037
7,329,0.02549486607313156,2026-05-18T09:44:44.893307
7,330,0.02991538494825363,2026-05-18T09:44:44.955868
7,331,0.027920687571167946,2026-05-18T09:44:45.019029
7,332,0.024962998926639557,2026-05-18T09:44:45.483203
7,333,0.025873199105262756,2026-05-18T09:44:45.544076
7,334,0.024483367800712585,2026-05-18T09:44:45.606155
7,335,0.03004593402147293,2026-05-18T09:44:45.668887
7,336,0.025649787858128548,2026-05-18T09:44:46.173266
7,337,0.027373863384127617,2026-05-18T09:44:46.234585
7,338,0.024188853800296783,2026-05-18T09:44:46.296234
7,339,0.032478801906108856,2026-05-18T09:44:45.833818
7,340,0.02484803833067417,2026-05-18T09:44:46.439923
7,341,0.02751258760690689,2026-05-18T09:44:46.503032
7,342,0.030044393613934517,2026-05-18T09:44:46.566705
7,343,0.028356390073895454,2026-05-18T09:44:46.630804
7,344,0.029963698238134384,2026-05-18T09:44:47.028899
7,345,0.02721654251217842,2026-05-18T09:44:47.090014
7,346,0.02686399407684803,2026-05-18T09:44:47.151998
7,347,0.02685265615582466,2026-05-18T09:44:47.214526
7,348,0.023769570514559746,2026-05-18T09:44:47.678896
7,349,0.030513083562254906,2026-05-18T09:44:47.741637
7,350,0.02602955885231495,2026-05-18T09:44:47.803537
7,351,0.034062460064888,2026-05-18T09:44:47.867760
7,352,0.030854498967528343,2026-05-18T09:44:48.494656
7,353,0.02609708532691002,2026-05-18T09:44:48.554566
7,354,0.02773224003612995,2026-05-18T09:44:48.617060
7,355,0.029151558876037598,2026-05-18T09:44:48.679859
7,356,0.02824985235929489,2026-05-18T09:44:49.176501
7,357,0.025859326124191284,2026-05-18T09:44:49.238236
7,358,0.027104908600449562,2026-05-18T09:44:49.302217
7,359,0.025479795411229134,2026-05-18T09:44:49.363853
7,360,0.025074103847146034,2026-05-18T09:44:50.076819
7,361,0.029043467715382576,2026-05-18T09:44:50.140542
7,362,0.025404419749975204,2026-05-18T09:44:50.225056
7,363,0.028279611840844154,2026-05-18T09:44:50.290544
7,364,0.029888683930039406,2026-05-18T09:44:50.722484
7,365,0.025101596489548683,2026-05-18T09:44:50.782511
7,366,0.027597295120358467,2026-05-18T09:44:50.845289
7,367,0.0329524390399456,2026-05-18T09:44:50.907971
7,368,0.03466525673866272,2026-05-18T09:44:51.334585
7,369,0.025860050693154335,2026-05-18T09:44:51.394796
7,370,0.026595717296004295,2026-05-18T09:44:51.456813
7,371,0.02638499066233635,2026-05-18T09:44:51.519770
7,372,0.025884756818413734,2026-05-18T09:44:52.088371
7,373,0.030707156285643578,2026-05-18T09:44:52.148791
7,374,0.02688835747539997,2026-05-18T09:44:52.211932
7,375,0.026932094246149063,2026-05-18T09:44:52.276624
7,376,0.03429877758026123,2026-05-18T09:44:52.762615
7,377,0.0356549434363842,2026-05-18T09:44:52.823454
7,378,0.024559516459703445,2026-05-18T09:44:52.886105
7,379,0.02463727816939354,2026-05-18T09:44:52.948696
7,380,0.027191178873181343,2026-05-18T09:44:53.516764
7,381,0.028940817341208458,2026-05-18T09:44:53.577999
7,382,0.028895722702145576,2026-05-18T09:44:53.640170
7,383,0.02485833317041397,2026-05-18T09:44:53.702470
7,384,0.02843400277197361,2026-05-18T09:44:54.257387
7,385,0.028430208563804626,2026-05-18T09:44:54.322682
7,386,0.03756295144557953,2026-05-18T09:44:54.389304
7,387,0.02837013266980648,2026-05-18T09:44:54.454221
7,388,0.02946474775671959,2026-05-18T09:44:54.888328
7,389,0.025327596813440323,2026-05-18T09:44:54.950195
7,390,0.02681824564933777,2026-05-18T09:44:55.012608
7,391,0.02860739268362522,2026-05-18T09:44:55.078101
7,392,0.026412317529320717,2026-05-18T09:44:55.541700
7,393,0.02885246090590954,2026-05-18T09:44:55.602719
7,394,0.024781150743365288,2026-05-18T09:44:55.665715
7,395,0.025126634165644646,2026-05-18T09:44:55.727961
7,396,0.03235165774822235,2026-05-18T09:44:56.169484
7,397,0.02727159857749939,2026-05-18T09:44:56.229240
7,398,0.02651093900203705,2026-05-18T09:44:56.291085
7,399,0.028662605211138725,2026-05-18T09:44:56.356466
7,400,0.02812984399497509,2026-05-18T09:44:56.857390
7,401,0.03440481051802635,2026-05-18T09:44:56.920119
7,402,0.02851719781756401,2026-05-18T09:44:56.987040
7,403,0.02995225228369236,2026-05-18T09:44:57.051103
7,404,0.025375986471772194,2026-05-18T09:44:57.542764
7,405,0.02650141716003418,2026-05-18T09:44:57.603234
7,406,0.026060793548822403,2026-05-18T09:44:57.665575
7,407,0.02610212378203869,2026-05-18T09:44:57.731725
7,408,0.027623439207673073,2026-05-18T09:44:58.152298
7,409,0.03006814606487751,2026-05-18T09:44:58.213008
7,410,0.026120157912373543,2026-05-18T09:44:58.277033
7,411,0.026160744950175285,2026-05-18T09:44:58.341993
7,412,0.02815212309360504,2026-05-18T09:44:58.895675
7,413,0.029418600723147392,2026-05-18T09:44:58.958674
7,414,0.026228344067931175,2026-05-18T09:44:59.022935
7,415,0.024776490405201912,2026-05-18T09:44:59.086721
7,416,0.02990725263953209,2026-05-18T09:44:59.629598
7,417,0.027322839945554733,2026-05-18T09:44:59.695646
7,418,0.030069179832935333,2026-05-18T09:44:59.759079
7,419,0.031745512038469315,2026-05-18T09:44:59.821527
7,420,0.027261223644018173,2026-05-18T09:45:00.382072
7,421,0.028989039361476898,2026-05-18T09:45:00.444127
7,422,0.026738241314888,2026-05-18T09:45:00.509679
7,423,0.027703994885087013,2026-05-18T09:45:00.572358
7,424,0.03056158311665058,2026-05-18T09:45:01.177278
7,425,0.027470840141177177,2026-05-18T09:45:01.240024
7,426,0.032196905463933945,2026-05-18T09:45:01.303684
7,427,0.026902463287115097,2026-05-18T09:45:01.368077
7,428,0.02199079468846321,2026-05-18T09:45:01.800486
7,429,0.02870488166809082,2026-05-18T09:45:01.862043
7,430,0.028464749455451965,2026-05-18T09:45:01.924262
7,431,0.028088897466659546,2026-05-18T09:45:01.989982
7,432,0.026037557050585747,2026-05-18T09:45:02.561122
7,433,0.03088199719786644,2026-05-18T09:45:02.624342
7,434,0.02834613248705864,2026-05-18T09:45:02.689533
7,435,0.02696947380900383,2026-05-18T09:45:02.752994
7,436,0.025315912440419197,2026-05-18T09:45:03.231643
7,437,0.02598450891673565,2026-05-18T09:45:03.333711
7,438,0.028355227783322334,2026-05-18T09:45:03.392233
7,439,0.03714706376194954,2026-05-18T09:45:03.454501
7,440,0.028856322169303894,2026-05-18T09:45:03.967013
7,441,0.029267460107803345,2026-05-18T09:45:04.037654
7,442,0.02700784057378769,2026-05-18T09:45:04.099303
7,443,0.032039035111665726,2026-05-18T09:45:04.162933
7,444,0.02747512049973011,2026-05-18T09:45:04.529883
7,445,0.025371303781867027,2026-05-18T09:45:04.771773
7,446,0.029609885066747665,2026-05-18T09:45:04.832913
7,447,0.029712669551372528,2026-05-18T09:45:04.896281
7,448,0.03050866723060608,2026-05-18T09:45:05.456780
7,449,0.027486467733979225,2026-05-18T09:45:05.517390
7,450,0.028996219858527184,2026-05-18T09:45:05.580600
7,451,0.026321284472942352,2026-05-18T09:45:05.645788
7,452,0.02695951797068119,2026-05-18T09:45:06.200190
7,453,0.030399711802601814,2026-05-18T09:45:06.263706
7,454,0.027650097385048866,2026-05-18T09:45:06.327002
7,455,0.027902206405997276,2026-05-18T09:45:06.393135
7,456,0.03056367300450802,2026-05-18T09:45:06.940571
7,457,0.0286459531635046,2026-05-18T09:45:07.005559
7,458,0.02550528757274151,2026-05-18T09:45:07.068713
7,459,0.02822554111480713,2026-05-18T09:45:07.133009
7,460,0.029255593195557594,2026-05-18T09:45:07.662327
7,461,0.029115375131368637,2026-05-18T09:45:07.724136
7,462,0.028777576982975006,2026-05-18T09:45:07.806407
7,463,0.02665150724351406,2026-05-18T09:45:07.868467
7,464,0.024319671094417572,2026-05-18T09:45:08.444283
7,465,0.025981398299336433,2026-05-18T09:45:08.507459
7,466,0.025086799636483192,2026-05-18T09:45:08.572616
7,467,0.0294316578656435,2026-05-18T09:45:08.636530
7,468,0.03057762049138546,2026-05-18T09:45:09.108991
7,469,0.02714596502482891,2026-05-18T09:45:09.169059
7,470,0.028930803760886192,2026-05-18T09:45:09.231983
7,471,0.02860281988978386,2026-05-18T09:45:09.295775
7,472,0.02829023078083992,2026-05-18T09:45:09.816750
7,473,0.0343317873775959,2026-05-18T09:45:09.880020
7,474,0.024807466194033623,2026-05-18T09:45:09.942491
7,475,0.0250261127948761,2026-05-18T09:45:10.007893
7,476,0.028339749202132225,2026-05-18T09:45:10.419128
7,477,0.028788655996322632,2026-05-18T09:45:10.479502
7,478,0.02626894786953926,2026-05-18T09:45:10.544453
7,479,0.022038672119379044,2026-05-18T09:45:10.607654
7,480,0.029067855328321457,2026-05-18T09:45:11.136013
7,481,0.031209107488393784,2026-05-18T09:45:11.196599
7,482,0.024691971018910408,2026-05-18T09:45:11.262970
7,483,0.025152575224637985,2026-05-18T09:45:11.325528
7,484,0.024636123329401016,2026-05-18T09:45:11.916548
7,485,0.027095505967736244,2026-05-18T09:45:11.978018
7,486,0.024293893948197365,2026-05-18T09:45:12.041638
7,487,0.027220789343118668,2026-05-18T09:45:12.105434
7,488,0.027485698461532593,2026-05-18T09:45:12.669225
7,489,0.026646817103028297,2026-05-18T09:45:12.732377
7,490,0.02383825182914734,2026-05-18T09:45:12.796660
7,491,0.024983609095215797,2026-05-18T09:45:12.861599
7,492,0.024607231840491295,2026-05-18T09:45:13.382160
7,493,0.03030220791697502,2026-05-18T09:45:13.444096
7,494,0.02632848359644413,2026-05-18T09:45:13.509149
7,495,0.029391610994935036,2026-05-18T09:45:13.571706
7,496,0.026758834719657898,2026-05-18T09:45:14.178521
7,497,0.03058197721838951,2026-05-18T09:45:14.240393
7,498,0.03245825320482254,2026-05-18T09:45:14.302512
7,499,0.027518823742866516,2026-05-18T09:45:14.364667
7,500,0.026804663240909576,2026-05-18T09:45:14.777882
7,501,0.02710282988846302,2026-05-18T09:45:14.840639
7,502,0.025626473128795624,2026-05-18T09:45:14.904998
7,503,0.027252398431301117,2026-05-18T09:45:14.970377
7,504,0.0358564592897892,2026-05-18T09:45:15.428029
7,505,0.03271809592843056,2026-05-18T09:45:15.490229
7,506,0.027118345722556114,2026-05-18T09:45:15.553102
7,507,0.030041586607694626,2026-05-18T09:45:15.615261
7,508,0.025938650593161583,2026-05-18T09:45:16.147570
7,509,0.030729595571756363,2026-05-18T09:45:16.208711
7,510,0.025750262662768364,2026-05-18T09:45:16.271277
7,511,0.033840473741292953,2026-05-18T09:45:16.333468
7,512,0.025238320231437683,2026-05-18T09:45:16.821888
7,513,0.027327755466103554,2026-05-18T09:45:16.884943
7,514,0.02707851119339466,2026-05-18T09:45:16.950566
7,515,0.030198412016034126,2026-05-18T09:45:17.015079
7,516,0.02758941985666752,2026-05-18T09:45:17.620972
7,517,0.025721320882439613,2026-05-18T09:45:17.684021
7,518,0.02689267322421074,2026-05-18T09:45:17.747480
7,519,0.031023459509015083,2026-05-18T09:45:17.809945
7,520,0.028018854558467865,2026-05-18T09:45:18.435681
7,521,0.02640288695693016,2026-05-18T09:45:18.496619
7,522,0.026322560384869576,2026-05-18T09:45:18.561636
7,523,0.025462809950113297,2026-05-18T09:45:18.624798
7,524,0.027112595736980438,2026-05-18T09:45:19.228726
7,525,0.029459074139595032,2026-05-18T09:45:19.286682
7,526,0.02880290523171425,2026-05-18T09:45:19.348071
7,527,0.023312052711844444,2026-05-18T09:45:19.407666
7,528,0.031254976987838745,2026-05-18T09:45:19.898714
7,529,0.024487806484103203,2026-05-18T09:45:19.956356
7,530,0.027611980214715004,2026-05-18T09:45:20.017117
7,531,0.028548330068588257,2026-05-18T09:45:20.080072
7,532,0.03218907490372658,2026-05-18T09:45:20.557437
7,533,0.027063563466072083,2026-05-18T09:45:20.615818
7,534,0.0414794385433197,2026-05-18T09:45:20.676484
7,535,0.026475904509425163,2026-05-18T09:45:20.738196
7,536,0.026720700785517693,2026-05-18T09:45:21.317176
7,537,0.02980930171906948,2026-05-18T09:45:21.379089
7,538,0.028685742989182472,2026-05-18T09:45:21.440589
7,539,0.02825070358812809,2026-05-18T09:45:21.502434
7,540,0.027302971109747887,2026-05-18T09:45:22.109671
7,541,0.028417358174920082,2026-05-18T09:45:22.167664
7,542,0.027222193777561188,2026-05-18T09:45:22.229975
7,543,0.023189203813672066,2026-05-18T09:45:22.290688
7,544,0.03047088161110878,2026-05-18T09:45:22.763341
7,545,0.028730345889925957,2026-05-18T09:45:22.824923
7,546,0.026979384943842888,2026-05-18T09:45:22.886635
7,547,0.02485395222902298,2026-05-18T09:45:22.948266
7,548,0.02544940821826458,2026-05-18T09:45:23.467482
7,549,0.02503983862698078,2026-05-18T09:45:23.527945
7,550,0.026870742440223694,2026-05-18T09:45:23.589492
7,551,0.025555133819580078,2026-05-18T09:45:23.650064
7,552,0.03162601217627525,2026-05-18T09:45:24.013031
7,553,0.025701405480504036,2026-05-18T09:45:24.072210
7,554,0.026725271716713905,2026-05-18T09:45:24.133058
7,555,0.029167942702770233,2026-05-18T09:45:24.195907
7,556,0.025863971561193466,2026-05-18T09:45:24.608541
7,557,0.028966469690203667,2026-05-18T09:45:24.667911
7,558,0.027651792392134666,2026-05-18T09:45:24.729295
7,559,0.03037784993648529,2026-05-18T09:45:24.790128
7,560,0.027778949588537216,2026-05-18T09:45:25.251664
7,561,0.027659442275762558,2026-05-18T09:45:25.312626
7,562,0.027360551059246063,2026-05-18T09:45:25.394512
7,563,0.026012955233454704,2026-05-18T09:45:25.456618
7,564,0.02668258361518383,2026-05-18T09:45:25.983340
7,565,0.025467948988080025,2026-05-18T09:45:26.045742
7,566,0.02392173372209072,2026-05-18T09:45:26.108072
7,567,0.028220737352967262,2026-05-18T09:45:26.170482
7,568,0.027115419507026672,2026-05-18T09:45:26.612964
7,569,0.033391404896974564,2026-05-18T09:45:26.672809
7,570,0.02478468045592308,2026-05-18T09:45:26.734203
7,571,0.02597130462527275,2026-05-18T09:45:26.799138
7,572,0.02764493227005005,2026-05-18T09:45:27.321579
7,573,0.026938224211335182,2026-05-18T09:45:27.383430
7,574,0.02671039290726185,2026-05-18T09:45:27.446224
7,575,0.02456022799015045,2026-05-18T09:45:27.508344
7,576,0.02693924866616726,2026-05-18T09:45:28.085182
7,577,0.028478404507040977,2026-05-18T09:45:28.145669
7,578,0.027624715119600296,2026-05-18T09:45:28.207713
7,579,0.026350311934947968,2026-05-18T09:45:28.270897
7,580,0.026098649948835373,2026-05-18T09:45:28.801519
7,581,0.02407439611852169,2026-05-18T09:45:28.884084
7,582,0.026276011019945145,2026-05-18T09:45:28.944975
7,583,0.023747021332383156,2026-05-18T09:45:29.007157
7,584,0.02562727965414524,2026-05-18T09:45:29.510551
7,585,0.026387741789221764,2026-05-18T09:45:29.609069
7,586,0.031076526269316673,2026-05-18T09:45:29.672185
7,587,0.02557818405330181,2026-05-18T09:45:29.734716
7,588,0.024405164644122124,2026-05-18T09:45:30.123272
7,589,0.032323721796274185,2026-05-18T09:45:30.416365
7,590,0.026345500722527504,2026-05-18T09:45:30.478732
7,591,0.028056742623448372,2026-05-18T09:45:30.540281
7,592,0.02932148054242134,2026-05-18T09:45:30.939339
7,593,0.026762306690216064,2026-05-18T09:45:31.083453
7,594,0.025936966761946678,2026-05-18T09:45:31.144182
7,595,0.027473676949739456,2026-05-18T09:45:31.206401
7,596,0.026091206818819046,2026-05-18T09:45:31.634026
7,597,0.026403790339827538,2026-05-18T09:45:31.967423
7,598,0.029634349048137665,2026-05-18T09:45:32.028589
7,599,0.028242498636245728,2026-05-18T09:45:32.092624
7,600,0.02473740093410015,2026-05-18T09:45:32.354366
7,601,0.026807697489857674,2026-05-18T09:45:32.635982
7,602,0.033253468573093414,2026-05-18T09:45:32.700457
7,603,0.026949839666485786,2026-05-18T09:45:32.763144
7,604,0.02761099673807621,2026-05-18T09:45:33.020359
7,605,0.025811174884438515,2026-05-18T09:45:33.311994
7,606,0.03404173627495766,2026-05-18T09:45:33.373151
7,607,0.02887791208922863,2026-05-18T09:45:33.435548
7,608,0.025280576199293137,2026-05-18T09:45:33.702740
7,609,0.026611024513840675,2026-05-18T09:45:33.956820
7,610,0.0292899738997221,2026-05-18T09:45:34.018599
7,611,0.025144901126623154,2026-05-18T09:45:34.081237
7,612,0.02434045635163784,2026-05-18T09:45:34.444155
7,613,0.028792979195713997,2026-05-18T09:45:34.530076
7,614,0.036889802664518356,2026-05-18T09:45:34.590878
7,615,0.025429299101233482,2026-05-18T09:45:34.653645
7,616,0.0270844753831625,2026-05-18T09:45:35.114957
7,617,0.025175759568810463,2026-05-18T09:45:35.407744
7,618,0.028645886108279228,2026-05-18T09:45:35.471864
7,619,0.030415749177336693,2026-05-18T09:45:35.534962
7,620,0.028033852577209473,2026-05-18T09:45:35.902173
7,621,0.029993532225489616,2026-05-18T09:45:36.009859
7,622,0.03060692362487316,2026-05-18T09:45:36.071025
7,623,0.025514449924230576,2026-05-18T09:45:36.135041
7,624,0.02773120254278183,2026-05-18T09:45:36.564257
7,625,0.02778981439769268,2026-05-18T09:45:36.624738
7,626,0.02605520933866501,2026-05-18T09:45:36.687803
7,627,0.0277215875685215,2026-05-18T09:45:36.752872
7,628,0.02586529590189457,2026-05-18T09:45:37.355501
7,629,0.027434764429926872,2026-05-18T09:45:37.419065
7,630,0.02766146883368492,2026-05-18T09:45:37.482778
7,631,0.028090232983231544,2026-05-18T09:45:37.550064
7,632,0.029076997190713882,2026-05-18T09:45:38.105428
7,633,0.02832156792283058,2026-05-18T09:45:38.165613
7,634,0.028725910931825638,2026-05-18T09:45:38.227745
7,635,0.027861038222908974,2026-05-18T09:45:38.290971
7,636,0.03021039068698883,2026-05-18T09:45:38.857921
7,637,0.024360109120607376,2026-05-18T09:45:38.918297
7,638,0.0263643991202116,2026-05-18T09:45:39.009756
7,639,0.02810896374285221,2026-05-18T09:45:39.071245
7,640,0.02432648092508316,2026-05-18T09:45:39.506618
7,641,0.029856430366635323,2026-05-18T09:45:39.567151
7,642,0.02459072694182396,2026-05-18T09:45:39.633575
7,643,0.0249799657613039,2026-05-18T09:45:39.695543
7,644,0.027701489627361298,2026-05-18T09:45:40.179065
7,645,0.02915133908390999,2026-05-18T09:45:40.241669
7,646,0.027020186185836792,2026-05-18T09:45:40.604474
7,647,0.02938408963382244,2026-05-18T09:45:40.666475
7,648,0.027745993807911873,2026-05-18T09:45:40.784063
7,649,0.02727639116346836,2026-05-18T09:45:40.845347
7,650,0.03183143585920334,2026-05-18T09:45:41.315006
7,651,0.02459840662777424,2026-05-18T09:45:41.375777
7,652,0.028026340529322624,2026-05-18T09:45:41.503194
7,653,0.027421820908784866,2026-05-18T09:45:41.562743
7,654,0.030261840671300888,2026-05-18T09:45:42.060881
7,655,0.027704130858182907,2026-05-18T09:45:42.121802
7,656,0.0251363143324852,2026-05-18T09:45:42.185017
7,657,0.02772657200694084,2026-05-18T09:45:42.249363
7,658,0.02837584726512432,2026-05-18T09:45:42.854018
7,659,0.029133621603250504,2026-05-18T09:45:42.917482
7,660,0.02433897741138935,2026-05-18T09:45:42.981314
7,661,0.026863476261496544,2026-05-18T09:45:43.044552
7,662,0.027392225340008736,2026-05-18T09:45:43.449306
7,663,0.02663920633494854,2026-05-18T09:45:43.509486
7,664,0.02643386833369732,2026-05-18T09:45:43.572168
7,665,0.03049611859023571,2026-05-18T09:45:43.635301
7,666,0.029343442991375923,2026-05-18T09:45:44.169179
7,667,0.026637069880962372,2026-05-18T09:45:44.232215
7,668,0.026127882301807404,2026-05-18T09:45:44.403804
7,669,0.027557972818613052,2026-05-18T09:45:44.466478
7,670,0.027084002271294594,2026-05-18T09:45:44.923869
7,671,0.02716974727809429,2026-05-18T09:45:44.984945
7,672,0.026419084519147873,2026-05-18T09:45:45.374349
7,673,0.02355198748409748,2026-05-18T09:45:45.438281
7,674,0.02583250403404236,2026-05-18T09:45:45.645607
7,675,0.027419665828347206,2026-05-18T09:45:45.704780
7,676,0.029615493491292,2026-05-18T09:45:46.018616
7,677,0.025002073496580124,2026-05-18T09:45:46.080382
7,678,0.033449579030275345,2026-05-18T09:45:46.404800
7,679,0.027506498619914055,2026-05-18T09:45:46.466250
7,680,0.02447010949254036,2026-05-18T09:45:46.637669
7,681,0.024698663502931595,2026-05-18T09:45:46.697790
7,682,0.027671391144394875,2026-05-18T09:45:47.261409
7,683,0.027407068759202957,2026-05-18T09:45:47.324267
7,684,0.03166385367512703,2026-05-18T09:45:47.460122
7,685,0.027305947616696358,2026-05-18T09:45:47.523631
7,686,0.030402924865484238,2026-05-18T09:45:48.015645
7,687,0.028396615758538246,2026-05-18T09:45:48.078510
7,688,0.02910875342786312,2026-05-18T09:45:48.141818
7,689,0.026909371837973595,2026-05-18T09:45:48.204863
7,690,0.0256965309381485,2026-05-18T09:45:48.619940
7,691,0.031099971383810043,2026-05-18T09:45:48.680012
7,692,0.024912839755415916,2026-05-18T09:45:48.902018
7,693,0.02868521213531494,2026-05-18T09:45:48.963039
7,694,0.024954497814178467,2026-05-18T09:45:49.389429
7,695,0.026767466217279434,2026-05-18T09:45:49.450094
7,696,0.024631431326270103,2026-05-18T09:45:49.722690
7,697,0.02698269858956337,2026-05-18T09:45:49.783710
7,698,0.02638041041791439,2026-05-18T09:45:50.156412
7,699,0.027800822630524635,2026-05-18T09:45:50.217111
7,700,0.032278504222631454,2026-05-18T09:45:50.514245
7,701,0.02720111608505249,2026-05-18T09:45:50.575984
7,702,0.02628515474498272,2026-05-18T09:45:50.905183
7,703,0.027759414166212082,2026-05-18T09:45:50.967939
7,704,0.027100548148155212,2026-05-18T09:45:51.229029
7,705,0.026871874928474426,2026-05-18T09:45:51.288801
7,706,0.028955699875950813,2026-05-18T09:45:51.630566
7,707,0.024664735421538353,2026-05-18T09:45:51.689094
7,708,0.027805892750620842,2026-05-18T09:45:52.006789
7,709,0.026725992560386658,2026-05-18T09:45:52.067560
7,710,0.03262599557638168,2026-05-18T09:45:52.438662
7,711,0.023829586803913116,2026-05-18T09:45:52.499625
7,712,0.02710866741836071,2026-05-18T09:45:52.624577
7,713,0.026963328942656517,2026-05-18T09:45:52.684284
7,714,0.02676829881966114,2026-05-18T09:45:53.237283
7,715,0.030712254345417023,2026-05-18T09:45:53.300183
7,716,0.023890547454357147,2026-05-18T09:45:53.364206
7,717,0.02673744410276413,2026-05-18T09:45:53.426496
7,718,0.026773083955049515,2026-05-18T09:45:53.845860
7,719,0.02879003807902336,2026-05-18T09:45:53.908522
7,720,0.02534654550254345,2026-05-18T09:45:54.118853
7,721,0.024705523625016212,2026-05-18T09:45:54.178179
7,722,0.02609962597489357,2026-05-18T09:45:54.380825
7,723,0.024602847173810005,2026-05-18T09:45:54.441145
7,724,0.03225104510784149,2026-05-18T09:45:54.844504
7,725,0.027747420594096184,2026-05-18T09:45:54.904971
7,726,0.025258289650082588,2026-05-18T09:45:55.086356
7,727,0.027005115523934364,2026-05-18T09:45:55.144850
7,728,0.026194168254733086,2026-05-18T09:45:55.453399
7,729,0.03112657368183136,2026-05-18T09:45:55.515135
7,730,0.03235675394535065,2026-05-18T09:45:55.867775
7,731,0.029822513461112976,2026-05-18T09:45:55.927221
7,732,0.03414015471935272,2026-05-18T09:45:56.171031
7,733,0.026509879156947136,2026-05-18T09:45:56.230875
7,734,0.028355861082673073,2026-05-18T09:45:56.487381
7,735,0.027117889374494553,2026-05-18T09:45:56.549857
7,736,0.02743544988334179,2026-05-18T09:45:56.854417
7,737,0.025325240567326546,2026-05-18T09:45:56.915007
7,738,0.02732463739812374,2026-05-18T09:45:57.227476
7,739,0.029286451637744904,2026-05-18T09:45:57.286227
7,740,0.027542972937226295,2026-05-18T09:45:57.561465
7,741,0.025956615805625916,2026-05-18T09:45:57.621895
7,742,0.02678140066564083,2026-05-18T09:45:57.930239
7,743,0.026171335950493813,2026-05-18T09:45:57.989445
7,744,0.026173589751124382,2026-05-18T09:45:58.245887
7,745,0.026643184944987297,2026-05-18T09:45:58.305252
7,746,0.025924980640411377,2026-05-18T09:45:58.714238
7,747,0.024867812171578407,2026-05-18T09:45:58.772163
7,748,0.03516526520252228,2026-05-18T09:45:58.896679
7,749,0.026966866105794907,2026-05-18T09:45:58.958235
7,750,0.02660524472594261,2026-05-18T09:45:59.640284
7,751,0.025873258709907532,2026-05-18T09:45:59.702709
7,752,0.026219327002763748,2026-05-18T09:45:59.765695
7,753,0.030025409534573555,2026-05-18T09:45:59.829910
7,754,0.029089991003274918,2026-05-18T09:46:00.405857
7,755,0.0251065194606781,2026-05-18T09:46:00.467407
7,756,0.0298964474350214,2026-05-18T09:46:00.530851
7,757,0.02768981270492077,2026-05-18T09:46:00.593475
7,758,0.024048956111073494,2026-05-18T09:46:01.167205
7,759,0.02594754286110401,2026-05-18T09:46:01.230135
7,760,0.023638373240828514,2026-05-18T09:46:01.293217
7,761,0.02666768990457058,2026-05-18T09:46:01.356758
7,762,0.028493719175457954,2026-05-18T09:46:01.872254
7,763,0.027137598022818565,2026-05-18T09:46:01.932372
7,764,0.027617376297712326,2026-05-18T09:46:01.994973
7,765,0.024550974369049072,2026-05-18T09:46:02.058863
7,766,0.02622714452445507,2026-05-18T09:46:02.545974
7,767,0.028212888166308403,2026-05-18T09:46:02.606890
7,768,0.026234004646539688,2026-05-18T09:46:02.670280
7,769,0.03222109004855156,2026-05-18T09:46:02.732540
7,770,0.02504374086856842,2026-05-18T09:46:03.296967
7,771,0.027853762730956078,2026-05-18T09:46:03.359685
7,772,0.024345220997929573,2026-05-18T09:46:03.423564
7,773,0.029987027868628502,2026-05-18T09:46:03.488765
7,774,0.02952680177986622,2026-05-18T09:46:03.963596
7,775,0.026263218373060226,2026-05-18T09:46:04.024363
7,776,0.03028496727347374,2026-05-18T09:46:04.087496
7,777,0.027175622060894966,2026-05-18T09:46:04.151196
7,778,0.0274336040019989,2026-05-18T09:46:04.829940
7,779,0.027191074565052986,2026-05-18T09:46:04.893197
7,780,0.025879833847284317,2026-05-18T09:46:04.956013
7,781,0.029325099661946297,2026-05-18T09:46:05.020026
7,782,0.031003180891275406,2026-05-18T09:46:05.504897
7,783,0.025734275579452515,2026-05-18T09:46:05.564960
7,784,0.03022793121635914,2026-05-18T09:46:05.628004
7,785,0.02739826589822769,2026-05-18T09:46:05.690041
7,786,0.026071488857269287,2026-05-18T09:46:06.309965
7,787,0.02408231608569622,2026-05-18T09:46:06.373405
7,788,0.029633980244398117,2026-05-18T09:46:06.437640
7,789,0.024913111701607704,2026-05-18T09:46:06.501646
7,790,0.02378801256418228,2026-05-18T09:46:07.106041
7,791,0.02936943806707859,2026-05-18T09:46:07.167422
7,792,0.02739419974386692,2026-05-18T09:46:07.231632
7,793,0.030276687815785408,2026-05-18T09:46:07.295503
7,794,0.023148637264966965,2026-05-18T09:46:07.894097
7,795,0.02863616682589054,2026-05-18T09:46:07.958621
7,796,0.028269097208976746,2026-05-18T09:46:08.027315
7,797,0.027505967766046524,2026-05-18T09:46:08.092135
7,798,0.031850751489400864,2026-05-18T09:46:08.774548
7,799,0.0253277737647295,2026-05-18T09:46:08.835162
7,800,0.025474997237324715,2026-05-18T09:46:08.899799
7,801,0.024903951212763786,2026-05-18T09:46:08.965372
7,802,0.030357541516423225,2026-05-18T09:46:09.496308
7,803,0.032241933047771454,2026-05-18T09:46:09.558334
7,804,0.025943635031580925,2026-05-18T09:46:09.623503
7,805,0.02540883980691433,2026-05-18T09:46:09.688124
7,806,0.031046658754348755,2026-05-18T09:46:10.086225
7,807,0.02664506994187832,2026-05-18T09:46:10.147666
7,808,0.03764336183667183,2026-05-18T09:46:10.211582
7,809,0.026566732674837112,2026-05-18T09:46:10.332777
7,810,0.030796831473708153,2026-05-18T09:46:10.909403
7,811,0.023860137909650803,2026-05-18T09:46:10.971243
7,812,0.025078333914279938,2026-05-18T09:46:11.058720
7,813,0.025764748454093933,2026-05-18T09:46:11.121959
7,814,0.02827334776520729,2026-05-18T09:46:11.745855
7,815,0.022850971668958664,2026-05-18T09:46:11.811390
7,816,0.02478857897222042,2026-05-18T09:46:11.875511
7,817,0.02831144630908966,2026-05-18T09:46:11.939970
7,818,0.023950129747390747,2026-05-18T09:46:12.613607
7,819,0.02842455357313156,2026-05-18T09:46:12.675243
7,820,0.027588756754994392,2026-05-18T09:46:12.737120
7,821,0.033491894602775574,2026-05-18T09:46:12.801628
7,822,0.031016472727060318,2026-05-18T09:46:13.404849
7,823,0.02593209035694599,2026-05-18T09:46:13.467879
7,824,0.02600492723286152,2026-05-18T09:46:13.534321
7,825,0.02597157098352909,2026-05-18T09:46:13.597949
7,826,0.025791475549340248,2026-05-18T09:46:14.219036
7,827,0.029805142432451248,2026-05-18T09:46:14.279688
7,828,0.034359123557806015,2026-05-18T09:46:14.342112
7,829,0.025123873725533485,2026-05-18T09:46:14.403934
7,830,0.02845984697341919,2026-05-18T09:46:15.129929
7,831,0.02807876095175743,2026-05-18T09:46:15.192690
7,832,0.02813035063445568,2026-05-18T09:46:15.257559
7,833,0.02621471881866455,2026-05-18T09:46:15.323700
7,834,0.026179473847150803,2026-05-18T09:46:15.863335
7,835,0.027101142331957817,2026-05-18T09:46:15.924294
7,836,0.031319886445999146,2026-05-18T09:46:15.987161
7,837,0.02669750712811947,2026-05-18T09:46:16.049178
7,838,0.025924134999513626,2026-05-18T09:46:16.543188
7,839,0.02840377949178219,2026-05-18T09:46:16.603615
7,840,0.026750927790999413,2026-05-18T09:46:16.664947
7,841,0.027534974738955498,2026-05-18T09:46:16.729069
7,842,0.027061881497502327,2026-05-18T09:46:17.363598
7,843,0.030362073332071304,2026-05-18T09:46:17.426730
7,844,0.025751657783985138,2026-05-18T09:46:17.492823
7,845,0.028157401829957962,2026-05-18T09:46:17.554218
7,846,0.0291147418320179,2026-05-18T09:46:18.175868
7,847,0.03193167224526405,2026-05-18T09:46:18.238085
7,848,0.027358444407582283,2026-05-18T09:46:18.301391
7,849,0.026407944038510323,2026-05-18T09:46:18.364743
7,850,0.027241846546530724,2026-05-18T09:46:18.980105
7,851,0.02668546698987484,2026-05-18T09:46:19.045014
7,852,0.02577604167163372,2026-05-18T09:46:19.108292
7,853,0.025387510657310486,2026-05-18T09:46:19.173981
7,854,0.0254905316978693,2026-05-18T09:46:19.798902
7,855,0.028172453865408897,2026-05-18T09:46:19.859449
7,856,0.029709644615650177,2026-05-18T09:46:19.921640
7,857,0.02626725472509861,2026-05-18T09:46:19.983871
7,858,0.02794385328888893,2026-05-18T09:46:20.443844
7,859,0.025541050359606743,2026-05-18T09:46:20.508362
7,860,0.024061240255832672,2026-05-18T09:46:20.672849
7,861,0.030947156250476837,2026-05-18T09:46:20.733838
7,862,0.02761945128440857,2026-05-18T09:46:21.292236
7,863,0.03117229789495468,2026-05-18T09:46:21.354218
7,864,0.02516873925924301,2026-05-18T09:46:21.498705
7,865,0.0248661320656538,2026-05-18T09:46:21.559626
7,866,0.03060515783727169,2026-05-18T09:46:22.149929
7,867,0.025759639218449593,2026-05-18T09:46:22.214465
7,868,0.02837768755853176,2026-05-18T09:46:22.277558
7,869,0.0261490810662508,2026-05-18T09:46:22.341259
7,870,0.027015654370188713,2026-05-18T09:46:22.860638
7,871,0.03154034912586212,2026-05-18T09:46:22.925929
7,872,0.03166750818490982,2026-05-18T09:46:22.989507
7,873,0.02550630457699299,2026-05-18T09:46:23.055713
7,874,0.0262494757771492,2026-05-18T09:46:23.463194
7,875,0.027147747576236725,2026-05-18T09:46:23.524893
7,876,0.028177831321954727,2026-05-18T09:46:23.688174
7,877,0.02839421108365059,2026-05-18T09:46:23.748956
7,878,0.028294222429394722,2026-05-18T09:46:24.219821
7,879,0.02746031992137432,2026-05-18T09:46:24.280672
7,880,0.02950125001370907,2026-05-18T09:46:24.445545
7,881,0.026010217145085335,2026-05-18T09:46:24.505592
7,882,0.02727621980011463,2026-05-18T09:46:25.039909
7,883,0.02438546158373356,2026-05-18T09:46:25.102065
7,884,0.030464651063084602,2026-05-18T09:46:25.164657
7,885,0.030812764540314674,2026-05-18T09:46:25.259295
7,886,0.025321386754512787,2026-05-18T09:46:25.820837
7,887,0.028936170041561127,2026-05-18T09:46:25.881366
7,888,0.02917594090104103,2026-05-18T09:46:25.943083
7,889,0.028326503932476044,2026-05-18T09:46:26.006613
7,890,0.02901194803416729,2026-05-18T09:46:26.607652
7,891,0.025372320786118507,2026-05-18T09:46:26.668663
7,892,0.0296573918312788,2026-05-18T09:46:26.781286
7,893,0.024702386930584908,2026-05-18T09:46:26.841562
7,894,0.03271002694964409,2026-05-18T09:46:27.330344
7,895,0.026887761428952217,2026-05-18T09:46:27.388820
7,896,0.03311021998524666,2026-05-18T09:46:27.449039
7,897,0.027015745639801025,2026-05-18T09:46:27.509594
7,898,0.03472632169723511,2026-05-18T09:46:28.156306
7,899,0.02647114358842373,2026-05-18T09:46:28.220642
7,900,0.027984539046883583,2026-05-18T09:46:28.290371
7,901,0.03303293138742447,2026-05-18T09:46:28.351825
7,902,0.025826813653111458,2026-05-18T09:46:29.094799
7,903,0.0293588787317276,2026-05-18T09:46:29.153407
7,904,0.02472156286239624,2026-05-18T09:46:29.213495
7,905,0.030401598662137985,2026-05-18T09:46:29.276003
7,906,0.02453678660094738,2026-05-18T09:46:29.764048
7,907,0.02581319771707058,2026-05-18T09:46:29.823951
7,908,0.030459320172667503,2026-05-18T09:46:29.885094
7,909,0.028020545840263367,2026-05-18T09:46:29.944997
7,910,0.026874331757426262,2026-05-18T09:46:30.566683
7,911,0.029386943206191063,2026-05-18T09:46:30.630919
7,912,0.02858038991689682,2026-05-18T09:46:30.721715
7,913,0.0270346999168396,2026-05-18T09:46:30.783330
7,914,0.030480919405817986,2026-05-18T09:46:31.299062
7,915,0.031097250059247017,2026-05-18T09:46:31.358109
7,916,0.029105553403496742,2026-05-18T09:46:31.419786
7,917,0.03328896313905716,2026-05-18T09:46:31.480474
7,918,0.025689342990517616,2026-05-18T09:46:32.108926
7,919,0.03124135360121727,2026-05-18T09:46:32.172817
7,920,0.028796207159757614,2026-05-18T09:46:32.235699
7,921,0.027179645374417305,2026-05-18T09:46:32.298813
7,922,0.025113888084888458,2026-05-18T09:46:32.890758
7,923,0.026927899569272995,2026-05-18T09:46:32.949846
7,924,0.02865939773619175,2026-05-18T09:46:33.095836
7,925,0.027708731591701508,2026-05-18T09:46:33.155040
7,926,0.027719149366021156,2026-05-18T09:46:33.613322
7,927,0.02483522519469261,2026-05-18T09:46:33.677582
7,928,0.022910963743925095,2026-05-18T09:46:33.930015
7,929,0.026906561106443405,2026-05-18T09:46:33.989737
7,930,0.030057737603783607,2026-05-18T09:46:34.452717
7,931,0.02863878384232521,2026-05-18T09:46:34.512414
7,932,0.02802855707705021,2026-05-18T09:46:34.848242
7,933,0.026930665597319603,2026-05-18T09:46:34.908201
7,934,0.026564965024590492,2026-05-18T09:46:35.400509
7,935,0.029322808608412743,2026-05-18T09:46:35.459253
7,936,0.02736409194767475,2026-05-18T09:46:35.519948
7,937,0.029162008315324783,2026-05-18T09:46:35.580827
7,938,0.027926890179514885,2026-05-18T09:46:36.253542
7,939,0.02735670655965805,2026-05-18T09:46:36.315737
7,940,0.032052092254161835,2026-05-18T09:46:36.380730
7,941,0.026681041345000267,2026-05-18T09:46:36.444412
7,942,0.033153142780065536,2026-05-18T09:46:37.024002
7,943,0.033327747136354446,2026-05-18T09:46:37.084986
7,944,0.03145452216267586,2026-05-18T09:46:37.266465
7,945,0.031305789947509766,2026-05-18T09:46:37.327082
7,946,0.028203239664435387,2026-05-18T09:46:37.957346
7,947,0.03059981018304825,2026-05-18T09:46:38.022171
7,948,0.036848168820142746,2026-05-18T09:46:38.089299
7,949,0.024626445025205612,2026-05-18T09:46:38.153677
7,950,0.027972012758255005,2026-05-18T09:46:38.688873
7,951,0.025012245401740074,2026-05-18T09:46:38.750583
7,952,0.028461508452892303,2026-05-18T09:46:38.813550
7,953,0.029309015721082687,2026-05-18T09:46:38.874720
7,954,0.02631366066634655,2026-05-18T09:46:39.489295
7,955,0.02635895647108555,2026-05-18T09:46:39.554379
7,956,0.029949678108096123,2026-05-18T09:46:39.618559
7,957,0.02849768102169037,2026-05-18T09:46:39.684020
7,958,0.02734248712658882,2026-05-18T09:46:40.351613
7,959,0.031061027199029922,2026-05-18T09:46:40.412360
7,960,0.026958394795656204,2026-05-18T09:46:40.472658
7,961,0.026298459619283676,2026-05-18T09:46:40.538040
7,962,0.02500404603779316,2026-05-18T09:46:41.218765
7,963,0.025694958865642548,2026-05-18T09:46:41.282956
7,964,0.026882020756602287,2026-05-18T09:46:41.346902
7,965,0.024393625557422638,2026-05-18T09:46:41.413526
7,966,0.029276100918650627,2026-05-18T09:46:42.108456
7,967,0.023995107039809227,2026-05-18T09:46:42.175239
7,968,0.0251429732888937,2026-05-18T09:46:42.238137
7,969,0.026856493204832077,2026-05-18T09:46:42.302370
7,970,0.030712725594639778,2026-05-18T09:46:42.989840
7,971,0.025203730911016464,2026-05-18T09:46:43.050535
7,972,0.03056812658905983,2026-05-18T09:46:43.111969
7,973,0.02647438831627369,2026-05-18T09:46:43.177409
7,974,0.02374422177672386,2026-05-18T09:46:43.566420
7,975,0.02526109851896763,2026-05-18T09:46:43.628236
7,976,0.026379574090242386,2026-05-18T09:46:43.689796
7,977,0.030737388879060745,2026-05-18T09:46:43.751897
7,978,0.02987997978925705,2026-05-18T09:46:44.349884
7,979,0.02778243087232113,2026-05-18T09:46:44.413330
7,980,0.037305913865566254,2026-05-18T09:46:44.477107
7,981,0.02538536675274372,2026-05-18T09:46:44.542263
7,982,0.02635595016181469,2026-05-18T09:46:45.064406
7,983,0.025645483285188675,2026-05-18T09:46:45.125088
7,984,0.026431240141391754,2026-05-18T09:46:45.187984
7,985,0.029551750048995018,2026-05-18T09:46:45.250296
7,986,0.031039109453558922,2026-05-18T09:46:45.807431
7,987,0.02818511240184307,2026-05-18T09:46:45.872358
7,988,0.030114421620965004,2026-05-18T09:46:45.934880
7,989,0.035979434847831726,2026-05-18T09:46:45.998071
7,990,0.029148250818252563,2026-05-18T09:46:46.564455
7,991,0.02750462107360363,2026-05-18T09:46:46.626205
7,992,0.02908647246658802,2026-05-18T09:46:46.689371
7,993,0.026217209175229073,2026-05-18T09:46:46.750880
7,994,0.028100835159420967,2026-05-18T09:46:47.507262
7,995,0.024630773812532425,2026-05-18T09:46:47.574406
7,996,0.02407057397067547,2026-05-18T09:46:47.640799
7,997,0.027067502960562706,2026-05-18T09:46:47.703556
7,998,0.026895251125097275,2026-05-18T09:46:48.405839
7,999,0.027643322944641113,2026-05-18T09:46:48.469512
7,1000,0.030210483819246292,2026-05-18T09:46:48.533662
7,1001,0.02796514332294464,2026-05-18T09:46:48.599951
7,1002,0.02998408116400242,2026-05-18T09:46:49.167156
7,1003,0.031007295474410057,2026-05-18T09:46:49.231932
7,1004,0.030398525297641754,2026-05-18T09:46:49.295071
7,1005,0.02511134184896946,2026-05-18T09:46:49.358409
7,1006,0.026320703327655792,2026-05-18T09:46:49.866805
7,1007,0.029549865052103996,2026-05-18T09:46:49.927883
7,1008,0.02852489799261093,2026-05-18T09:46:49.989524
7,1009,0.02791622467339039,2026-05-18T09:46:50.054316
7,1010,0.029764767736196518,2026-05-18T09:46:50.624820
7,1011,0.027461882680654526,2026-05-18T09:46:50.687768
7,1012,0.026157356798648834,2026-05-18T09:46:50.794698
7,1013,0.02650773525238037,2026-05-18T09:46:50.858774
7,1014,0.026235830038785934,2026-05-18T09:46:51.602378
7,1015,0.02461014688014984,2026-05-18T09:46:51.665256
7,1016,0.02888569049537182,2026-05-18T09:46:51.733010
7,1017,0.02607095241546631,2026-05-18T09:46:51.796818
7,1018,0.02707599848508835,2026-05-18T09:46:52.430438
7,1019,0.026656780391931534,2026-05-18T09:46:52.490845
7,1020,0.026892220601439476,2026-05-18T09:46:52.553663
7,1021,0.024974241852760315,2026-05-18T09:46:52.615655
7,1022,0.02520553208887577,2026-05-18T09:46:53.308295
7,1023,0.024740464985370636,2026-05-18T09:46:53.371568
7,1024,0.02969374693930149,2026-05-18T09:46:53.436032
7,1025,0.034245263785123825,2026-05-18T09:46:53.500126
7,1026,0.027808979153633118,2026-05-18T09:46:54.270288
7,1027,0.027839617803692818,2026-05-18T09:46:54.332492
7,1028,0.024976732209324837,2026-05-18T09:46:54.395330
7,1029,0.02653174288570881,2026-05-18T09:46:54.461993
7,1030,0.026721009984612465,2026-05-18T09:46:55.019415
7,1031,0.026036333292722702,2026-05-18T09:46:55.080358
7,1032,0.02981485053896904,2026-05-18T09:46:55.148139
7,1033,0.025163114070892334,2026-05-18T09:46:55.209374
7,1034,0.026006752625107765,2026-05-18T09:46:55.836813
7,1035,0.028312357142567635,2026-05-18T09:46:55.899491
7,1036,0.027769053354859352,2026-05-18T09:46:55.964490
7,1037,0.029815418645739555,2026-05-18T09:46:56.030324
7,1038,0.02744990587234497,2026-05-18T09:46:56.588368
7,1039,0.027285177260637283,2026-05-18T09:46:56.646654
7,1040,0.027248764410614967,2026-05-18T09:46:56.707211
7,1041,0.025470901280641556,2026-05-18T09:46:56.767610
7,1042,0.030641404911875725,2026-05-18T09:46:57.257926
7,1043,0.026153644546866417,2026-05-18T09:46:57.321184
7,1044,0.025112615898251534,2026-05-18T09:46:57.380006
7,1045,0.024482712149620056,2026-05-18T09:46:57.439907
7,1046,0.026919960975646973,2026-05-18T09:46:58.178534
7,1047,0.031570952385663986,2026-05-18T09:46:58.239985
7,1048,0.026719754561781883,2026-05-18T09:46:58.302055
7,1049,0.028744492679834366,2026-05-18T09:46:58.362803
7,1050,0.02669570967555046,2026-05-18T09:46:58.821786
7,1051,0.027750685811042786,2026-05-18T09:46:58.881177
7,1052,0.02864447422325611,2026-05-18T09:46:59.026325
7,1053,0.02709527499973774,2026-05-18T09:46:59.085869
7,1054,0.02662849612534046,2026-05-18T09:46:59.615384
7,1055,0.028135038912296295,2026-05-18T09:46:59.675177
7,1056,0.026222968474030495,2026-05-18T09:46:59.964593
7,1057,0.03083208203315735,2026-05-18T09:47:00.024045
7,1058,0.027129370719194412,2026-05-18T09:47:00.429404
7,1059,0.026569336652755737,2026-05-18T09:47:00.490985
7,1060,0.025172855705022812,2026-05-18T09:47:00.730302
7,1061,0.024597235023975372,2026-05-18T09:47:00.790434
7,1062,0.02732081152498722,2026-05-18T09:47:01.309602
7,1063,0.03144432604312897,2026-05-18T09:47:01.371917
7,1064,0.03006862662732601,2026-05-18T09:47:01.562138
7,1065,0.02449428290128708,2026-05-18T09:47:01.623969
7,1066,0.024389609694480896,2026-05-18T09:47:02.219918
7,1067,0.027880476787686348,2026-05-18T09:47:02.280824
7,1068,0.031432781368494034,2026-05-18T09:47:02.476724
7,1069,0.031038427725434303,2026-05-18T09:47:02.537892
7,1070,0.026718346402049065,2026-05-18T09:47:03.170535
7,1071,0.025268327444791794,2026-05-18T09:47:03.234235
7,1072,0.02625345066189766,2026-05-18T09:47:03.463255
7,1073,0.02780531346797943,2026-05-18T09:47:03.524867
7,1074,0.02583734318614006,2026-05-18T09:47:04.016873
7,1075,0.026324603706598282,2026-05-18T09:47:04.076611
7,1076,0.027149099856615067,2026-05-18T09:47:04.139846
7,1077,0.0251091867685318,2026-05-18T09:47:04.202515
7,1078,0.0256549883633852,2026-05-18T09:47:04.749629
7,1079,0.026405995711684227,2026-05-18T09:47:04.814251
7,1080,0.0246366485953331,2026-05-18T09:47:05.080428
7,1081,0.03473421558737755,2026-05-18T09:47:05.141439
7,1082,0.026782149448990822,2026-05-18T09:47:05.636336
7,1083,0.026614470407366753,2026-05-18T09:47:05.695908
7,1084,0.024018293246626854,2026-05-18T09:47:05.969450
7,1085,0.02641545981168747,2026-05-18T09:47:06.030481
7,1086,0.02947826124727726,2026-05-18T09:47:06.391583
7,1087,0.026179645210504532,2026-05-18T09:47:06.454886
7,1088,0.02732584811747074,2026-05-18T09:47:06.803797
7,1089,0.02883724868297577,2026-05-18T09:47:06.864231
7,1090,0.025059973821043968,2026-05-18T09:47:07.223661
7,1091,0.03485553711652756,2026-05-18T09:47:07.287152
7,1092,0.02555571123957634,2026-05-18T09:47:07.561730
7,1093,0.03866312652826309,2026-05-18T09:47:07.623391
7,1094,0.02871605195105076,2026-05-18T09:47:08.174265
7,1095,0.02352711372077465,2026-05-18T09:47:08.235434
7,1096,0.026926416903734207,2026-05-18T09:47:08.653816
7,1097,0.02402779832482338,2026-05-18T09:47:08.718614
7,1098,0.026456324383616447,2026-05-18T09:47:08.950626
7,1099,0.031470634043216705,2026-05-18T09:47:09.011831
7,1100,0.027521681040525436,2026-05-18T09:47:09.340199
7,1101,0.027980037033557892,2026-05-18T09:47:09.401671
7,1102,0.029073642566800117,2026-05-18T09:47:09.820335
7,1103,0.027227992191910744,2026-05-18T09:47:09.883577
7,1104,0.031617335975170135,2026-05-18T09:47:09.945607
7,1105,0.029214099049568176,2026-05-18T09:47:10.006810
7,1106,0.02600490301847458,2026-05-18T09:47:10.572733
7,1107,0.027624623849987984,2026-05-18T09:47:10.751758
7,1108,0.026732739061117172,2026-05-18T09:47:10.815368
7,1109,0.02955980971455574,2026-05-18T09:47:10.877929
7,1110,0.026301812380552292,2026-05-18T09:47:11.329047
7,1111,0.026917748153209686,2026-05-18T09:47:11.605424
7,1112,0.028906425461173058,2026-05-18T09:47:11.703826
7,1113,0.02639930322766304,2026-05-18T09:47:11.763452
7,1114,0.03288407251238823,2026-05-18T09:47:12.294879
7,1115,0.024623040109872818,2026-05-18T09:47:12.513880
7,1116,0.027076808735728264,2026-05-18T09:47:12.578576
7,1117,0.026537016034126282,2026-05-18T09:47:12.640090
7,1118,0.02641700580716133,2026-05-18T09:47:13.197005
7,1119,0.03802085667848587,2026-05-18T09:47:13.257698
7,1120,0.028720082715153694,2026-05-18T09:47:13.318473
7,1121,0.022899189963936806,2026-05-18T09:47:13.379275
7,1122,0.024358384311199188,2026-05-18T09:47:13.980805
7,1123,0.027551639825105667,2026-05-18T09:47:14.043273
7,1124,0.028812475502490997,2026-05-18T09:47:14.106713
7,1125,0.026211250573396683,2026-05-18T09:47:14.169999
7,1126,0.027628019452095032,2026-05-18T09:47:14.779393
7,1127,0.02832649089396,2026-05-18T09:47:14.839529
7,1128,0.02733147330582142,2026-05-18T09:47:14.900017
7,1129,0.02889755181968212,2026-05-18T09:47:14.961764
7,1130,0.02788567543029785,2026-05-18T09:47:15.722565
7,1131,0.02927554026246071,2026-05-18T09:47:15.785754
7,1132,0.025977134704589844,2026-05-18T09:47:15.847716
7,1133,0.03302069753408432,2026-05-18T09:47:15.911300
7,1134,0.029146049171686172,2026-05-18T09:47:16.491279
7,1135,0.032687440514564514,2026-05-18T09:47:16.552235
7,1136,0.02814031019806862,2026-05-18T09:47:16.613057
7,1137,0.0258626826107502,2026-05-18T09:47:16.674529
7,1138,0.02942892350256443,2026-05-18T09:47:17.310247
7,1139,0.024281922727823257,2026-05-18T09:47:17.370142
7,1140,0.026437915861606598,2026-05-18T09:47:17.449474
7,1141,0.02422073297202587,2026-05-18T09:47:17.508944
7,1142,0.024751685559749603,2026-05-18T09:47:18.104740
7,1143,0.027866680175065994,2026-05-18T09:47:18.164410
7,1144,0.02837715484201908,2026-05-18T09:47:18.224881
7,1145,0.02737419120967388,2026-05-18T09:47:18.285622
7,1146,0.02641066163778305,2026-05-18T09:47:18.788297
7,1147,0.026784054934978485,2026-05-18T09:47:18.848681
8,0,0.036219820380210876,2026-05-18T09:47:23.325086
8,1,0.025400955229997635,2026-05-18T09:47:23.390386
8,2,0.02840498462319374,2026-05-18T09:47:23.498731
8,3,0.027740074321627617,2026-05-18T09:47:23.572438
8,4,0.025206588208675385,2026-05-18T09:47:24.047772
8,5,0.03049221821129322,2026-05-18T09:47:24.112522
8,6,0.026409175246953964,2026-05-18T09:47:24.182518
8,7,0.02878347411751747,2026-05-18T09:47:24.242989
8,8,0.03067648410797119,2026-05-18T09:47:24.846626
8,9,0.027590587735176086,2026-05-18T09:47:24.909596
8,10,0.030230017378926277,2026-05-18T09:47:25.068318
8,11,0.029010126367211342,2026-05-18T09:47:25.130523
8,12,0.02725263126194477,2026-05-18T09:47:25.527913
8,13,0.027263255789875984,2026-05-18T09:47:25.590820
8,14,0.0286569781601429,2026-05-18T09:47:25.903810
8,15,0.03159888833761215,2026-05-18T09:47:25.963766
8,16,0.02857094630599022,2026-05-18T09:47:26.277853
8,17,0.02623257227241993,2026-05-18T09:47:26.341003
8,18,0.028559230268001556,2026-05-18T09:47:26.686487
8,19,0.025966234505176544,2026-05-18T09:47:26.746215
8,20,0.026949051767587662,2026-05-18T09:47:26.939826
8,21,0.02872415818274021,2026-05-18T09:47:26.999780
8,22,0.028675971552729607,2026-05-18T09:47:27.393389
8,23,0.025512492284178734,2026-05-18T09:47:27.454364
8,24,0.026277359575033188,2026-05-18T09:47:27.625217
8,25,0.02661505714058876,2026-05-18T09:47:27.686671
8,26,0.025756819173693657,2026-05-18T09:47:28.102695
8,27,0.030609359964728355,2026-05-18T09:47:28.162726
8,28,0.029839256778359413,2026-05-18T09:47:28.330624
8,29,0.026278330013155937,2026-05-18T09:47:28.391599
8,30,0.0239737369120121,2026-05-18T09:47:28.720689
8,31,0.026210011914372444,2026-05-18T09:47:28.782254
8,32,0.035077136009931564,2026-05-18T09:47:29.136877
8,33,0.025217130780220032,2026-05-18T09:47:29.196402
8,34,0.02978667803108692,2026-05-18T09:47:29.285611
8,35,0.02796982228755951,2026-05-18T09:47:29.341772
8,36,0.02561211958527565,2026-05-18T09:47:29.948218
8,37,0.024762526154518127,2026-05-18T09:47:30.011622
8,38,0.03159653767943382,2026-05-18T09:47:30.076713
8,39,0.02515942044556141,2026-05-18T09:47:30.137300
8,40,0.024324823170900345,2026-05-18T09:47:30.624547
8,41,0.026938654482364655,2026-05-18T09:47:30.684943
8,42,0.031069202348589897,2026-05-18T09:47:30.744247
8,43,0.027828315272927284,2026-05-18T09:47:30.803135
8,44,0.0243680477142334,2026-05-18T09:47:31.278976
8,45,0.030215630307793617,2026-05-18T09:47:31.337049
8,46,0.02515263855457306,2026-05-18T09:47:31.396587
8,47,0.026224441826343536,2026-05-18T09:47:31.455626
8,48,0.02789422869682312,2026-05-18T09:47:32.075332
8,49,0.03098458983004093,2026-05-18T09:47:32.137504
8,50,0.02813192829489708,2026-05-18T09:47:32.198636
8,51,0.02802465111017227,2026-05-18T09:47:32.259532
8,52,0.02456904761493206,2026-05-18T09:47:32.724114
8,53,0.027629565447568893,2026-05-18T09:47:32.782478
8,54,0.026789680123329163,2026-05-18T09:47:32.841306
8,55,0.02887365035712719,2026-05-18T09:47:32.904310
8,56,0.02424345724284649,2026-05-18T09:47:33.349934
8,57,0.027557717636227608,2026-05-18T09:47:33.408889
8,58,0.026229966431856155,2026-05-18T09:47:33.545829
8,59,0.028713244944810867,2026-05-18T09:47:33.688746
8,60,0.02536897175014019,2026-05-18T09:47:34.077474
8,61,0.03208423778414726,2026-05-18T09:47:34.136506
8,62,0.027133658528327942,2026-05-18T09:47:34.258770
8,63,0.025861654430627823,2026-05-18T09:47:34.401793
8,64,0.02601916715502739,2026-05-18T09:47:34.646541
8,65,0.026156369596719742,2026-05-18T09:47:34.704850
8,66,0.036165349185466766,2026-05-18T09:47:35.075556
8,67,0.03291536495089531,2026-05-18T09:47:35.210508
8,68,0.029258985072374344,2026-05-18T09:47:35.387468
8,69,0.02981960028409958,2026-05-18T09:47:35.448339
8,70,0.03279421105980873,2026-05-18T09:47:35.792221
8,71,0.028074340894818306,2026-05-18T09:47:35.886105
8,72,0.027790119871497154,2026-05-18T09:47:36.050686
8,73,0.02591218799352646,2026-05-18T09:47:36.109001
8,74,0.02509830892086029,2026-05-18T09:47:36.475983
8,75,0.024232076480984688,2026-05-18T09:47:36.659847
8,76,0.023838533088564873,2026-05-18T09:47:36.719104
8,77,0.03108949400484562,2026-05-18T09:47:36.779416
8,78,0.03291205316781998,2026-05-18T09:47:37.042989
8,79,0.024928579106926918,2026-05-18T09:47:37.318396
8,80,0.028022311627864838,2026-05-18T09:47:37.377558
8,81,0.02523854561150074,2026-05-18T09:47:37.438388
8,82,0.028000598773360252,2026-05-18T09:47:37.696661
8,83,0.03391684219241142,2026-05-18T09:47:38.066727
8,84,0.027832500636577606,2026-05-18T09:47:38.125768
8,85,0.028140679001808167,2026-05-18T09:47:38.187142
8,86,0.02692433074116707,2026-05-18T09:47:38.267934
8,87,0.028638605028390884,2026-05-18T09:47:38.832143
8,88,0.02947648987174034,2026-05-18T09:47:38.891473
8,89,0.025467466562986374,2026-05-18T09:47:38.952586
8,90,0.027818335220217705,2026-05-18T09:47:39.014435
8,91,0.02677164040505886,2026-05-18T09:47:39.358252
8,92,0.027998223900794983,2026-05-18T09:47:39.460823
8,93,0.02545822225511074,2026-05-18T09:47:39.521403
8,94,0.02721010521054268,2026-05-18T09:47:39.701476
8,95,0.03319598361849785,2026-05-18T09:47:40.180982
8,96,0.02513454295694828,2026-05-18T09:47:40.240663
8,97,0.031734615564346313,2026-05-18T09:47:40.300866
8,98,0.028118938207626343,2026-05-18T09:47:40.374387
8,99,0.025871971622109413,2026-05-18T09:47:40.972982
8,100,0.025797123089432716,2026-05-18T09:47:41.036132
8,101,0.025188293308019638,2026-05-18T09:47:41.098488
8,102,0.027471886947751045,2026-05-18T09:47:41.160888
8,103,0.027676941826939583,2026-05-18T09:47:41.753673
8,104,0.0291876383125782,2026-05-18T09:47:41.813774
8,105,0.02387874200940132,2026-05-18T09:47:41.874358
8,106,0.026556622236967087,2026-05-18T09:47:41.934998
8,107,0.026047904044389725,2026-05-18T09:47:42.363372
8,108,0.026606373488903046,2026-05-18T09:47:42.422710
8,109,0.026719290763139725,2026-05-18T09:47:42.484182
8,110,0.026329495012760162,2026-05-18T09:47:42.545944
8,111,0.024722779169678688,2026-05-18T09:47:43.031103
8,112,0.02967694029211998,2026-05-18T09:47:43.092874
8,113,0.028581226244568825,2026-05-18T09:47:43.155004
8,114,0.034084808081388474,2026-05-18T09:47:43.241387
8,115,0.027484819293022156,2026-05-18T09:47:43.628740
8,116,0.026750771328806877,2026-05-18T09:47:43.690394
8,117,0.0274124164134264,2026-05-18T09:47:43.751494
8,118,0.02775930054485798,2026-05-18T09:47:43.848637
8,119,0.02568494901061058,2026-05-18T09:47:44.420577
8,120,0.025800101459026337,2026-05-18T09:47:44.480117
8,121,0.026489291340112686,2026-05-18T09:47:44.542048
8,122,0.023865900933742523,2026-05-18T09:47:44.608476
8,123,0.0306830033659935,2026-05-18T09:47:45.164177
8,124,0.028015129268169403,2026-05-18T09:47:45.227015
8,125,0.030291015282273293,2026-05-18T09:47:45.290386
8,126,0.02895449474453926,2026-05-18T09:47:45.353914
8,127,0.027781924232840538,2026-05-18T09:47:45.956695
8,128,0.02766566164791584,2026-05-18T09:47:46.018444
8,129,0.026303665712475777,2026-05-18T09:47:46.080092
8,130,0.02617177553474903,2026-05-18T09:47:46.140977
8,131,0.024608813226222992,2026-05-18T09:47:46.712249
8,132,0.026167061179876328,2026-05-18T09:47:46.774357
8,133,0.025294801220297813,2026-05-18T09:47:46.839041
8,134,0.02532145194709301,2026-05-18T09:47:46.901747
8,135,0.02934037521481514,2026-05-18T09:47:47.367188
8,136,0.023152535781264305,2026-05-18T09:47:47.427395
8,137,0.0302293598651886,2026-05-18T09:47:47.488364
8,138,0.027706705033779144,2026-05-18T09:47:47.550759
8,139,0.025084832683205605,2026-05-18T09:47:48.117191
8,140,0.02498820051550865,2026-05-18T09:47:48.182861
8,141,0.02662254124879837,2026-05-18T09:47:48.245849
8,142,0.026272179558873177,2026-05-18T09:47:48.308823
8,143,0.029897719621658325,2026-05-18T09:47:48.753868
8,144,0.024153634905815125,2026-05-18T09:47:48.814793
8,145,0.02668423019349575,2026-05-18T09:47:48.876427
8,146,0.02653908170759678,2026-05-18T09:47:48.939032
8,147,0.02879687212407589,2026-05-18T09:47:49.585160
8,148,0.02803119458258152,2026-05-18T09:47:49.647841
8,149,0.0359935536980629,2026-05-18T09:47:49.711174
8,150,0.026296285912394524,2026-05-18T09:47:49.773209
8,151,0.027173642069101334,2026-05-18T09:47:50.256783
8,152,0.026747921481728554,2026-05-18T09:47:50.316794
8,153,0.02735380083322525,2026-05-18T09:47:50.378513
8,154,0.031714145094156265,2026-05-18T09:47:50.442854
8,155,0.025372592732310295,2026-05-18T09:47:50.906790
8,156,0.02883055992424488,2026-05-18T09:47:50.966519
8,157,0.030250433832406998,2026-05-18T09:47:51.028387
8,158,0.02704387716948986,2026-05-18T09:47:51.089791
8,159,0.02730133756995201,2026-05-18T09:47:51.650139
8,160,0.02854260243475437,2026-05-18T09:47:51.710533
8,161,0.02902829460799694,2026-05-18T09:47:51.772567
8,162,0.023120570927858353,2026-05-18T09:47:51.851065
8,163,0.02596556581556797,2026-05-18T09:47:52.379397
8,164,0.026451099663972855,2026-05-18T09:47:52.466247
8,165,0.03153323009610176,2026-05-18T09:47:52.529894
8,166,0.02736852690577507,2026-05-18T09:47:52.597437
8,167,0.025059154257178307,2026-05-18T09:47:53.070907
8,168,0.02548263408243656,2026-05-18T09:47:53.133339
8,169,0.027574654668569565,2026-05-18T09:47:53.199209
8,170,0.03185562044382095,2026-05-18T09:47:53.458083
8,171,0.026921480894088745,2026-05-18T09:47:53.835457
8,172,0.031829118728637695,2026-05-18T09:47:53.896272
8,173,0.025685861706733704,2026-05-18T09:47:53.958179
8,174,0.02734740637242794,2026-05-18T09:47:54.142871
8,175,0.030184173956513405,2026-05-18T09:47:54.553215
8,176,0.025728153064846992,2026-05-18T09:47:54.613632
8,177,0.027371065691113472,2026-05-18T09:47:54.675652
8,178,0.02679165080189705,2026-05-18T09:47:54.972260
8,179,0.027074644342064857,2026-05-18T09:47:55.355530
8,180,0.025315050035715103,2026-05-18T09:47:55.415416
8,181,0.028913965448737144,2026-05-18T09:47:55.478443
8,182,0.026346798986196518,2026-05-18T09:47:55.755445
8,183,0.029443832114338875,2026-05-18T09:47:56.110258
8,184,0.027182599529623985,2026-05-18T09:47:56.170702
8,185,0.02768769860267639,2026-05-18T09:47:56.231455
8,186,0.02970256097614765,2026-05-18T09:47:56.383892
8,187,0.028267746791243553,2026-05-18T09:47:56.780200
8,188,0.022957582026720047,2026-05-18T09:47:56.840943
8,189,0.025134507566690445,2026-05-18T09:47:56.902226
8,190,0.0287344828248024,2026-05-18T09:47:57.022592
8,191,0.029869308695197105,2026-05-18T09:47:57.425404
8,192,0.026271313428878784,2026-05-18T09:47:57.485995
8,193,0.026644904166460037,2026-05-18T09:47:57.546633
8,194,0.030181804671883583,2026-05-18T09:47:57.706082
8,195,0.026730261743068695,2026-05-18T09:47:58.014912
8,196,0.028885064646601677,2026-05-18T09:47:58.075076
8,197,0.026296231895685196,2026-05-18T09:47:58.136449
8,198,0.025253480300307274,2026-05-18T09:47:58.315769
8,199,0.026629947125911713,2026-05-18T09:47:58.580189
8,200,0.030943823978304863,2026-05-18T09:47:58.640597
8,201,0.025090882554650307,2026-05-18T09:47:58.701910
8,202,0.02491379901766777,2026-05-18T09:47:58.984022
8,203,0.02631421945989132,2026-05-18T09:47:59.315875
8,204,0.026634011417627335,2026-05-18T09:47:59.376481
8,205,0.02508816309273243,2026-05-18T09:47:59.437365
8,206,0.024605682119727135,2026-05-18T09:47:59.676699
8,207,0.030428003519773483,2026-05-18T09:47:59.926922
8,208,0.024042541161179543,2026-05-18T09:47:59.987160
8,209,0.030724775046110153,2026-05-18T09:48:00.047989
8,210,0.03421119973063469,2026-05-18T09:48:00.295065
8,211,0.027298646047711372,2026-05-18T09:48:00.618420
8,212,0.023214833810925484,2026-05-18T09:48:00.678044
8,213,0.03048769198358059,2026-05-18T09:48:00.740201
8,214,0.030595801770687103,2026-05-18T09:48:00.964560
8,215,0.028085529804229736,2026-05-18T09:48:01.286261
8,216,0.02828739397227764,2026-05-18T09:48:01.343769
8,217,0.030241556465625763,2026-05-18T09:48:01.402855
8,218,0.02371857687830925,2026-05-18T09:48:01.673056
8,219,0.02718614973127842,2026-05-18T09:48:01.941286
8,220,0.024713056161999702,2026-05-18T09:48:01.998648
8,221,0.026569729670882225,2026-05-18T09:48:02.057801
8,222,0.02843923307955265,2026-05-18T09:48:02.304291
8,223,0.027130797505378723,2026-05-18T09:48:02.543815
8,224,0.024628426879644394,2026-05-18T09:48:02.601527
8,225,0.02641347423195839,2026-05-18T09:48:02.661129
8,226,0.02686644159257412,2026-05-18T09:48:03.045673
8,227,0.030366988852620125,2026-05-18T09:48:03.210808
8,228,0.03450601547956467,2026-05-18T09:48:03.269047
8,229,0.02556329406797886,2026-05-18T09:48:03.329583
8,230,0.027290426194667816,2026-05-18T09:48:03.604872
8,231,0.026705853641033173,2026-05-18T09:48:03.853291
8,232,0.026634253561496735,2026-05-18T09:48:03.911772
8,233,0.026919879019260406,2026-05-18T09:48:03.974300
8,234,0.02937721461057663,2026-05-18T09:48:04.185463
8,235,0.027049122378230095,2026-05-18T09:48:04.621699
8,236,0.027302458882331848,2026-05-18T09:48:04.680908
8,237,0.02994144707918167,2026-05-18T09:48:04.739905
8,238,0.030042128637433052,2026-05-18T09:48:04.964381
8,239,0.02573566325008869,2026-05-18T09:48:05.285546
8,240,0.03017319180071354,2026-05-18T09:48:05.344155
8,241,0.030781613662838936,2026-05-18T09:48:05.403835
8,242,0.0307561494410038,2026-05-18T09:48:05.616922
8,243,0.02692670188844204,2026-05-18T09:48:05.921571
8,244,0.027465876191854477,2026-05-18T09:48:05.980430
8,245,0.02651926688849926,2026-05-18T09:48:06.040835
8,246,0.03127260133624077,2026-05-18T09:48:06.294060
8,247,0.030328189954161644,2026-05-18T09:48:06.681138
8,248,0.02819001115858555,2026-05-18T09:48:06.740141
8,249,0.025938525795936584,2026-05-18T09:48:06.800285
8,250,0.02837301604449749,2026-05-18T09:48:07.007108
8,251,0.02823915146291256,2026-05-18T09:48:07.388171
8,252,0.029486875981092453,2026-05-18T09:48:07.447286
8,253,0.02902171202003956,2026-05-18T09:48:07.510206
8,254,0.02629013918340206,2026-05-18T09:48:07.732671
8,255,0.027241449803113937,2026-05-18T09:48:08.107638
8,256,0.028740154579281807,2026-05-18T09:48:08.167276
8,257,0.024518923833966255,2026-05-18T09:48:08.226950
8,258,0.0255596786737442,2026-05-18T09:48:08.556179
8,259,0.025721337646245956,2026-05-18T09:48:08.826220
8,260,0.024528957903385162,2026-05-18T09:48:08.884676
8,261,0.024877186864614487,2026-05-18T09:48:08.945259
8,262,0.023505117744207382,2026-05-18T09:48:09.321214
8,263,0.027242690324783325,2026-05-18T09:48:09.517735
8,264,0.026284625753760338,2026-05-18T09:48:09.600900
8,265,0.029155699536204338,2026-05-18T09:48:09.661589
8,266,0.028070202097296715,2026-05-18T09:48:09.940354
8,267,0.02507760562002659,2026-05-18T09:48:10.236169
8,268,0.026876334100961685,2026-05-18T09:48:10.295089
8,269,0.027337145060300827,2026-05-18T09:48:10.358604
8,270,0.028778498992323875,2026-05-18T09:48:10.775995
8,271,0.031027600169181824,2026-05-18T09:48:10.835976
8,272,0.029495207592844963,2026-05-18T09:48:10.896389
8,273,0.02594592235982418,2026-05-18T09:48:10.956632
8,274,0.03095470555126667,2026-05-18T09:48:11.406813
8,275,0.033138208091259,2026-05-18T09:48:11.465666
8,276,0.022644782438874245,2026-05-18T09:48:11.525912
8,277,0.027927953749895096,2026-05-18T09:48:11.589563
8,278,0.024991586804389954,2026-05-18T09:48:11.964978
8,279,0.0251366775482893,2026-05-18T09:48:12.081436
8,280,0.028630828484892845,2026-05-18T09:48:12.142209
8,281,0.029454108327627182,2026-05-18T09:48:12.305369
8,282,0.030722476541996002,2026-05-18T09:48:12.601548
8,283,0.026510436087846756,2026-05-18T09:48:12.886956
8,284,0.027697253972291946,2026-05-18T09:48:12.945530
8,285,0.024207724258303642,2026-05-18T09:48:13.006857
8,286,0.02823820896446705,2026-05-18T09:48:13.403538
8,287,0.026843655854463577,2026-05-18T09:48:13.488449
8,288,0.02480720914900303,2026-05-18T09:48:13.547516
8,289,0.025991981849074364,2026-05-18T09:48:13.658844
8,290,0.026072487235069275,2026-05-18T09:48:14.177613
8,291,0.027983825653791428,2026-05-18T09:48:14.236569
8,292,0.02654821053147316,2026-05-18T09:48:14.296987
8,293,0.02561337500810623,2026-05-18T09:48:14.357357
8,294,0.03003993071615696,2026-05-18T09:48:14.737900
8,295,0.02962419204413891,2026-05-18T09:48:14.941639
8,296,0.025871461257338524,2026-05-18T09:48:15.002198
8,297,0.026338133960962296,2026-05-18T09:48:15.063712
8,298,0.031097112223505974,2026-05-18T09:48:15.440859
8,299,0.029024602845311165,2026-05-18T09:48:15.749989
8,300,0.029602542519569397,2026-05-18T09:48:15.809938
8,301,0.03041314333677292,2026-05-18T09:48:15.870444
8,302,0.027919618412852287,2026-05-18T09:48:16.211668
8,303,0.028667379170656204,2026-05-18T09:48:16.346678
8,304,0.02519983798265457,2026-05-18T09:48:16.406979
8,305,0.0299760103225708,2026-05-18T09:48:16.467940
8,306,0.029614783823490143,2026-05-18T09:48:16.830690
8,307,0.024852601811289787,2026-05-18T09:48:17.156284
8,308,0.02645832672715187,2026-05-18T09:48:17.216390
8,309,0.02544841170310974,2026-05-18T09:48:17.278810
8,310,0.02543063461780548,2026-05-18T09:48:17.470076
8,311,0.026990504935383797,2026-05-18T09:48:17.785851
8,312,0.029845528304576874,2026-05-18T09:48:17.845797
8,313,0.028650369495153427,2026-05-18T09:48:17.907640
8,314,0.031714003533124924,2026-05-18T09:48:18.186459
8,315,0.0245169959962368,2026-05-18T09:48:18.577540
8,316,0.026396337896585464,2026-05-18T09:48:18.638133
8,317,0.02870500274002552,2026-05-18T09:48:18.699274
8,318,0.023329326882958412,2026-05-18T09:48:18.904539
8,319,0.026870321482419968,2026-05-18T09:48:19.341681
8,320,0.032471995800733566,2026-05-18T09:48:19.402116
8,321,0.03605828434228897,2026-05-18T09:48:19.465091
8,322,0.02756967395544052,2026-05-18T09:48:19.527396
8,323,0.027507469058036804,2026-05-18T09:48:20.137020
8,324,0.03369572013616562,2026-05-18T09:48:20.199439
8,325,0.025065870955586433,2026-05-18T09:48:20.263044
8,326,0.027697907760739326,2026-05-18T09:48:20.325181
8,327,0.02983803302049637,2026-05-18T09:48:20.874559
8,328,0.025696255266666412,2026-05-18T09:48:20.934519
8,329,0.02538605034351349,2026-05-18T09:48:20.996182
8,330,0.024616576731204987,2026-05-18T09:48:21.057183
8,331,0.026803506538271904,2026-05-18T09:48:21.512940
8,332,0.031478431075811386,2026-05-18T09:48:21.572618
8,333,0.024829739704728127,2026-05-18T09:48:21.633745
8,334,0.025875763967633247,2026-05-18T09:48:21.698294
8,335,0.030590888112783432,2026-05-18T09:48:22.228386
8,336,0.02621997334063053,2026-05-18T09:48:22.289737
8,337,0.028326544910669327,2026-05-18T09:48:22.351663
8,338,0.02850598469376564,2026-05-18T09:48:22.414263
8,339,0.032630667090415955,2026-05-18T09:48:22.928196
8,340,0.027844039723277092,2026-05-18T09:48:22.991150
8,341,0.03020641766488552,2026-05-18T09:48:23.054498
8,342,0.03073723427951336,2026-05-18T09:48:23.117766
8,343,0.02948869951069355,2026-05-18T09:48:23.623082
8,344,0.025074442848563194,2026-05-18T09:48:23.683773
8,345,0.028263792395591736,2026-05-18T09:48:23.745068
8,346,0.022787563502788544,2026-05-18T09:48:23.808141
8,347,0.027864232659339905,2026-05-18T09:48:24.256418
8,348,0.02565215714275837,2026-05-18T09:48:24.317685
8,349,0.0311744287610054,2026-05-18T09:48:24.380567
8,350,0.030267663300037384,2026-05-18T09:48:24.443742
8,351,0.02544749714434147,2026-05-18T09:48:24.950300
8,352,0.03644799068570137,2026-05-18T09:48:25.013767
8,353,0.02558165416121483,2026-05-18T09:48:25.077133
8,354,0.025033636018633842,2026-05-18T09:48:25.142942
8,355,0.027902334928512573,2026-05-18T09:48:25.593269
8,356,0.030285630375146866,2026-05-18T09:48:25.654424
8,357,0.03210823982954025,2026-05-18T09:48:25.720454
8,358,0.02713761292397976,2026-05-18T09:48:25.782532
8,359,0.02932358905673027,2026-05-18T09:48:26.205452
8,360,0.026062780991196632,2026-05-18T09:48:26.269317
8,361,0.026369212195277214,2026-05-18T09:48:26.330994
8,362,0.025124885141849518,2026-05-18T09:48:26.393843
8,363,0.02738039381802082,2026-05-18T09:48:26.981889
8,364,0.027956372126936913,2026-05-18T09:48:27.068969
8,365,0.02446265146136284,2026-05-18T09:48:27.133559
8,366,0.029562054201960564,2026-05-18T09:48:27.205393
8,367,0.027395881712436676,2026-05-18T09:48:27.646027
8,368,0.027658656239509583,2026-05-18T09:48:27.707598
8,369,0.02940520830452442,2026-05-18T09:48:27.771049
8,370,0.027371713891625404,2026-05-18T09:48:27.954127
8,371,0.026154348626732826,2026-05-18T09:48:28.302096
8,372,0.024898216128349304,2026-05-18T09:48:28.364167
8,373,0.024218307808041573,2026-05-18T09:48:28.426269
8,374,0.02671295963227749,2026-05-18T09:48:28.693916
8,375,0.02837558090686798,2026-05-18T09:48:28.893302
8,376,0.026725344359874725,2026-05-18T09:48:28.953593
8,377,0.03054708242416382,2026-05-18T09:48:29.016346
8,378,0.03133463114500046,2026-05-18T09:48:29.395214
8,379,0.025544192641973495,2026-05-18T09:48:29.527720
8,380,0.026593254879117012,2026-05-18T09:48:29.587614
8,381,0.024519501253962517,2026-05-18T09:48:29.650499
8,382,0.02578023448586464,2026-05-18T09:48:30.102573
8,383,0.0273913461714983,2026-05-18T09:48:30.219485
8,384,0.03145390376448631,2026-05-18T09:48:30.280934
8,385,0.0231887586414814,2026-05-18T09:48:30.343614
8,386,0.028038443997502327,2026-05-18T09:48:30.749516
8,387,0.02544393762946129,2026-05-18T09:48:30.808298
8,388,0.03291049599647522,2026-05-18T09:48:30.870484
8,389,0.02424515038728714,2026-05-18T09:48:30.932256
8,390,0.027694810181856155,2026-05-18T09:48:31.529350
8,391,0.02525153197348118,2026-05-18T09:48:31.589880
8,392,0.026373762637376785,2026-05-18T09:48:31.650955
8,393,0.025206444784998894,2026-05-18T09:48:31.712482
8,394,0.02638608030974865,2026-05-18T09:48:32.184135
8,395,0.025450393557548523,2026-05-18T09:48:32.244430
8,396,0.0335538350045681,2026-05-18T09:48:32.306124
8,397,0.030167192220687866,2026-05-18T09:48:32.367395
8,398,0.028519991785287857,2026-05-18T09:48:32.807341
8,399,0.026562191545963287,2026-05-18T09:48:32.975400
8,400,0.0297674722969532,2026-05-18T09:48:33.035083
8,401,0.02994168922305107,2026-05-18T09:48:33.097442
8,402,0.026698147878050804,2026-05-18T09:48:33.395434
8,403,0.02707017958164215,2026-05-18T09:48:33.621721
8,404,0.027044616639614105,2026-05-18T09:48:33.683356
8,405,0.025191443040966988,2026-05-18T09:48:33.748973
8,406,0.03409864008426666,2026-05-18T09:48:34.103153
8,407,0.029137209057807922,2026-05-18T09:48:34.263015
8,408,0.03960033506155014,2026-05-18T09:48:34.323940
8,409,0.027400217950344086,2026-05-18T09:48:34.442396
8,410,0.027596304193139076,2026-05-18T09:48:34.775515
8,411,0.024051912128925323,2026-05-18T09:48:35.047553
8,412,0.029393605887889862,2026-05-18T09:48:35.110195
8,413,0.03355412930250168,2026-05-18T09:48:35.173119
8,414,0.030234359204769135,2026-05-18T09:48:35.642619
8,415,0.03060050494968891,2026-05-18T09:48:35.738074
8,416,0.032224759459495544,2026-05-18T09:48:35.797308
8,417,0.029098235070705414,2026-05-18T09:48:35.954296
8,418,0.03059208393096924,2026-05-18T09:48:36.438733
8,419,0.02658873051404953,2026-05-18T09:48:36.643011
8,420,0.027696574106812477,2026-05-18T09:48:36.702704
8,421,0.028472188860177994,2026-05-18T09:48:36.768489
8,422,0.025162244215607643,2026-05-18T09:48:37.062551
8,423,0.029821107164025307,2026-05-18T09:48:37.413201
8,424,0.024835404008626938,2026-05-18T09:48:37.474477
8,425,0.029273955151438713,2026-05-18T09:48:37.534987
8,426,0.02845168113708496,2026-05-18T09:48:37.756023
8,427,0.033630866557359695,2026-05-18T09:48:38.159725
8,428,0.02659608982503414,2026-05-18T09:48:38.219126
8,429,0.028184348717331886,2026-05-18T09:48:38.283077
8,430,0.02662729285657406,2026-05-18T09:48:38.517890
8,431,0.02815217338502407,2026-05-18T09:48:38.797619
8,432,0.029329929500818253,2026-05-18T09:48:38.857743
8,433,0.02693224512040615,2026-05-18T09:48:38.920460
8,434,0.03499896824359894,2026-05-18T09:48:39.246416
8,435,0.029170112684369087,2026-05-18T09:48:39.314115
8,436,0.02420434169471264,2026-05-18T09:48:39.375330
8,437,0.02610318921506405,2026-05-18T09:48:39.535562
8,438,0.027225572615861893,2026-05-18T09:48:40.085849
8,439,0.02742133103311062,2026-05-18T09:48:40.147886
8,440,0.02689831703901291,2026-05-18T09:48:40.209780
8,441,0.02476305142045021,2026-05-18T09:48:40.299790
8,442,0.028025008738040924,2026-05-18T09:48:40.807078
8,443,0.03157168999314308,2026-05-18T09:48:40.866581
8,444,0.029431527480483055,2026-05-18T09:48:40.928598
8,445,0.025151057168841362,2026-05-18T09:48:41.006308
8,446,0.027658814564347267,2026-05-18T09:48:41.673438
8,447,0.027005232870578766,2026-05-18T09:48:41.734339
8,448,0.03067644126713276,2026-05-18T09:48:41.799843
8,449,0.027627309784293175,2026-05-18T09:48:41.864414
8,450,0.027629824355244637,2026-05-18T09:48:42.470262
8,451,0.029793329536914825,2026-05-18T09:48:42.532587
8,452,0.028257757425308228,2026-05-18T09:48:42.595924
8,453,0.03181677311658859,2026-05-18T09:48:42.661293
8,454,0.028461236506700516,2026-05-18T09:48:43.129595
8,455,0.025684112682938576,2026-05-18T09:48:43.188294
8,456,0.027416972443461418,2026-05-18T09:48:43.248094
8,457,0.028733091428875923,2026-05-18T09:48:43.311262
8,458,0.025610269978642464,2026-05-18T09:48:43.883677
8,459,0.025203319266438484,2026-05-18T09:48:43.945149
8,460,0.023983826860785484,2026-05-18T09:48:44.007471
8,461,0.027750756591558456,2026-05-18T09:48:44.070536
8,462,0.02886582724750042,2026-05-18T09:48:44.659102
8,463,0.02429637499153614,2026-05-18T09:48:44.721574
8,464,0.03220449015498161,2026-05-18T09:48:44.807150
8,465,0.02415577322244644,2026-05-18T09:48:44.867846
8,466,0.02722623012959957,2026-05-18T09:48:45.435892
8,467,0.027434680610895157,2026-05-18T09:48:45.495090
8,468,0.028738247230648994,2026-05-18T09:48:45.557128
8,469,0.033392004668712616,2026-05-18T09:48:45.621531
8,470,0.02887710928916931,2026-05-18T09:48:46.237675
8,471,0.027900472283363342,2026-05-18T09:48:46.301799
8,472,0.02872896008193493,2026-05-18T09:48:46.365755
8,473,0.028530746698379517,2026-05-18T09:48:46.427866
8,474,0.030633175745606422,2026-05-18T09:48:47.243368
8,475,0.029948819428682327,2026-05-18T09:48:47.309033
8,476,0.025804584845900536,2026-05-18T09:48:47.373885
8,477,0.028858935460448265,2026-05-18T09:48:47.437088
8,478,0.02861545979976654,2026-05-18T09:48:47.967615
8,479,0.025499070063233376,2026-05-18T09:48:48.030297
8,480,0.023377109318971634,2026-05-18T09:48:48.092548
8,481,0.026057487353682518,2026-05-18T09:48:48.155439
8,482,0.026246992871165276,2026-05-18T09:48:48.633368
8,483,0.026318319141864777,2026-05-18T09:48:48.693234
8,484,0.026891373097896576,2026-05-18T09:48:48.755756
8,485,0.026065517216920853,2026-05-18T09:48:48.820505
8,486,0.029653672128915787,2026-05-18T09:48:49.356459
8,487,0.027783773839473724,2026-05-18T09:48:49.416162
8,488,0.031214749440550804,2026-05-18T09:48:49.477643
8,489,0.028730593621730804,2026-05-18T09:48:49.539716
8,490,0.025055617094039917,2026-05-18T09:48:50.163098
8,491,0.02647567167878151,2026-05-18T09:48:50.225116
8,492,0.03019760362803936,2026-05-18T09:48:50.288266
8,493,0.02541973441839218,2026-05-18T09:48:50.351383
8,494,0.026902589946985245,2026-05-18T09:48:50.995918
8,495,0.030478009954094887,2026-05-18T09:48:51.057133
8,496,0.027995578944683075,2026-05-18T09:48:51.118416
8,497,0.027217896655201912,2026-05-18T09:48:51.179496
8,498,0.025739487260580063,2026-05-18T09:48:51.621628
8,499,0.027773503214120865,2026-05-18T09:48:51.681225
8,500,0.027446789667010307,2026-05-18T09:48:51.743307
8,501,0.027203269302845,2026-05-18T09:48:51.804477
8,502,0.025645622983574867,2026-05-18T09:48:52.283516
8,503,0.02573527581989765,2026-05-18T09:48:52.345910
8,504,0.027501609176397324,2026-05-18T09:48:52.410260
8,505,0.02764066681265831,2026-05-18T09:48:52.512996
8,506,0.02702178619801998,2026-05-18T09:48:52.975388
8,507,0.02661961130797863,2026-05-18T09:48:53.034958
8,508,0.024409491568803787,2026-05-18T09:48:53.095822
8,509,0.027265070006251335,2026-05-18T09:48:53.187164
8,510,0.0289118941873312,2026-05-18T09:48:53.761980
8,511,0.027030203491449356,2026-05-18T09:48:53.823834
8,512,0.02800663933157921,2026-05-18T09:48:53.888156
8,513,0.02793278731405735,2026-05-18T09:48:54.194890
8,514,0.02597229741513729,2026-05-18T09:48:54.576544
8,515,0.02573489397764206,2026-05-18T09:48:54.637003
8,516,0.02634088695049286,2026-05-18T09:48:54.697868
8,517,0.024761581793427467,2026-05-18T09:48:54.919030
8,518,0.025731345638632774,2026-05-18T09:48:55.257232
8,519,0.027896331623196602,2026-05-18T09:48:55.317536
8,520,0.03155577927827835,2026-05-18T09:48:55.380338
8,521,0.029301799833774567,2026-05-18T09:48:55.791785
8,522,0.0273880772292614,2026-05-18T09:48:56.057592
8,523,0.032259657979011536,2026-05-18T09:48:56.117537
8,524,0.02534102275967598,2026-05-18T09:48:56.179666
8,525,0.026992077007889748,2026-05-18T09:48:56.421839
8,526,0.027180347591638565,2026-05-18T09:48:56.919319
8,527,0.027258701622486115,2026-05-18T09:48:56.982269
8,528,0.02618357539176941,2026-05-18T09:48:57.044146
8,529,0.027721267193555832,2026-05-18T09:48:57.304332
8,530,0.033105846494436264,2026-05-18T09:48:57.657787
8,531,0.024625664576888084,2026-05-18T09:48:57.718279
8,532,0.029041852802038193,2026-05-18T09:48:57.783248
8,533,0.024313487112522125,2026-05-18T09:48:58.455339
8,534,0.027498584240674973,2026-05-18T09:48:58.520051
8,535,0.03266686573624611,2026-05-18T09:48:58.583985
8,536,0.026449410244822502,2026-05-18T09:48:58.648020
8,537,0.0281749926507473,2026-05-18T09:48:59.143265
8,538,0.02678396925330162,2026-05-18T09:48:59.287253
8,539,0.02918880805373192,2026-05-18T09:48:59.348803
8,540,0.0292955469340086,2026-05-18T09:48:59.413878
8,541,0.029542772099375725,2026-05-18T09:49:00.052451
8,542,0.02737223543226719,2026-05-18T09:49:00.128241
8,543,0.030424941331148148,2026-05-18T09:49:00.192480
8,544,0.02763073332607746,2026-05-18T09:49:00.259763
8,545,0.03140789270401001,2026-05-18T09:49:00.758867
8,546,0.02841707319021225,2026-05-18T09:49:00.819037
8,547,0.02946973778307438,2026-05-18T09:49:00.881171
8,548,0.027147673070430756,2026-05-18T09:49:00.944574
8,549,0.024999916553497314,2026-05-18T09:49:01.473715
8,550,0.02719349041581154,2026-05-18T09:49:01.547809
8,551,0.027273913845419884,2026-05-18T09:49:01.607446
8,552,0.03312341496348381,2026-05-18T09:49:01.668961
8,553,0.026979545131325722,2026-05-18T09:49:02.178538
8,554,0.02502666413784027,2026-05-18T09:49:02.271988
8,555,0.029447253793478012,2026-05-18T09:49:02.334654
8,556,0.02777422033250332,2026-05-18T09:49:02.397300
8,557,0.02711237594485283,2026-05-18T09:49:03.058665
8,558,0.027624376118183136,2026-05-18T09:49:03.119084
8,559,0.0269422996789217,2026-05-18T09:49:03.180769
8,560,0.025265073403716087,2026-05-18T09:49:03.242223
8,561,0.029526427388191223,2026-05-18T09:49:03.853134
8,562,0.031610675156116486,2026-05-18T09:49:03.915562
8,563,0.027920564636588097,2026-05-18T09:49:03.980877
8,564,0.028824297711253166,2026-05-18T09:49:04.069732
8,565,0.026992538943886757,2026-05-18T09:49:04.679109
8,566,0.03449710085988045,2026-05-18T09:49:04.740871
8,567,0.026301929727196693,2026-05-18T09:49:04.802037
8,568,0.025186846032738686,2026-05-18T09:49:04.863292
8,569,0.025786975398659706,2026-05-18T09:49:05.470325
8,570,0.02517607808113098,2026-05-18T09:49:05.533138
8,571,0.027326736599206924,2026-05-18T09:49:05.595683
8,572,0.03251064568758011,2026-05-18T09:49:05.658909
8,573,0.03042280673980713,2026-05-18T09:49:06.318667
8,574,0.028693899512290955,2026-05-18T09:49:06.378206
8,575,0.02652125433087349,2026-05-18T09:49:06.437132
8,576,0.02579881064593792,2026-05-18T09:49:06.495063
8,577,0.026129022240638733,2026-05-18T09:49:07.098563
8,578,0.02638947032392025,2026-05-18T09:49:07.158966
8,579,0.028350859880447388,2026-05-18T09:49:07.219558
8,580,0.02653472311794758,2026-05-18T09:49:07.279589
8,581,0.027013026177883148,2026-05-18T09:49:07.913481
8,582,0.030194947496056557,2026-05-18T09:49:07.972502
8,583,0.028167475014925003,2026-05-18T09:49:08.031068
8,584,0.022893084213137627,2026-05-18T09:49:08.090205
8,585,0.02712705172598362,2026-05-18T09:49:08.574758
8,586,0.026006178930401802,2026-05-18T09:49:08.633100
8,587,0.03204827010631561,2026-05-18T09:49:08.691440
8,588,0.027780655771493912,2026-05-18T09:49:08.750550
8,589,0.027483146637678146,2026-05-18T09:49:09.346884
8,590,0.025502916425466537,2026-05-18T09:49:09.408428
8,591,0.0255434587597847,2026-05-18T09:49:09.469956
8,592,0.0295062568038702,2026-05-18T09:49:09.530010
8,593,0.026044391095638275,2026-05-18T09:49:10.080160
8,594,0.030510935932397842,2026-05-18T09:49:10.138020
8,595,0.028396347537636757,2026-05-18T09:49:10.196928
8,596,0.03048156015574932,2026-05-18T09:49:10.256360
8,597,0.027715541422367096,2026-05-18T09:49:10.675624
8,598,0.02494206465780735,2026-05-18T09:49:10.733762
8,599,0.03077455423772335,2026-05-18T09:49:10.793415
8,600,0.03212607651948929,2026-05-18T09:49:10.852797
8,601,0.025882910937070847,2026-05-18T09:49:11.361394
8,602,0.025198636576533318,2026-05-18T09:49:11.419198
8,603,0.028499379754066467,2026-05-18T09:49:11.478188
8,604,0.024931438267230988,2026-05-18T09:49:11.537444
8,605,0.032277919352054596,2026-05-18T09:49:12.179498
8,606,0.02474268153309822,2026-05-18T09:49:12.241013
8,607,0.024118268862366676,2026-05-18T09:49:12.302521
8,608,0.02425556257367134,2026-05-18T09:49:12.365023
8,609,0.027399426326155663,2026-05-18T09:49:12.854928
8,610,0.025177035480737686,2026-05-18T09:49:12.914343
8,611,0.03154574707150459,2026-05-18T09:49:12.974611
8,612,0.027713973075151443,2026-05-18T09:49:13.034992
8,613,0.026562843471765518,2026-05-18T09:49:13.573741
8,614,0.02636747434735298,2026-05-18T09:49:13.659500
8,615,0.029642142355442047,2026-05-18T09:49:13.719865
8,616,0.027200091630220413,2026-05-18T09:49:13.781418
8,617,0.02515633963048458,2026-05-18T09:49:14.414809
8,618,0.03001004084944725,2026-05-18T09:49:14.475897
8,619,0.025325074791908264,2026-05-18T09:49:14.538916
8,620,0.02704286389052868,2026-05-18T09:49:14.600483
8,621,0.026203880086541176,2026-05-18T09:49:15.184813
8,622,0.032360728830099106,2026-05-18T09:49:15.246707
8,623,0.030130093917250633,2026-05-18T09:49:15.308708
8,624,0.02533603087067604,2026-05-18T09:49:15.368232
8,625,0.029474256560206413,2026-05-18T09:49:15.979673
8,626,0.029681475833058357,2026-05-18T09:49:16.041585
8,627,0.02654925175011158,2026-05-18T09:49:16.106781
8,628,0.02270538918673992,2026-05-18T09:49:16.170105
8,629,0.031232822686433792,2026-05-18T09:49:16.807423
8,630,0.02479533664882183,2026-05-18T09:49:16.869607
8,631,0.026867501437664032,2026-05-18T09:49:16.929412
8,632,0.030646461993455887,2026-05-18T09:49:16.992440
8,633,0.025332387536764145,2026-05-18T09:49:17.543029
8,634,0.02809040993452072,2026-05-18T09:49:17.607819
8,635,0.027349965646862984,2026-05-18T09:49:17.668161
8,636,0.027267204597592354,2026-05-18T09:49:17.728781
8,637,0.026262348517775536,2026-05-18T09:49:18.344319
8,638,0.02678499184548855,2026-05-18T09:49:18.407158
8,639,0.033590395003557205,2026-05-18T09:49:18.468727
8,640,0.025846756994724274,2026-05-18T09:49:18.530809
8,641,0.027800757437944412,2026-05-18T09:49:19.059948
8,642,0.026997186243534088,2026-05-18T09:49:19.120332
8,643,0.02548445761203766,2026-05-18T09:49:19.184287
8,644,0.027580630034208298,2026-05-18T09:49:19.243712
8,645,0.026257919147610664,2026-05-18T09:49:19.836627
8,646,0.023874524980783463,2026-05-18T09:49:19.901622
8,647,0.029280873015522957,2026-05-18T09:49:19.963572
8,648,0.02383263036608696,2026-05-18T09:49:20.028091
8,649,0.030181340873241425,2026-05-18T09:49:20.626851
8,650,0.025049997493624687,2026-05-18T09:49:20.688207
8,651,0.030164174735546112,2026-05-18T09:49:20.748494
8,652,0.028433505445718765,2026-05-18T09:49:20.810995
8,653,0.02857765555381775,2026-05-18T09:49:21.300623
8,654,0.025608696043491364,2026-05-18T09:49:21.360236
8,655,0.026368271559476852,2026-05-18T09:49:21.424392
8,656,0.02735378034412861,2026-05-18T09:49:21.485756
8,657,0.028995156288146973,2026-05-18T09:49:22.056628
8,658,0.02463970147073269,2026-05-18T09:49:22.119717
8,659,0.023839006200432777,2026-05-18T09:49:22.182333
8,660,0.02780812233686447,2026-05-18T09:49:22.246481
8,661,0.026266107335686684,2026-05-18T09:49:22.720706
8,662,0.026737341657280922,2026-05-18T09:49:22.795516
8,663,0.028245367109775543,2026-05-18T09:49:22.854830
8,664,0.03578075394034386,2026-05-18T09:49:22.944368
8,665,0.02359769679605961,2026-05-18T09:49:23.568385
8,666,0.031465452164411545,2026-05-18T09:49:23.633575
8,667,0.026614977046847343,2026-05-18T09:49:23.695606
8,668,0.028621038421988487,2026-05-18T09:49:23.759386
8,669,0.02924708090722561,2026-05-18T09:49:24.399677
8,670,0.02616603672504425,2026-05-18T09:49:24.570044
8,671,0.035735052078962326,2026-05-18T09:49:24.631124
8,672,0.024222375825047493,2026-05-18T09:49:24.692776
8,673,0.024029366672039032,2026-05-18T09:49:25.199133
8,674,0.025484835729002953,2026-05-18T09:49:25.403972
8,675,0.026351071894168854,2026-05-18T09:49:25.464147
8,676,0.026813965290784836,2026-05-18T09:49:25.526002
8,677,0.02454739809036255,2026-05-18T09:49:26.071702
8,678,0.03166532516479492,2026-05-18T09:49:26.278312
8,679,0.02775288186967373,2026-05-18T09:49:26.343684
8,680,0.026456758379936218,2026-05-18T09:49:26.406424
8,681,0.028299480676651,2026-05-18T09:49:26.882765
8,682,0.024910898879170418,2026-05-18T09:49:27.097911
8,683,0.027758514508605003,2026-05-18T09:49:27.158544
8,684,0.02885540761053562,2026-05-18T09:49:27.222137
8,685,0.028367118909955025,2026-05-18T09:49:27.856725
8,686,0.027847470715641975,2026-05-18T09:49:27.918733
8,687,0.029063811525702477,2026-05-18T09:49:27.982600
8,688,0.023593373596668243,2026-05-18T09:49:28.045810
8,689,0.026163585484027863,2026-05-18T09:49:28.489928
8,690,0.027299830690026283,2026-05-18T09:49:28.641418
8,691,0.025259526446461678,2026-05-18T09:49:28.701166
8,692,0.02893734537065029,2026-05-18T09:49:28.761801
8,693,0.028682392090559006,2026-05-18T09:49:29.235279
8,694,0.028441296890378,2026-05-18T09:49:29.295993
8,695,0.03421717882156372,2026-05-18T09:49:29.357644
8,696,0.025856364518404007,2026-05-18T09:49:29.418782
8,697,0.024464750662446022,2026-05-18T09:49:30.057641
8,698,0.023694727569818497,2026-05-18T09:49:30.194977
8,699,0.02862999401986599,2026-05-18T09:49:30.257806
8,700,0.030726144090294838,2026-05-18T09:49:30.321074
8,701,0.03156457841396332,2026-05-18T09:49:30.989698
8,702,0.027986185625195503,2026-05-18T09:49:31.052654
8,703,0.027949946001172066,2026-05-18T09:49:31.114810
8,704,0.025356728583574295,2026-05-18T09:49:31.177169
8,705,0.027314404025673866,2026-05-18T09:49:31.760427
8,706,0.025575008243322372,2026-05-18T09:49:31.820343
8,707,0.02718796581029892,2026-05-18T09:49:31.881625
8,708,0.029146680608391762,2026-05-18T09:49:31.942864
8,709,0.027367692440748215,2026-05-18T09:49:32.513864
8,710,0.03105803206562996,2026-05-18T09:49:32.574019
8,711,0.02423219196498394,2026-05-18T09:49:32.637776
8,712,0.03487396985292435,2026-05-18T09:49:32.698605
8,713,0.025913752615451813,2026-05-18T09:49:33.393500
8,714,0.026073187589645386,2026-05-18T09:49:33.482790
8,715,0.027759931981563568,2026-05-18T09:49:33.546214
8,716,0.03095732070505619,2026-05-18T09:49:33.609959
8,717,0.028306953608989716,2026-05-18T09:49:34.238693
8,718,0.031979892402887344,2026-05-18T09:49:34.297928
8,719,0.02476612478494644,2026-05-18T09:49:34.358613
8,720,0.031081533059477806,2026-05-18T09:49:34.424759
8,721,0.026871204376220703,2026-05-18T09:49:35.141918
8,722,0.02526368573307991,2026-05-18T09:49:35.204561
8,723,0.025008153170347214,2026-05-18T09:49:35.266735
8,724,0.025880038738250732,2026-05-18T09:49:35.329151
8,725,0.02851635031402111,2026-05-18T09:49:35.855294
8,726,0.02347552962601185,2026-05-18T09:49:35.915016
8,727,0.023929910734295845,2026-05-18T09:49:35.976171
8,728,0.028972195461392403,2026-05-18T09:49:36.037356
8,729,0.025622723624110222,2026-05-18T09:49:36.662877
8,730,0.028426721692085266,2026-05-18T09:49:36.725985
8,731,0.026855168864130974,2026-05-18T09:49:36.788937
8,732,0.03524893894791603,2026-05-18T09:49:36.852195
8,733,0.02604910545051098,2026-05-18T09:49:37.560304
8,734,0.025438455864787102,2026-05-18T09:49:37.623201
8,735,0.02708631567656994,2026-05-18T09:49:37.684059
8,736,0.02830635942518711,2026-05-18T09:49:37.745249
8,737,0.02567278780043125,2026-05-18T09:49:38.344087
8,738,0.024277610704302788,2026-05-18T09:49:38.408083
8,739,0.028873702511191368,2026-05-18T09:49:38.028440
8,740,0.028310438618063927,2026-05-18T09:49:38.093071
8,741,0.026250610128045082,2026-05-18T09:49:38.726700
8,742,0.029178041964769363,2026-05-18T09:49:38.787138
8,743,0.025693969801068306,2026-05-18T09:49:38.848067
8,744,0.026081042364239693,2026-05-18T09:49:38.908844
8,745,0.030549058690667152,2026-05-18T09:49:39.345509
8,746,0.028153909370303154,2026-05-18T09:49:39.405560
8,747,0.02765853889286518,2026-05-18T09:49:39.467461
8,748,0.025373471900820732,2026-05-18T09:49:39.528368
8,749,0.025672568008303642,2026-05-18T09:49:40.057940
8,750,0.033717602491378784,2026-05-18T09:49:40.119585
8,751,0.028028124943375587,2026-05-18T09:49:40.181375
8,752,0.028198428452014923,2026-05-18T09:49:40.246135
8,753,0.02995246648788452,2026-05-18T09:49:40.740294
8,754,0.03361823409795761,2026-05-18T09:49:40.800188
8,755,0.025736749172210693,2026-05-18T09:49:40.860681
8,756,0.02816823311150074,2026-05-18T09:49:40.922421
8,757,0.029305478557944298,2026-05-18T09:49:41.437384
8,758,0.030255908146500587,2026-05-18T09:49:41.500832
8,759,0.029647350311279297,2026-05-18T09:49:41.564320
8,760,0.025640243664383888,2026-05-18T09:49:41.632345
8,761,0.032764729112386703,2026-05-18T09:49:42.243515
8,762,0.030035942792892456,2026-05-18T09:49:42.304582
8,763,0.024406729266047478,2026-05-18T09:49:42.365597
8,764,0.029066307470202446,2026-05-18T09:49:42.457161
8,765,0.026824407279491425,2026-05-18T09:49:42.992281
8,766,0.03308788314461708,2026-05-18T09:49:43.053076
8,767,0.0280375424772501,2026-05-18T09:49:43.114636
8,768,0.030317557975649834,2026-05-18T09:49:43.176929
8,769,0.02551223151385784,2026-05-18T09:49:43.735353
8,770,0.02338254265487194,2026-05-18T09:49:43.798928
8,771,0.028299182653427124,2026-05-18T09:49:43.859489
8,772,0.02458234503865242,2026-05-18T09:49:44.030867
8,773,0.031211523339152336,2026-05-18T09:49:44.422859
8,774,0.03151336684823036,2026-05-18T09:49:44.739371
8,775,0.029108446091413498,2026-05-18T09:49:44.799558
8,776,0.026533225551247597,2026-05-18T09:49:44.882890
8,777,0.025546975433826447,2026-05-18T09:49:45.304899
8,778,0.024759802967309952,2026-05-18T09:49:45.493703
8,779,0.02861357480287552,2026-05-18T09:49:45.553525
8,780,0.028063897043466568,2026-05-18T09:49:45.656935
8,781,0.023158034309744835,2026-05-18T09:49:46.058440
8,782,0.029100611805915833,2026-05-18T09:49:46.309361
8,783,0.030066974461078644,2026-05-18T09:49:46.372676
8,784,0.03279745578765869,2026-05-18T09:49:46.434568
8,785,0.02782551571726799,2026-05-18T09:49:46.795468
8,786,0.0237407349050045,2026-05-18T09:49:47.207294
8,787,0.029351545497775078,2026-05-18T09:49:47.267152
8,788,0.026858249679207802,2026-05-18T09:49:47.331749
8,789,0.026861215010285378,2026-05-18T09:49:47.518490
8,790,0.02606433629989624,2026-05-18T09:49:48.247958
8,791,0.02537097968161106,2026-05-18T09:49:48.313620
8,792,0.02906104177236557,2026-05-18T09:49:48.376774
8,793,0.02499956637620926,2026-05-18T09:49:48.442953
8,794,0.026399971917271614,2026-05-18T09:49:49.025634
8,795,0.029209507629275322,2026-05-18T09:49:49.086035
8,796,0.02511032298207283,2026-05-18T09:49:49.147777
8,797,0.024274179711937904,2026-05-18T09:49:49.208698
8,798,0.025282137095928192,2026-05-18T09:49:49.715116
8,799,0.024789152666926384,2026-05-18T09:49:49.777773
8,800,0.030251463875174522,2026-05-18T09:49:49.852089
8,801,0.024568436667323112,2026-05-18T09:49:49.995263
8,802,0.031762104481458664,2026-05-18T09:49:50.428946
8,803,0.02537684701383114,2026-05-18T09:49:50.489142
8,804,0.031043587252497673,2026-05-18T09:49:50.573050
8,805,0.026678383350372314,2026-05-18T09:49:50.821756
8,806,0.03276948630809784,2026-05-18T09:49:51.176090
8,807,0.02885608933866024,2026-05-18T09:49:51.236112
8,808,0.030785733833909035,2026-05-18T09:49:51.377186
8,809,0.02684519626200199,2026-05-18T09:49:51.573328
8,810,0.025440504774451256,2026-05-18T09:49:51.874653
8,811,0.032357107847929,2026-05-18T09:49:51.936660
8,812,0.023546429350972176,2026-05-18T09:49:52.154580
8,813,0.026933761313557625,2026-05-18T09:49:52.378340
8,814,0.03471025452017784,2026-05-18T09:49:52.615850
8,815,0.030217168852686882,2026-05-18T09:49:52.678962
8,816,0.02613324299454689,2026-05-18T09:49:52.927717
8,817,0.034085605293512344,2026-05-18T09:49:53.154535
8,818,0.02970741130411625,2026-05-18T09:49:53.247036
8,819,0.02879500761628151,2026-05-18T09:49:53.310210
8,820,0.028912261128425598,2026-05-18T09:49:53.837675
8,821,0.029416518285870552,2026-05-18T09:49:53.897328
8,822,0.029351798817515373,2026-05-18T09:49:54.034633
8,823,0.025479547679424286,2026-05-18T09:49:54.094395
8,824,0.031903497874736786,2026-05-18T09:49:54.660245
8,825,0.026955826207995415,2026-05-18T09:49:54.720630
8,826,0.028701867908239365,2026-05-18T09:49:54.782542
8,827,0.026243014261126518,2026-05-18T09:49:54.847528
8,828,0.024176109582185745,2026-05-18T09:49:55.498244
8,829,0.024934684857726097,2026-05-18T09:49:55.560340
8,830,0.02752338908612728,2026-05-18T09:49:55.623228
8,831,0.025246214121580124,2026-05-18T09:49:55.687015
8,832,0.02501419559121132,2026-05-18T09:49:56.228712
8,833,0.026587778702378273,2026-05-18T09:49:56.289495
8,834,0.027536120265722275,2026-05-18T09:49:56.350323
8,835,0.025577254593372345,2026-05-18T09:49:56.432869
8,836,0.02664051204919815,2026-05-18T09:49:56.956102
8,837,0.0364350788295269,2026-05-18T09:49:57.015837
8,838,0.027334164828062057,2026-05-18T09:49:57.077295
8,839,0.028326086699962616,2026-05-18T09:49:57.139758
8,840,0.028472192585468292,2026-05-18T09:49:57.553337
8,841,0.024957381188869476,2026-05-18T09:49:57.616666
8,842,0.025539781898260117,2026-05-18T09:49:57.677743
8,843,0.026724649593234062,2026-05-18T09:49:57.923417
8,844,0.02600579895079136,2026-05-18T09:49:58.362153
8,845,0.028580164536833763,2026-05-18T09:49:58.437362
8,846,0.028101101517677307,2026-05-18T09:49:58.499628
8,847,0.025014596059918404,2026-05-18T09:49:58.848966
8,848,0.030443159863352776,2026-05-18T09:49:59.263612
8,849,0.02569734677672386,2026-05-18T09:49:59.324594
8,850,0.026549948379397392,2026-05-18T09:49:59.385670
8,851,0.03207206353545189,2026-05-18T09:49:59.622734
8,852,0.02603040263056755,2026-05-18T09:50:00.002854
8,853,0.03323608264327049,2026-05-18T09:50:00.063405
8,854,0.030049819499254227,2026-05-18T09:50:00.124720
8,855,0.026120705530047417,2026-05-18T09:50:00.445940
8,856,0.0306769497692585,2026-05-18T09:50:00.732412
8,857,0.028910227119922638,2026-05-18T09:50:00.792214
8,858,0.024928884580731392,2026-05-18T09:50:00.855189
8,859,0.02612096071243286,2026-05-18T09:50:01.204668
8,860,0.02603801339864731,2026-05-18T09:50:01.513128
8,861,0.027112683281302452,2026-05-18T09:50:01.574067
8,862,0.026485400274395943,2026-05-18T09:50:01.636916
8,863,0.03506334871053696,2026-05-18T09:50:01.969203
8,864,0.026140065863728523,2026-05-18T09:50:02.389502
8,865,0.02880813553929329,2026-05-18T09:50:02.452503
8,866,0.0252689179033041,2026-05-18T09:50:02.513273
8,867,0.026445895433425903,2026-05-18T09:50:02.741163
8,868,0.02515636384487152,2026-05-18T09:50:03.144572
8,869,0.026047712191939354,2026-05-18T09:50:03.205244
8,870,0.028486084192991257,2026-05-18T09:50:03.266439
8,871,0.026332207024097443,2026-05-18T09:50:03.423225
8,872,0.027907012030482292,2026-05-18T09:50:03.879937
8,873,0.031056493520736694,2026-05-18T09:50:03.941829
8,874,0.026025479659438133,2026-05-18T09:50:04.008057
8,875,0.025739720091223717,2026-05-18T09:50:04.236109
8,876,0.025789856910705566,2026-05-18T09:50:04.747676
8,877,0.02817891351878643,2026-05-18T09:50:04.806612
8,878,0.026243537664413452,2026-05-18T09:50:04.867977
8,879,0.02620357647538185,2026-05-18T09:50:05.066250
8,880,0.02474554255604744,2026-05-18T09:50:05.459501
8,881,0.029734963551163673,2026-05-18T09:50:05.521716
8,882,0.02666444145143032,2026-05-18T09:50:05.583534
8,883,0.031669821590185165,2026-05-18T09:50:05.905382
8,884,0.026112573221325874,2026-05-18T09:50:06.336784
8,885,0.02816806361079216,2026-05-18T09:50:06.397339
8,886,0.02782418765127659,2026-05-18T09:50:06.459161
8,887,0.02843860536813736,2026-05-18T09:50:06.630131
8,888,0.026185976341366768,2026-05-18T09:50:07.016923
8,889,0.026020217686891556,2026-05-18T09:50:07.078017
8,890,0.02653791755437851,2026-05-18T09:50:07.139255
8,891,0.027095507830381393,2026-05-18T09:50:07.271600
8,892,0.028223691508173943,2026-05-18T09:50:07.777117
8,893,0.02660699374973774,2026-05-18T09:50:07.839012
8,894,0.026107819750905037,2026-05-18T09:50:07.901920
8,895,0.02862411178648472,2026-05-18T09:50:08.161848
8,896,0.02529565803706646,2026-05-18T09:50:08.564110
8,897,0.03160969540476799,2026-05-18T09:50:08.625273
8,898,0.027913091704249382,2026-05-18T09:50:08.686710
8,899,0.028067350387573242,2026-05-18T09:50:08.843422
8,900,0.02817571349442005,2026-05-18T09:50:09.463130
8,901,0.028913335874676704,2026-05-18T09:50:09.527794
8,902,0.024113059043884277,2026-05-18T09:50:09.590340
8,903,0.025993283838033676,2026-05-18T09:50:09.660735
8,904,0.029215484857559204,2026-05-18T09:50:10.252998
8,905,0.027948876842856407,2026-05-18T09:50:10.313862
8,906,0.024229317903518677,2026-05-18T09:50:10.374742
8,907,0.02542431466281414,2026-05-18T09:50:10.438033
8,908,0.028990646824240685,2026-05-18T09:50:10.967576
8,909,0.02533070184290409,2026-05-18T09:50:11.028285
8,910,0.027150005102157593,2026-05-18T09:50:11.088549
8,911,0.028734706342220306,2026-05-18T09:50:11.153093
8,912,0.026129886507987976,2026-05-18T09:50:11.780844
8,913,0.028772689402103424,2026-05-18T09:50:11.837961
8,914,0.027382487431168556,2026-05-18T09:50:11.920220
8,915,0.028195451945066452,2026-05-18T09:50:11.979689
8,916,0.028369542211294174,2026-05-18T09:50:12.690767
8,917,0.025103557854890823,2026-05-18T09:50:12.750884
8,918,0.030375638976693153,2026-05-18T09:50:12.811546
8,919,0.02472629025578499,2026-05-18T09:50:12.874269
8,920,0.025482485070824623,2026-05-18T09:50:13.430480
8,921,0.027803834527730942,2026-05-18T09:50:13.489520
8,922,0.02634921297430992,2026-05-18T09:50:13.549114
8,923,0.02687779627740383,2026-05-18T09:50:13.609431
8,924,0.029534459114074707,2026-05-18T09:50:14.196477
8,925,0.02376883290708065,2026-05-18T09:50:14.260140
8,926,0.025109855458140373,2026-05-18T09:50:14.323179
8,927,0.023469705134630203,2026-05-18T09:50:14.384924
8,928,0.026013387367129326,2026-05-18T09:50:14.917788
8,929,0.023576728999614716,2026-05-18T09:50:14.976785
8,930,0.02534661628305912,2026-05-18T09:50:15.037873
8,931,0.029957188293337822,2026-05-18T09:50:15.102266
8,932,0.026926500722765923,2026-05-18T09:50:15.686619
8,933,0.026911672204732895,2026-05-18T09:50:15.749886
8,934,0.026703130453824997,2026-05-18T09:50:15.814367
8,935,0.032810043543577194,2026-05-18T09:50:15.877232
8,936,0.029238583520054817,2026-05-18T09:50:16.433002
8,937,0.024171186611056328,2026-05-18T09:50:16.491737
8,938,0.026207193732261658,2026-05-18T09:50:16.552805
8,939,0.02535485103726387,2026-05-18T09:50:16.613273
8,940,0.02881365828216076,2026-05-18T09:50:17.163817
8,941,0.028524456545710564,2026-05-18T09:50:17.224463
8,942,0.025707349181175232,2026-05-18T09:50:17.284750
8,943,0.03025887906551361,2026-05-18T09:50:17.345482
8,944,0.026662908494472504,2026-05-18T09:50:17.914674
8,945,0.028028182685375214,2026-05-18T09:50:17.975706
8,946,0.02870693989098072,2026-05-18T09:50:18.037395
8,947,0.0261860191822052,2026-05-18T09:50:18.098348
8,948,0.0245975311845541,2026-05-18T09:50:18.673731
8,949,0.026240069419145584,2026-05-18T09:50:18.732241
8,950,0.027998970821499825,2026-05-18T09:50:18.791674
8,951,0.03296080604195595,2026-05-18T09:50:18.851950
8,952,0.030155984684824944,2026-05-18T09:50:19.429660
8,953,0.030969690531492233,2026-05-18T09:50:19.494103
8,954,0.032412756234407425,2026-05-18T09:50:19.557750
8,955,0.02799850143492222,2026-05-18T09:50:19.619508
8,956,0.028586972504854202,2026-05-18T09:50:20.161122
8,957,0.032844074070453644,2026-05-18T09:50:20.220663
8,958,0.023756355047225952,2026-05-18T09:50:20.280528
8,959,0.032793689519166946,2026-05-18T09:50:20.340907
8,960,0.030938545241951942,2026-05-18T09:50:20.899618
8,961,0.029037635773420334,2026-05-18T09:50:20.961799
8,962,0.027488665655255318,2026-05-18T09:50:21.024218
8,963,0.025211958214640617,2026-05-18T09:50:21.087312
8,964,0.032015006989240646,2026-05-18T09:50:21.847890
8,965,0.026092972606420517,2026-05-18T09:50:21.917769
8,966,0.023569459095597267,2026-05-18T09:50:21.979182
8,967,0.031467754393815994,2026-05-18T09:50:22.041000
8,968,0.024971377104520798,2026-05-18T09:50:22.774806
8,969,0.026061534881591797,2026-05-18T09:50:22.833551
8,970,0.027504131197929382,2026-05-18T09:50:22.896114
8,971,0.026162022724747658,2026-05-18T09:50:22.956622
8,972,0.029834406450390816,2026-05-18T09:50:23.559569
8,973,0.02361123636364937,2026-05-18T09:50:23.621905
8,974,0.027452951297163963,2026-05-18T09:50:23.685141
8,975,0.02922932803630829,2026-05-18T09:50:23.747830
8,976,0.024998269975185394,2026-05-18T09:50:24.231360
8,977,0.027865558862686157,2026-05-18T09:50:24.289963
8,978,0.029158059507608414,2026-05-18T09:50:24.350228
8,979,0.025502759963274002,2026-05-18T09:50:24.411164
8,980,0.02489733323454857,2026-05-18T09:50:24.958789
8,981,0.024964207783341408,2026-05-18T09:50:25.020072
8,982,0.030739737674593925,2026-05-18T09:50:25.081257
8,983,0.02769625186920166,2026-05-18T09:50:25.141543
8,984,0.02656104974448681,2026-05-18T09:50:25.696096
8,985,0.024518446996808052,2026-05-18T09:50:25.758104
8,986,0.032482631504535675,2026-05-18T09:50:25.820858
8,987,0.02854258194565773,2026-05-18T09:50:25.884521
8,988,0.024156473577022552,2026-05-18T09:50:26.527184
8,989,0.026282278820872307,2026-05-18T09:50:26.587785
8,990,0.031191520392894745,2026-05-18T09:50:26.648975
8,991,0.02654246799647808,2026-05-18T09:50:26.711609
8,992,0.032303135842084885,2026-05-18T09:50:27.435853
8,993,0.028897708281874657,2026-05-18T09:50:27.498622
8,994,0.03045261837542057,2026-05-18T09:50:27.562166
8,995,0.02447851002216339,2026-05-18T09:50:27.627584
8,996,0.029357487335801125,2026-05-18T09:50:28.294276
8,997,0.033526089042425156,2026-05-18T09:50:28.356414
8,998,0.028267299756407738,2026-05-18T09:50:28.419351
8,999,0.029421569779515266,2026-05-18T09:50:28.482376
8,1000,0.02648121491074562,2026-05-18T09:50:29.013188
8,1001,0.02641984447836876,2026-05-18T09:50:29.074621
8,1002,0.030423251911997795,2026-05-18T09:50:29.136040
8,1003,0.027004363015294075,2026-05-18T09:50:29.197968
8,1004,0.03298125043511391,2026-05-18T09:50:29.750110
8,1005,0.026890147477388382,2026-05-18T09:50:29.811020
8,1006,0.031746018677949905,2026-05-18T09:50:29.872474
8,1007,0.026974203065037727,2026-05-18T09:50:29.934175
8,1008,0.02816574089229107,2026-05-18T09:50:30.468951
8,1009,0.025856398046016693,2026-05-18T09:50:30.531804
8,1010,0.03045930340886116,2026-05-18T09:50:30.594666
8,1011,0.0258791521191597,2026-05-18T09:50:30.660293
8,1012,0.027230745181441307,2026-05-18T09:50:31.380540
8,1013,0.029409872367978096,2026-05-18T09:50:31.441837
8,1014,0.028330333530902863,2026-05-18T09:50:31.539439
8,1015,0.02488577924668789,2026-05-18T09:50:31.602114
8,1016,0.026780961081385612,2026-05-18T09:50:32.217278
8,1017,0.028820334002375603,2026-05-18T09:50:32.280842
8,1018,0.023929309099912643,2026-05-18T09:50:32.344890
8,1019,0.027185723185539246,2026-05-18T09:50:32.411307
8,1020,0.03296082466840744,2026-05-18T09:50:32.897855
8,1021,0.02821783907711506,2026-05-18T09:50:32.958708
8,1022,0.027026306837797165,2026-05-18T09:50:33.021680
8,1023,0.03188134357333183,2026-05-18T09:50:33.086906
8,1024,0.023608935996890068,2026-05-18T09:50:33.842575
8,1025,0.02617533691227436,2026-05-18T09:50:33.905641
8,1026,0.026206014677882195,2026-05-18T09:50:33.969900
8,1027,0.02948426641523838,2026-05-18T09:50:34.037772
8,1028,0.030432777479290962,2026-05-18T09:50:34.667968
8,1029,0.02622637152671814,2026-05-18T09:50:34.728151
8,1030,0.02589792013168335,2026-05-18T09:50:34.791021
8,1031,0.030295711010694504,2026-05-18T09:50:34.853003
8,1032,0.030758321285247803,2026-05-18T09:50:35.487104
8,1033,0.03176085650920868,2026-05-18T09:50:35.547052
8,1034,0.028202813118696213,2026-05-18T09:50:35.608895
8,1035,0.025210993364453316,2026-05-18T09:50:35.670468
8,1036,0.02631406858563423,2026-05-18T09:50:36.307647
8,1037,0.024276379495859146,2026-05-18T09:50:36.372484
8,1038,0.02811661921441555,2026-05-18T09:50:36.436763
8,1039,0.027570413425564766,2026-05-18T09:50:36.500528
8,1040,0.02961093746125698,2026-05-18T09:50:37.049285
8,1041,0.028921956196427345,2026-05-18T09:50:37.111206
8,1042,0.02377799153327942,2026-05-18T09:50:37.179959
8,1043,0.02775104157626629,2026-05-18T09:50:37.242699
8,1044,0.024712910875678062,2026-05-18T09:50:37.968676
8,1045,0.026148615404963493,2026-05-18T09:50:38.034085
8,1046,0.02756505087018013,2026-05-18T09:50:38.098185
8,1047,0.023791857063770294,2026-05-18T09:50:38.162609
8,1048,0.027714384719729424,2026-05-18T09:50:38.823419
8,1049,0.02690799906849861,2026-05-18T09:50:38.886446
8,1050,0.026759780943393707,2026-05-18T09:50:38.952574
8,1051,0.03150193393230438,2026-05-18T09:50:39.016461
8,1052,0.03234707936644554,2026-05-18T09:50:39.608018
8,1053,0.027083583176136017,2026-05-18T09:50:39.668530
8,1054,0.029053734615445137,2026-05-18T09:50:39.731329
8,1055,0.02841363102197647,2026-05-18T09:50:39.795102
8,1056,0.02619044855237007,2026-05-18T09:50:40.275969
8,1057,0.030290883034467697,2026-05-18T09:50:40.336878
8,1058,0.027927320450544357,2026-05-18T09:50:40.399549
8,1059,0.02686605043709278,2026-05-18T09:50:40.461404
8,1060,0.0281654205173254,2026-05-18T09:50:40.884809
8,1061,0.02503635734319687,2026-05-18T09:50:40.945494
8,1062,0.026557911187410355,2026-05-18T09:50:41.008747
8,1063,0.027161428704857826,2026-05-18T09:50:41.070458
8,1064,0.025995397940278053,2026-05-18T09:50:41.557593
8,1065,0.02770049497485161,2026-05-18T09:50:41.620793
8,1066,0.027988458052277565,2026-05-18T09:50:41.685330
8,1067,0.023492809385061264,2026-05-18T09:50:41.749115
8,1068,0.02543521299958229,2026-05-18T09:50:42.403090
8,1069,0.026127105578780174,2026-05-18T09:50:42.466326
8,1070,0.026747064664959908,2026-05-18T09:50:42.527769
8,1071,0.03254818171262741,2026-05-18T09:50:42.590493
8,1072,0.028252309188246727,2026-05-18T09:50:43.196588
8,1073,0.028760822489857674,2026-05-18T09:50:43.279671
8,1074,0.025878198444843292,2026-05-18T09:50:43.339409
8,1075,0.03327156975865364,2026-05-18T09:50:43.400189
8,1076,0.028580550104379654,2026-05-18T09:50:43.948999
8,1077,0.029679764062166214,2026-05-18T09:50:44.078720
8,1078,0.02460099197924137,2026-05-18T09:50:44.136764
8,1079,0.028375305235385895,2026-05-18T09:50:44.196269
8,1080,0.027257345616817474,2026-05-18T09:50:44.577198
8,1081,0.030753113329410553,2026-05-18T09:50:44.909428
8,1082,0.030559847131371498,2026-05-18T09:50:44.967566
8,1083,0.02667238563299179,2026-05-18T09:50:45.026196
8,1084,0.028331002220511436,2026-05-18T09:50:45.284886
8,1085,0.025777660310268402,2026-05-18T09:50:45.670132
8,1086,0.0262982789427042,2026-05-18T09:50:45.728764
8,1087,0.029396453872323036,2026-05-18T09:50:45.788205
8,1088,0.02926556020975113,2026-05-18T09:50:45.885443
8,1089,0.02443946711719036,2026-05-18T09:50:46.369795
8,1090,0.025143958628177643,2026-05-18T09:50:46.427857
8,1091,0.02395501732826233,2026-05-18T09:50:46.488362
8,1092,0.029358334839344025,2026-05-18T09:50:46.717490
8,1093,0.02527434192597866,2026-05-18T09:50:47.214161
8,1094,0.031132707372307777,2026-05-18T09:50:47.273819
8,1095,0.02437451295554638,2026-05-18T09:50:47.338050
8,1096,0.03087036870419979,2026-05-18T09:50:47.398783
8,1097,0.02296598255634308,2026-05-18T09:50:48.056208
8,1098,0.025850331410765648,2026-05-18T09:50:48.119312
8,1099,0.026432588696479797,2026-05-18T09:50:48.182152
8,1100,0.024417605251073837,2026-05-18T09:50:48.247026
8,1101,0.026723431423306465,2026-05-18T09:50:49.090278
8,1102,0.024102985858917236,2026-05-18T09:50:49.152687
8,1103,0.02593429945409298,2026-05-18T09:50:49.215513
8,1104,0.028144050389528275,2026-05-18T09:50:49.279665
8,1105,0.02945835143327713,2026-05-18T09:50:49.886714
8,1106,0.024237459525465965,2026-05-18T09:50:49.947729
8,1107,0.032495561987161636,2026-05-18T09:50:50.008722
8,1108,0.027240432798862457,2026-05-18T09:50:50.071597
8,1109,0.02995041199028492,2026-05-18T09:50:50.611813
8,1110,0.030434109270572662,2026-05-18T09:50:50.676214
8,1111,0.027367141097784042,2026-05-18T09:50:50.739164
8,1112,0.024814285337924957,2026-05-18T09:50:50.803291
8,1113,0.025361336767673492,2026-05-18T09:50:51.436648
8,1114,0.027491716668009758,2026-05-18T09:50:51.537605
8,1115,0.031824834644794464,2026-05-18T09:50:51.600004
8,1116,0.02605547569692135,2026-05-18T09:50:51.663268
8,1117,0.02604571171104908,2026-05-18T09:50:52.165432
8,1118,0.02852538414299488,2026-05-18T09:50:52.227016
8,1119,0.030029505491256714,2026-05-18T09:50:52.288951
8,1120,0.029172899201512337,2026-05-18T09:50:52.351936
8,1121,0.02690456248819828,2026-05-18T09:50:52.949432
8,1122,0.031766317784786224,2026-05-18T09:50:53.012650
8,1123,0.029775060713291168,2026-05-18T09:50:53.077462
8,1124,0.02742997370660305,2026-05-18T09:50:53.140714
8,1125,0.02896125242114067,2026-05-18T09:50:53.870016
8,1126,0.02959207445383072,2026-05-18T09:50:53.932595
8,1127,0.03386390581727028,2026-05-18T09:50:53.997227
8,1128,0.026464693248271942,2026-05-18T09:50:54.061070
8,1129,0.02682008035480976,2026-05-18T09:50:54.769196
8,1130,0.0254345890134573,2026-05-18T09:50:54.828180
8,1131,0.02878066897392273,2026-05-18T09:50:54.890408
8,1132,0.02671213075518608,2026-05-18T09:50:54.952723
8,1133,0.02956678718328476,2026-05-18T09:50:55.524880
8,1134,0.035980015993118286,2026-05-18T09:50:55.585907
8,1135,0.032161034643650055,2026-05-18T09:50:55.648115
8,1136,0.028800465166568756,2026-05-18T09:50:55.711209
8,1137,0.025504929944872856,2026-05-18T09:50:56.362137
8,1138,0.031232494860887527,2026-05-18T09:50:56.426040
8,1139,0.028301827609539032,2026-05-18T09:50:56.489184
8,1140,0.02813911810517311,2026-05-18T09:50:56.562380
8,1141,0.030102066695690155,2026-05-18T09:50:57.103990
8,1142,0.031901005655527115,2026-05-18T09:50:57.164371
8,1143,0.026332685723900795,2026-05-18T09:50:57.224874
8,1144,0.02669292315840721,2026-05-18T09:50:57.286595
8,1145,0.02382415160536766,2026-05-18T09:50:57.844471
8,1146,0.03132614120841026,2026-05-18T09:50:57.904887
8,1147,0.023863304406404495,2026-05-18T09:50:57.965633
9,0,0.027070580050349236,2026-05-18T09:51:02.321153
9,1,0.024820849299430847,2026-05-18T09:51:02.472335
9,2,0.027515839785337448,2026-05-18T09:51:02.570623
9,3,0.0260325837880373,2026-05-18T09:51:02.665007
9,4,0.024896712973713875,2026-05-18T09:51:02.897453
9,5,0.030833091586828232,2026-05-18T09:51:02.961820
9,6,0.025631066411733627,2026-05-18T09:51:03.024050
9,7,0.028504986315965652,2026-05-18T09:51:03.086416
9,8,0.026702988892793655,2026-05-18T09:51:03.474151
9,9,0.031437817960977554,2026-05-18T09:51:03.558274
9,10,0.029592592269182205,2026-05-18T09:51:03.761592
9,11,0.027152536436915398,2026-05-18T09:51:03.821931
9,12,0.027944808825850487,2026-05-18T09:51:04.236549
9,13,0.028478747233748436,2026-05-18T09:51:04.297149
9,14,0.026164039969444275,2026-05-18T09:51:04.451127
9,15,0.025856738910079002,2026-05-18T09:51:04.512491
9,16,0.026405874639749527,2026-05-18T09:51:04.941690
9,17,0.026976797729730606,2026-05-18T09:51:05.002856
9,18,0.03119385987520218,2026-05-18T09:51:05.176071
9,19,0.029254354536533356,2026-05-18T09:51:05.236633
9,20,0.0329827144742012,2026-05-18T09:51:05.670178
9,21,0.024648867547512054,2026-05-18T09:51:05.733660
9,22,0.028046881780028343,2026-05-18T09:51:05.801237
9,23,0.027373390272259712,2026-05-18T09:51:05.865116
9,24,0.02716010995209217,2026-05-18T09:51:06.445244
9,25,0.02497611567378044,2026-05-18T09:51:06.506372
9,26,0.031680766493082047,2026-05-18T09:51:06.568772
9,27,0.028771474957466125,2026-05-18T09:51:06.630222
9,28,0.025493480265140533,2026-05-18T09:51:07.013067
9,29,0.03150656819343567,2026-05-18T09:51:07.073711
9,30,0.027887064963579178,2026-05-18T09:51:07.134863
9,31,0.025323282927274704,2026-05-18T09:51:07.197276
9,32,0.024695536121726036,2026-05-18T09:51:07.709667
9,33,0.03035321831703186,2026-05-18T09:51:07.772922
9,34,0.028443092480301857,2026-05-18T09:51:07.837521
9,35,0.030447792261838913,2026-05-18T09:51:07.900593
9,36,0.030871763825416565,2026-05-18T09:51:08.358337
9,37,0.0308847613632679,2026-05-18T09:51:08.419229
9,38,0.027446459978818893,2026-05-18T09:51:08.627436
9,39,0.02761763148009777,2026-05-18T09:51:08.689437
9,40,0.025355882942676544,2026-05-18T09:51:09.061281
9,41,0.027666280046105385,2026-05-18T09:51:09.124256
9,42,0.025674201548099518,2026-05-18T09:51:09.312977
9,43,0.03213052824139595,2026-05-18T09:51:09.373515
9,44,0.02410438098013401,2026-05-18T09:51:09.789356
9,45,0.024785315617918968,2026-05-18T09:51:09.851404
9,46,0.024798372760415077,2026-05-18T09:51:10.000170
9,47,0.026416605338454247,2026-05-18T09:51:10.060377
9,48,0.025918811559677124,2026-05-18T09:51:10.388692
9,49,0.02567887306213379,2026-05-18T09:51:10.514705
9,50,0.03027784824371338,2026-05-18T09:51:10.720249
9,51,0.027728639543056488,2026-05-18T09:51:10.781128
9,52,0.03400443494319916,2026-05-18T09:51:10.991735
9,53,0.02695447765290737,2026-05-18T09:51:11.202637
9,54,0.025909170508384705,2026-05-18T09:51:11.445615
9,55,0.027864601463079453,2026-05-18T09:51:11.506927
9,56,0.033066943287849426,2026-05-18T09:51:11.572348
9,57,0.028060490265488625,2026-05-18T09:51:11.891017
9,58,0.024958042427897453,2026-05-18T09:51:12.229916
9,59,0.023608742281794548,2026-05-18T09:51:12.290588
9,60,0.026824230328202248,2026-05-18T09:51:12.353339
9,61,0.027532868087291718,2026-05-18T09:51:12.552681
9,62,0.028468219563364983,2026-05-18T09:51:12.827777
9,63,0.031255997717380524,2026-05-18T09:51:12.889376
9,64,0.02588043175637722,2026-05-18T09:51:12.996794
9,65,0.02549438551068306,2026-05-18T09:51:13.282519
9,66,0.031354133039712906,2026-05-18T09:51:13.488111
9,67,0.029204893857240677,2026-05-18T09:51:13.548491
9,68,0.029954737052321434,2026-05-18T09:51:13.701694
9,69,0.028781570494174957,2026-05-18T09:51:13.964755
9,70,0.02607843466103077,2026-05-18T09:51:14.278161
9,71,0.027247050777077675,2026-05-18T09:51:14.339908
9,72,0.03155365586280823,2026-05-18T09:51:14.403835
9,73,0.026729300618171692,2026-05-18T09:51:14.745404
9,74,0.02582242153584957,2026-05-18T09:51:14.978074
9,75,0.027438238263130188,2026-05-18T09:51:15.038876
9,76,0.029167771339416504,2026-05-18T09:51:15.144469
9,77,0.028296519070863724,2026-05-18T09:51:15.355654
9,78,0.026079289615154266,2026-05-18T09:51:15.555543
9,79,0.029473064467310905,2026-05-18T09:51:15.616483
9,80,0.026287691667675972,2026-05-18T09:51:15.747770
9,81,0.03306882083415985,2026-05-18T09:51:15.990894
9,82,0.028060629963874817,2026-05-18T09:51:16.155223
9,83,0.02706891857087612,2026-05-18T09:51:16.213237
9,84,0.029731107875704765,2026-05-18T09:51:16.329040
9,85,0.02637915126979351,2026-05-18T09:51:16.636477
9,86,0.029162172228097916,2026-05-18T09:51:16.905567
9,87,0.028556695207953453,2026-05-18T09:51:16.962222
9,88,0.024079065769910812,2026-05-18T09:51:17.020314
9,89,0.02987249568104744,2026-05-18T09:51:17.423959
9,90,0.027558276429772377,2026-05-18T09:51:17.550932
9,91,0.028224222362041473,2026-05-18T09:51:17.610354
9,92,0.02780323289334774,2026-05-18T09:51:17.670472
9,93,0.02889849990606308,2026-05-18T09:51:18.152185
9,94,0.025452835485339165,2026-05-18T09:51:18.210536
9,95,0.026764044538140297,2026-05-18T09:51:18.272500
9,96,0.024245858192443848,2026-05-18T09:51:18.333881
9,97,0.02560257911682129,2026-05-18T09:51:18.849327
9,98,0.02762499451637268,2026-05-18T09:51:18.907495
9,99,0.02624397724866867,2026-05-18T09:51:18.970668
9,100,0.02806812897324562,2026-05-18T09:51:19.032355
9,101,0.03394549340009689,2026-05-18T09:51:19.482945
9,102,0.02471894584596157,2026-05-18T09:51:19.545404
9,103,0.026565345004200935,2026-05-18T09:51:19.612482
9,104,0.026300111785531044,2026-05-18T09:51:19.675185
9,105,0.024122532457113266,2026-05-18T09:51:20.167205
9,106,0.031807154417037964,2026-05-18T09:51:20.303505
9,107,0.0256452988833189,2026-05-18T09:51:20.365858
9,108,0.02749967761337757,2026-05-18T09:51:20.428349
9,109,0.025496533140540123,2026-05-18T09:51:20.740869
9,110,0.02891376055777073,2026-05-18T09:51:20.880105
9,111,0.0327322743833065,2026-05-18T09:51:20.939862
9,112,0.024427348747849464,2026-05-18T09:51:21.002188
9,113,0.027529636397957802,2026-05-18T09:51:21.421176
9,114,0.024885842576622963,2026-05-18T09:51:21.550209
9,115,0.025865674018859863,2026-05-18T09:51:21.609893
9,116,0.024815652519464493,2026-05-18T09:51:21.699257
9,117,0.0258412417024374,2026-05-18T09:51:22.084572
9,118,0.030800243839621544,2026-05-18T09:51:22.195158
9,119,0.03388834372162819,2026-05-18T09:51:22.256253
9,120,0.024779457598924637,2026-05-18T09:51:22.320392
9,121,0.027575694024562836,2026-05-18T09:51:22.861342
9,122,0.028280392289161682,2026-05-18T09:51:22.924131
9,123,0.029541904106736183,2026-05-18T09:51:22.986638
9,124,0.02608678862452507,2026-05-18T09:51:23.051669
9,125,0.03031473606824875,2026-05-18T09:51:23.512899
9,126,0.02519695647060871,2026-05-18T09:51:23.573128
9,127,0.027312126010656357,2026-05-18T09:51:23.635260
9,128,0.026060478761792183,2026-05-18T09:51:23.697250
9,129,0.02830057591199875,2026-05-18T09:51:24.246870
9,130,0.027545331045985222,2026-05-18T09:51:24.309537
9,131,0.027006419375538826,2026-05-18T09:51:24.373780
9,132,0.027543125674128532,2026-05-18T09:51:24.436610
9,133,0.02989213727414608,2026-05-18T09:51:24.937286
9,134,0.027545265853405,2026-05-18T09:51:25.000131
9,135,0.02923736162483692,2026-05-18T09:51:25.062528
9,136,0.024605317041277885,2026-05-18T09:51:25.125572
9,137,0.024312112480401993,2026-05-18T09:51:25.723256
9,138,0.027593158185482025,2026-05-18T09:51:25.787418
9,139,0.02865368127822876,2026-05-18T09:51:25.849753
9,140,0.027179408818483353,2026-05-18T09:51:25.913554
9,141,0.028199493885040283,2026-05-18T09:51:26.391807
9,142,0.02671711891889572,2026-05-18T09:51:26.450729
9,143,0.029179848730564117,2026-05-18T09:51:26.512926
9,144,0.02762341871857643,2026-05-18T09:51:26.577056
9,145,0.027928711846470833,2026-05-18T09:51:27.080981
9,146,0.025473954156041145,2026-05-18T09:51:27.141480
9,147,0.03449168801307678,2026-05-18T09:51:27.203682
9,148,0.030827775597572327,2026-05-18T09:51:27.267290
9,149,0.02763928472995758,2026-05-18T09:51:27.806938
9,150,0.02916305512189865,2026-05-18T09:51:27.867010
9,151,0.02553883008658886,2026-05-18T09:51:27.928908
9,152,0.02344685047864914,2026-05-18T09:51:27.990426
9,153,0.027733372524380684,2026-05-18T09:51:28.582794
9,154,0.03138475492596626,2026-05-18T09:51:28.642623
9,155,0.02822881191968918,2026-05-18T09:51:28.705072
9,156,0.024965353310108185,2026-05-18T09:51:28.766926
9,157,0.02755454182624817,2026-05-18T09:51:29.196740
9,158,0.029169676825404167,2026-05-18T09:51:29.258668
9,159,0.02580399066209793,2026-05-18T09:51:29.320928
9,160,0.026752116158604622,2026-05-18T09:51:29.382996
9,161,0.025014739483594894,2026-05-18T09:51:29.952316
9,162,0.024483075365424156,2026-05-18T09:51:30.011934
9,163,0.028222493827342987,2026-05-18T09:51:30.074453
9,164,0.027813784778118134,2026-05-18T09:51:30.138469
9,165,0.027234645560383797,2026-05-18T09:51:30.704599
9,166,0.02959718182682991,2026-05-18T09:51:30.795550
9,167,0.029615702107548714,2026-05-18T09:51:30.858826
9,168,0.028346575796604156,2026-05-18T09:51:30.923765
9,169,0.025832654908299446,2026-05-18T09:51:31.373936
9,170,0.026634272187948227,2026-05-18T09:51:31.434352
9,171,0.02892220765352249,2026-05-18T09:51:31.500166
9,172,0.029783548787236214,2026-05-18T09:51:31.561771
9,173,0.027229690924286842,2026-05-18T09:51:32.173336
9,174,0.02526029944419861,2026-05-18T09:51:32.235553
9,175,0.02678694576025009,2026-05-18T09:51:32.299151
9,176,0.028066975995898247,2026-05-18T09:51:32.361706
9,177,0.02849356085062027,2026-05-18T09:51:32.821439
9,178,0.027321670204401016,2026-05-18T09:51:32.880769
9,179,0.025615308433771133,2026-05-18T09:51:32.942941
9,180,0.024562690407037735,2026-05-18T09:51:33.004360
9,181,0.024987125769257545,2026-05-18T09:51:33.517071
9,182,0.0272015742957592,2026-05-18T09:51:33.580440
9,183,0.02976943925023079,2026-05-18T09:51:33.645096
9,184,0.035804323852062225,2026-05-18T09:51:33.710760
9,185,0.025534916669130325,2026-05-18T09:51:34.263665
9,186,0.027778076007962227,2026-05-18T09:51:34.326729
9,187,0.02786329761147499,2026-05-18T09:51:34.391682
9,188,0.026585528627038002,2026-05-18T09:51:34.455637
9,189,0.026672063395380974,2026-05-18T09:51:34.908800
9,190,0.022864820435643196,2026-05-18T09:51:34.970310
9,191,0.02544715255498886,2026-05-18T09:51:35.033118
9,192,0.023919180035591125,2026-05-18T09:51:35.095581
9,193,0.027963971719145775,2026-05-18T09:51:35.579564
9,194,0.02713589370250702,2026-05-18T09:51:35.641983
9,195,0.02760889194905758,2026-05-18T09:51:35.707062
9,196,0.03331165760755539,2026-05-18T09:51:35.771269
9,197,0.027525825425982475,2026-05-18T09:51:36.189423
9,198,0.027714742347598076,2026-05-18T09:51:36.249812
9,199,0.024314118549227715,2026-05-18T09:51:36.313197
9,200,0.02587808296084404,2026-05-18T09:51:36.375808
9,201,0.026290707290172577,2026-05-18T09:51:36.891837
9,202,0.02467735856771469,2026-05-18T09:51:36.953964
9,203,0.02392754890024662,2026-05-18T09:51:37.016953
9,204,0.02601831965148449,2026-05-18T09:51:37.084340
9,205,0.02392289973795414,2026-05-18T09:51:37.594064
9,206,0.028231391683220863,2026-05-18T09:51:37.653751
9,207,0.026089001446962357,2026-05-18T09:51:37.716549
9,208,0.027446622028946877,2026-05-18T09:51:37.781280
9,209,0.024109425023198128,2026-05-18T09:51:38.304858
9,210,0.02379351109266281,2026-05-18T09:51:38.366795
9,211,0.025161786004900932,2026-05-18T09:51:38.429543
9,212,0.026702146977186203,2026-05-18T09:51:38.492181
9,213,0.0255301333963871,2026-05-18T09:51:39.033493
9,214,0.028468620032072067,2026-05-18T09:51:39.095291
9,215,0.0349087193608284,2026-05-18T09:51:39.157329
9,216,0.03806796669960022,2026-05-18T09:51:39.245390
9,217,0.02716882899403572,2026-05-18T09:51:39.638442
9,218,0.025869594886898994,2026-05-18T09:51:39.703360
9,219,0.02532051131129265,2026-05-18T09:51:39.766299
9,220,0.024058690294623375,2026-05-18T09:51:39.828406
9,221,0.028519434854388237,2026-05-18T09:51:40.307831
9,222,0.025960149243474007,2026-05-18T09:51:40.368359
9,223,0.0263596773147583,2026-05-18T09:51:40.431034
9,224,0.027863286435604095,2026-05-18T09:51:40.493829
9,225,0.030309287831187248,2026-05-18T09:51:41.096385
9,226,0.0339653454720974,2026-05-18T09:51:41.156633
9,227,0.02605312503874302,2026-05-18T09:51:41.220080
9,228,0.02851463109254837,2026-05-18T09:51:41.282963
9,229,0.026273708790540695,2026-05-18T09:51:41.781075
9,230,0.0255693681538105,2026-05-18T09:51:41.841092
9,231,0.025445232167840004,2026-05-18T09:51:41.903970
9,232,0.027667324990034103,2026-05-18T09:51:41.967282
9,233,0.024983854964375496,2026-05-18T09:51:42.437491
9,234,0.027201907709240913,2026-05-18T09:51:42.499180
9,235,0.027412142604589462,2026-05-18T09:51:42.562072
9,236,0.030191965401172638,2026-05-18T09:51:42.624433
9,237,0.02532208524644375,2026-05-18T09:51:43.139901
9,238,0.027764879167079926,2026-05-18T09:51:43.201567
9,239,0.027139810845255852,2026-05-18T09:51:43.264172
9,240,0.025398341938853264,2026-05-18T09:51:43.327066
9,241,0.03054596111178398,2026-05-18T09:51:43.767912
9,242,0.02535065822303295,2026-05-18T09:51:43.828253
9,243,0.0283008124679327,2026-05-18T09:51:43.890175
9,244,0.02774069458246231,2026-05-18T09:51:43.953049
9,245,0.025325264781713486,2026-05-18T09:51:44.485890
9,246,0.024968760088086128,2026-05-18T09:51:44.551238
9,247,0.03181489184498787,2026-05-18T09:51:44.615910
9,248,0.0303815808147192,2026-05-18T09:51:44.678363
9,249,0.03032482974231243,2026-05-18T09:51:45.229436
9,250,0.030547646805644035,2026-05-18T09:51:45.282195
9,251,0.030136464163661003,2026-05-18T09:51:45.345091
9,252,0.02672761306166649,2026-05-18T09:51:45.410037
9,253,0.02591925673186779,2026-05-18T09:51:46.001343
9,254,0.026238203048706055,2026-05-18T09:51:46.061511
9,255,0.02874944731593132,2026-05-18T09:51:46.123138
9,256,0.03335782140493393,2026-05-18T09:51:46.184999
9,257,0.031719695776700974,2026-05-18T09:51:46.772227
9,258,0.027917569503188133,2026-05-18T09:51:46.832940
9,259,0.026906711980700493,2026-05-18T09:51:46.895724
9,260,0.026592722162604332,2026-05-18T09:51:46.959163
9,261,0.02616155706346035,2026-05-18T09:51:47.422321
9,262,0.02705410309135914,2026-05-18T09:51:47.482606
9,263,0.027315625920891762,2026-05-18T09:51:47.544302
9,264,0.029059678316116333,2026-05-18T09:51:47.605720
9,265,0.026952676475048065,2026-05-18T09:51:47.710689
9,266,0.02990558184683323,2026-05-18T09:51:47.798568
9,267,0.02861669845879078,2026-05-18T09:51:47.860328
9,268,0.026475120335817337,2026-05-18T09:51:47.922624
9,269,0.030392758548259735,2026-05-18T09:51:48.616806
9,270,0.028559749945998192,2026-05-18T09:51:48.679766
9,271,0.026990391314029694,2026-05-18T09:51:48.742402
9,272,0.026028836145997047,2026-05-18T09:51:48.806778
9,273,0.030546043068170547,2026-05-18T09:51:49.228640
9,274,0.026356874033808708,2026-05-18T09:51:49.292351
9,275,0.026232464239001274,2026-05-18T09:51:49.353635
9,276,0.025955483317375183,2026-05-18T09:51:49.417744
9,277,0.026123251765966415,2026-05-18T09:51:50.011575
9,278,0.026734255254268646,2026-05-18T09:51:50.075189
9,279,0.03135208785533905,2026-05-18T09:51:50.139195
9,280,0.028109747916460037,2026-05-18T09:51:50.202501
9,281,0.028092294931411743,2026-05-18T09:51:50.708266
9,282,0.029136087745428085,2026-05-18T09:51:50.769146
9,283,0.027821118012070656,2026-05-18T09:51:50.832308
9,284,0.023549344390630722,2026-05-18T09:51:50.896466
9,285,0.027177924290299416,2026-05-18T09:51:51.358630
9,286,0.025986844673752785,2026-05-18T09:51:51.418433
9,287,0.0316438153386116,2026-05-18T09:51:51.480624
9,288,0.031994130462408066,2026-05-18T09:51:51.546477
9,289,0.02828572504222393,2026-05-18T09:51:52.018413
9,290,0.025804931297898293,2026-05-18T09:51:52.084053
9,291,0.02425694838166237,2026-05-18T09:51:52.147972
9,292,0.025588851422071457,2026-05-18T09:51:52.214920
9,293,0.029520465061068535,2026-05-18T09:51:52.651279
9,294,0.025385433807969093,2026-05-18T09:51:52.711847
9,295,0.028312835842370987,2026-05-18T09:51:52.773820
9,296,0.02649012766778469,2026-05-18T09:51:52.836146
9,297,0.02868417277932167,2026-05-18T09:51:53.467139
9,298,0.027585934847593307,2026-05-18T09:51:53.530506
9,299,0.02486385963857174,2026-05-18T09:51:53.593522
9,300,0.029111603274941444,2026-05-18T09:51:53.657046
9,301,0.02682151086628437,2026-05-18T09:51:54.218325
9,302,0.02687443420290947,2026-05-18T09:51:54.283315
9,303,0.024845246225595474,2026-05-18T09:51:54.344947
9,304,0.03202507644891739,2026-05-18T09:51:54.407459
9,305,0.026291554793715477,2026-05-18T09:51:55.088144
9,306,0.025272807106375694,2026-05-18T09:51:55.150337
9,307,0.02779279462993145,2026-05-18T09:51:55.213577
9,308,0.02747989445924759,2026-05-18T09:51:55.277782
9,309,0.024045486003160477,2026-05-18T09:51:55.758212
9,310,0.028036195784807205,2026-05-18T09:51:55.818370
9,311,0.0273777786642313,2026-05-18T09:51:55.883903
9,312,0.033302489668130875,2026-05-18T09:51:55.946004
9,313,0.027560928836464882,2026-05-18T09:51:56.513437
9,314,0.030036427080631256,2026-05-18T09:51:56.578061
9,315,0.031063416972756386,2026-05-18T09:51:56.642461
9,316,0.025359787046909332,2026-05-18T09:51:56.737870
9,317,0.025077495723962784,2026-05-18T09:51:57.377626
9,318,0.029832420870661736,2026-05-18T09:51:57.440657
9,319,0.026086589321494102,2026-05-18T09:51:57.505094
9,320,0.029067127034068108,2026-05-18T09:51:57.568565
9,321,0.031406231224536896,2026-05-18T09:51:58.064281
9,322,0.027319712564349174,2026-05-18T09:51:58.125263
9,323,0.029227405786514282,2026-05-18T09:51:58.191102
9,324,0.025780636817216873,2026-05-18T09:51:58.254569
9,325,0.032062504440546036,2026-05-18T09:51:58.598771
9,326,0.025980308651924133,2026-05-18T09:51:58.661038
9,327,0.027546867728233337,2026-05-18T09:51:58.724089
9,328,0.028544021770358086,2026-05-18T09:51:58.788133
9,329,0.02997998520731926,2026-05-18T09:51:59.276023
9,330,0.028350165113806725,2026-05-18T09:51:59.336772
9,331,0.03014000691473484,2026-05-18T09:51:59.400200
9,332,0.025453200563788414,2026-05-18T09:51:59.463360
9,333,0.025238001719117165,2026-05-18T09:51:59.913250
9,334,0.024527592584490776,2026-05-18T09:51:59.975533
9,335,0.026567863300442696,2026-05-18T09:52:00.041967
9,336,0.025223882868885994,2026-05-18T09:52:00.106666
9,337,0.024996178224682808,2026-05-18T09:52:00.772168
9,338,0.030465496703982353,2026-05-18T09:52:00.835721
9,339,0.025353480130434036,2026-05-18T09:52:00.898763
9,340,0.029363662004470825,2026-05-18T09:52:00.965436
9,341,0.0267159603536129,2026-05-18T09:52:01.386839
9,342,0.032222289592027664,2026-05-18T09:52:01.450967
9,343,0.026140272617340088,2026-05-18T09:52:01.510818
9,344,0.02932085655629635,2026-05-18T09:52:01.573373
9,345,0.026127327233552933,2026-05-18T09:52:02.150568
9,346,0.025400133803486824,2026-05-18T09:52:02.214028
9,347,0.03388706594705582,2026-05-18T09:52:02.275900
9,348,0.025657430291175842,2026-05-18T09:52:02.337155
9,349,0.032396022230386734,2026-05-18T09:52:03.103532
9,350,0.029863929376006126,2026-05-18T09:52:03.167652
9,351,0.025217439979314804,2026-05-18T09:52:03.232199
9,352,0.02659032866358757,2026-05-18T09:52:03.295313
9,353,0.024476369842886925,2026-05-18T09:52:03.822663
9,354,0.02563956379890442,2026-05-18T09:52:03.882707
9,355,0.02530038170516491,2026-05-18T09:52:03.945276
9,356,0.03132416307926178,2026-05-18T09:52:04.007472
9,357,0.024955665692687035,2026-05-18T09:52:04.651544
9,358,0.025892410427331924,2026-05-18T09:52:04.715118
9,359,0.02923724241554737,2026-05-18T09:52:04.779258
9,360,0.03188489004969597,2026-05-18T09:52:04.844460
9,361,0.02661704830825329,2026-05-18T09:52:05.319351
9,362,0.026283811777830124,2026-05-18T09:52:05.380398
9,363,0.02588299848139286,2026-05-18T09:52:05.443826
9,364,0.025334956124424934,2026-05-18T09:52:05.506611
9,365,0.027411602437496185,2026-05-18T09:52:06.088069
9,366,0.02632957324385643,2026-05-18T09:52:06.180153
9,367,0.028760483488440514,2026-05-18T09:52:06.244269
9,368,0.02538648620247841,2026-05-18T09:52:06.308361
9,369,0.02979971468448639,2026-05-18T09:52:06.763362
9,370,0.025464486330747604,2026-05-18T09:52:06.824289
9,371,0.029289592057466507,2026-05-18T09:52:06.886228
9,372,0.026010029017925262,2026-05-18T09:52:06.948563
9,373,0.027941260486841202,2026-05-18T09:52:07.625190
9,374,0.026744771748781204,2026-05-18T09:52:07.688339
9,375,0.02708454616367817,2026-05-18T09:52:07.753232
9,376,0.026142047718167305,2026-05-18T09:52:07.816532
9,377,0.03383883461356163,2026-05-18T09:52:08.353533
9,378,0.0266551673412323,2026-05-18T09:52:08.414749
9,379,0.026896852999925613,2026-05-18T09:52:08.476570
9,380,0.02855089120566845,2026-05-18T09:52:08.539632
9,381,0.03738676384091377,2026-05-18T09:52:09.039820
9,382,0.026640579104423523,2026-05-18T09:52:09.100734
9,383,0.02493789978325367,2026-05-18T09:52:09.162566
9,384,0.024026595056056976,2026-05-18T09:52:09.224925
9,385,0.027216577902436256,2026-05-18T09:52:09.858378
9,386,0.02640337124466896,2026-05-18T09:52:09.924514
9,387,0.026553437113761902,2026-05-18T09:52:09.990447
9,388,0.02453189715743065,2026-05-18T09:52:10.054432
9,389,0.03693138062953949,2026-05-18T09:52:10.526157
9,390,0.02585469000041485,2026-05-18T09:52:10.588320
9,391,0.02634582109749317,2026-05-18T09:52:10.651546
9,392,0.027460450306534767,2026-05-18T09:52:10.715745
9,393,0.028341563418507576,2026-05-18T09:52:11.364555
9,394,0.025776905938982964,2026-05-18T09:52:11.428454
9,395,0.026502110064029694,2026-05-18T09:52:11.492022
9,396,0.028643915429711342,2026-05-18T09:52:11.555707
9,397,0.02836046926677227,2026-05-18T09:52:12.067239
9,398,0.02991083450615406,2026-05-18T09:52:12.129453
9,399,0.033603280782699585,2026-05-18T09:52:12.194159
9,400,0.024763023480772972,2026-05-18T09:52:12.256483
9,401,0.024311458691954613,2026-05-18T09:52:12.754953
9,402,0.030168993398547173,2026-05-18T09:52:12.817747
9,403,0.026504941284656525,2026-05-18T09:52:12.881950
9,404,0.027449602261185646,2026-05-18T09:52:12.945259
9,405,0.026999587193131447,2026-05-18T09:52:13.469082
9,406,0.027681950479745865,2026-05-18T09:52:13.534013
9,407,0.031951017677783966,2026-05-18T09:52:13.596863
9,408,0.032256342470645905,2026-05-18T09:52:13.660373
9,409,0.025605369359254837,2026-05-18T09:52:14.367173
9,410,0.0267900750041008,2026-05-18T09:52:14.426853
9,411,0.0297012347728014,2026-05-18T09:52:14.488868
9,412,0.02455066703259945,2026-05-18T09:52:14.552696
9,413,0.026492739096283913,2026-05-18T09:52:15.236477
9,414,0.030068689957261086,2026-05-18T09:52:15.305385
9,415,0.024732571095228195,2026-05-18T09:52:15.368331
9,416,0.022816231474280357,2026-05-18T09:52:15.463288
9,417,0.02467029169201851,2026-05-18T09:52:15.943491
9,418,0.02721758559346199,2026-05-18T09:52:16.003818
9,419,0.026444969698786736,2026-05-18T09:52:16.064675
9,420,0.025928735733032227,2026-05-18T09:52:16.126747
9,421,0.028031999245285988,2026-05-18T09:52:16.705169
9,422,0.03196825459599495,2026-05-18T09:52:16.768141
9,423,0.030326206237077713,2026-05-18T09:52:16.831163
9,424,0.026493029668927193,2026-05-18T09:52:16.894759
9,425,0.027449510991573334,2026-05-18T09:52:17.473788
9,426,0.025291837751865387,2026-05-18T09:52:17.533583
9,427,0.029547590762376785,2026-05-18T09:52:17.594372
9,428,0.026378817856311798,2026-05-18T09:52:17.654798
9,429,0.024848483502864838,2026-05-18T09:52:18.333641
9,430,0.03502234071493149,2026-05-18T09:52:18.395546
9,431,0.026512539014220238,2026-05-18T09:52:18.458249
9,432,0.025885971263051033,2026-05-18T09:52:18.522413
9,433,0.025338849052786827,2026-05-18T09:52:19.147033
9,434,0.029572704806923866,2026-05-18T09:52:19.207232
9,435,0.029801784083247185,2026-05-18T09:52:19.269618
9,436,0.02501293458044529,2026-05-18T09:52:19.336123
9,437,0.026621131226420403,2026-05-18T09:52:19.431578
9,438,0.023946166038513184,2026-05-18T09:52:19.496808
9,439,0.025471573695540428,2026-05-18T09:52:19.562578
9,440,0.024544375017285347,2026-05-18T09:52:19.627426
9,441,0.03141909837722778,2026-05-18T09:52:20.037524
9,442,0.02769218571484089,2026-05-18T09:52:20.099498
9,443,0.03107394278049469,2026-05-18T09:52:20.162309
9,444,0.029065091162919998,2026-05-18T09:52:20.233041
9,445,0.028629550710320473,2026-05-18T09:52:20.904361
9,446,0.028452357277274132,2026-05-18T09:52:20.969599
9,447,0.025205805897712708,2026-05-18T09:52:21.036336
9,448,0.027569547295570374,2026-05-18T09:52:21.099861
9,449,0.028316812589764595,2026-05-18T09:52:21.590988
9,450,0.02432168275117874,2026-05-18T09:52:21.651854
9,451,0.02620466612279415,2026-05-18T09:52:21.713433
9,452,0.028414366766810417,2026-05-18T09:52:21.778351
9,453,0.02913065254688263,2026-05-18T09:52:22.343321
9,454,0.025061530992388725,2026-05-18T09:52:22.402159
9,455,0.043667830526828766,2026-05-18T09:52:22.463033
9,456,0.03122672624886036,2026-05-18T09:52:22.526094
9,457,0.030264079570770264,2026-05-18T09:52:23.191645
9,458,0.038386598229408264,2026-05-18T09:52:23.254397
9,459,0.029288651421666145,2026-05-18T09:52:23.316968
9,460,0.026443669572472572,2026-05-18T09:52:23.384898
9,461,0.031002826988697052,2026-05-18T09:52:23.925919
9,462,0.027580754831433296,2026-05-18T09:52:23.984920
9,463,0.03114430233836174,2026-05-18T09:52:24.045531
9,464,0.03684687241911888,2026-05-18T09:52:24.107832
9,465,0.028234178200364113,2026-05-18T09:52:24.710914
9,466,0.029249126091599464,2026-05-18T09:52:24.800361
9,467,0.02442339062690735,2026-05-18T09:52:24.861019
9,468,0.026464324444532394,2026-05-18T09:52:24.921740
9,469,0.033421870321035385,2026-05-18T09:52:25.537645
9,470,0.02868933416903019,2026-05-18T09:52:25.600419
9,471,0.03051922656595707,2026-05-18T09:52:25.660327
9,472,0.028131717815995216,2026-05-18T09:52:25.721768
9,473,0.02517673745751381,2026-05-18T09:52:26.436230
9,474,0.02885984070599079,2026-05-18T09:52:26.497300
9,475,0.025741351768374443,2026-05-18T09:52:26.559204
9,476,0.024927711114287376,2026-05-18T09:52:26.623021
9,477,0.02481718547642231,2026-05-18T09:52:27.213846
9,478,0.027532240375876427,2026-05-18T09:52:27.276669
9,479,0.027809668332338333,2026-05-18T09:52:27.336760
9,480,0.030694514513015747,2026-05-18T09:52:27.398043
9,481,0.027057355269789696,2026-05-18T09:52:27.939160
9,482,0.029649386182427406,2026-05-18T09:52:28.000773
9,483,0.025905830785632133,2026-05-18T09:52:28.061347
9,484,0.0270078107714653,2026-05-18T09:52:28.121388
9,485,0.02768324688076973,2026-05-18T09:52:28.669533
9,486,0.028049025684595108,2026-05-18T09:52:28.730549
9,487,0.031914155930280685,2026-05-18T09:52:28.791353
9,488,0.029554562643170357,2026-05-18T09:52:28.852660
9,489,0.027140619233250618,2026-05-18T09:52:29.393738
9,490,0.035349417477846146,2026-05-18T09:52:29.458808
9,491,0.027523735538125038,2026-05-18T09:52:29.521694
9,492,0.041663043200969696,2026-05-18T09:52:29.588396
9,493,0.028000909835100174,2026-05-18T09:52:30.297513
9,494,0.03062906116247177,2026-05-18T09:52:30.358135
9,495,0.028943156823515892,2026-05-18T09:52:30.418444
9,496,0.026047728955745697,2026-05-18T09:52:30.479833
9,497,0.029551221057772636,2026-05-18T09:52:31.125834
9,498,0.026293393224477768,2026-05-18T09:52:31.189024
9,499,0.03138595446944237,2026-05-18T09:52:31.254054
9,500,0.030254287645220757,2026-05-18T09:52:31.316037
9,501,0.02537619136273861,2026-05-18T09:52:31.870318
9,502,0.028335804119706154,2026-05-18T09:52:31.930266
9,503,0.030080711469054222,2026-05-18T09:52:31.991787
9,504,0.02848931774497032,2026-05-18T09:52:32.052674
9,505,0.02588687092065811,2026-05-18T09:52:32.619155
9,506,0.03552675247192383,2026-05-18T09:52:32.685501
9,507,0.027823129668831825,2026-05-18T09:52:32.751243
9,508,0.024022091180086136,2026-05-18T09:52:32.813679
9,509,0.030787264928221703,2026-05-18T09:52:33.403562
9,510,0.0308766420930624,2026-05-18T09:52:33.464089
9,511,0.026772717013955116,2026-05-18T09:52:33.524590
9,512,0.02894202433526516,2026-05-18T09:52:33.589329
9,513,0.030375218018889427,2026-05-18T09:52:33.996115
9,514,0.026793645694851875,2026-05-18T09:52:34.059082
9,515,0.025903429836034775,2026-05-18T09:52:34.120376
9,516,0.04467620328068733,2026-05-18T09:52:34.211472
9,517,0.026863841339945793,2026-05-18T09:52:34.828866
9,518,0.030734263360500336,2026-05-18T09:52:34.888719
9,519,0.026485685259103775,2026-05-18T09:52:34.949952
9,520,0.03662411496043205,2026-05-18T09:52:35.011382
9,521,0.029255785048007965,2026-05-18T09:52:35.615606
9,522,0.02624046988785267,2026-05-18T09:52:35.675986
9,523,0.027478426694869995,2026-05-18T09:52:35.736282
9,524,0.02450176514685154,2026-05-18T09:52:35.797318
9,525,0.025729641318321228,2026-05-18T09:52:36.276906
9,526,0.02984551154077053,2026-05-18T09:52:36.339809
9,527,0.025768782943487167,2026-05-18T09:52:36.407593
9,528,0.026823682710528374,2026-05-18T09:52:36.473979
9,529,0.02588041126728058,2026-05-18T09:52:37.103221
9,530,0.025130970403552055,2026-05-18T09:52:37.166121
9,531,0.027209071442484856,2026-05-18T09:52:37.229071
9,532,0.024976659566164017,2026-05-18T09:52:37.309203
9,533,0.030656540766358376,2026-05-18T09:52:37.953736
9,534,0.026811916381120682,2026-05-18T09:52:38.018907
9,535,0.026854198426008224,2026-05-18T09:52:38.084693
9,536,0.03134020045399666,2026-05-18T09:52:38.149712
9,537,0.030368803068995476,2026-05-18T09:52:38.754656
9,538,0.027875343337655067,2026-05-18T09:52:38.816488
9,539,0.02558545209467411,2026-05-18T09:52:38.878986
9,540,0.029201891273260117,2026-05-18T09:52:38.942008
9,541,0.03080965019762516,2026-05-18T09:52:39.592926
9,542,0.0250675268471241,2026-05-18T09:52:39.656920
9,543,0.02648654393851757,2026-05-18T09:52:39.720694
9,544,0.02461116388440132,2026-05-18T09:52:39.785547
9,545,0.026050204411149025,2026-05-18T09:52:40.369215
9,546,0.025946011766791344,2026-05-18T09:52:40.431229
9,547,0.0314345583319664,2026-05-18T09:52:40.495023
9,548,0.03063269518315792,2026-05-18T09:52:40.557252
9,549,0.02593768946826458,2026-05-18T09:52:41.123767
9,550,0.027210649102926254,2026-05-18T09:52:41.191421
9,551,0.02716812677681446,2026-05-18T09:52:41.328490
9,552,0.027058757841587067,2026-05-18T09:52:41.394162
9,553,0.026577049866318703,2026-05-18T09:52:42.025774
9,554,0.0285811610519886,2026-05-18T09:52:42.086946
9,555,0.029854759573936462,2026-05-18T09:52:42.149070
9,556,0.02604585699737072,2026-05-18T09:52:42.212260
9,557,0.02769416570663452,2026-05-18T09:52:42.824861
9,558,0.027273546904325485,2026-05-18T09:52:42.889406
9,559,0.02982322685420513,2026-05-18T09:52:42.973667
9,560,0.023581374436616898,2026-05-18T09:52:43.038253
9,561,0.029377980157732964,2026-05-18T09:52:43.557922
9,562,0.03089005872607231,2026-05-18T09:52:43.617868
9,563,0.029460735619068146,2026-05-18T09:52:43.689620
9,564,0.028282027691602707,2026-05-18T09:52:43.750007
9,565,0.028118425980210304,2026-05-18T09:52:44.204566
9,566,0.032831382006406784,2026-05-18T09:52:44.505718
9,567,0.028568651527166367,2026-05-18T09:52:44.565803
9,568,0.028682967647910118,2026-05-18T09:52:44.628142
9,569,0.02593209780752659,2026-05-18T09:52:44.885563
9,570,0.02557678520679474,2026-05-18T09:52:45.157667
9,571,0.027314307168126106,2026-05-18T09:52:45.344288
9,572,0.03602427989244461,2026-05-18T09:52:45.405602
9,573,0.027851413935422897,2026-05-18T09:52:45.791912
9,574,0.024014584720134735,2026-05-18T09:52:46.013610
9,575,0.026563523337244987,2026-05-18T09:52:46.232177
9,576,0.02690744400024414,2026-05-18T09:52:46.291482
9,577,0.029688216745853424,2026-05-18T09:52:46.586667
9,578,0.02765325829386711,2026-05-18T09:52:46.701413
9,579,0.03514394536614418,2026-05-18T09:52:46.982639
9,580,0.02765623852610588,2026-05-18T09:52:47.043653
9,581,0.028352957218885422,2026-05-18T09:52:47.314440
9,582,0.031893063336610794,2026-05-18T09:52:47.476432
9,583,0.030273839831352234,2026-05-18T09:52:47.820234
9,584,0.030231503769755363,2026-05-18T09:52:47.880355
9,585,0.02768721617758274,2026-05-18T09:52:48.183317
9,586,0.026709500700235367,2026-05-18T09:52:48.365941
9,587,0.03492758423089981,2026-05-18T09:52:48.634734
9,588,0.02661799266934395,2026-05-18T09:52:48.694968
9,589,0.032052598893642426,2026-05-18T09:52:49.001820
9,590,0.02372928522527218,2026-05-18T09:52:49.123019
9,591,0.027353422716259956,2026-05-18T09:52:49.514779
9,592,0.029062950983643532,2026-05-18T09:52:49.574332
9,593,0.025804752483963966,2026-05-18T09:52:49.851571
9,594,0.024408098310232162,2026-05-18T09:52:49.912144
9,595,0.02966109849512577,2026-05-18T09:52:50.484806
9,596,0.032224759459495544,2026-05-18T09:52:50.551049
9,597,0.028252946212887764,2026-05-18T09:52:50.614042
9,598,0.027685856446623802,2026-05-18T09:52:50.677884
9,599,0.024559466168284416,2026-05-18T09:52:51.240505
9,600,0.03511074557900429,2026-05-18T09:52:51.301274
9,601,0.02712947688996792,2026-05-18T09:52:51.361922
9,602,0.03436804562807083,2026-05-18T09:52:51.423260
9,603,0.02744363248348236,2026-05-18T09:52:51.638967
9,604,0.03237379342317581,2026-05-18T09:52:51.701946
9,605,0.03342645987868309,2026-05-18T09:52:51.765080
9,606,0.028694260865449905,2026-05-18T09:52:51.862057
9,607,0.03350292146205902,2026-05-18T09:52:52.440656
9,608,0.0344955213367939,2026-05-18T09:52:52.500630
9,609,0.025124631822109222,2026-05-18T09:52:52.560629
9,610,0.028580160811543465,2026-05-18T09:52:52.624008
9,611,0.0305643267929554,2026-05-18T09:52:53.215520
9,612,0.02698339894413948,2026-05-18T09:52:53.277576
9,613,0.024154676124453545,2026-05-18T09:52:53.341324
9,614,0.026187838986516,2026-05-18T09:52:53.404677
9,615,0.027154548093676567,2026-05-18T09:52:54.093448
9,616,0.026769867166876793,2026-05-18T09:52:54.184526
9,617,0.026812603697180748,2026-05-18T09:52:54.245513
9,618,0.02825775183737278,2026-05-18T09:52:54.306870
9,619,0.02435716986656189,2026-05-18T09:52:54.788237
9,620,0.024770332500338554,2026-05-18T09:52:54.853724
9,621,0.02816992998123169,2026-05-18T09:52:54.916141
9,622,0.028604039922356606,2026-05-18T09:52:54.979369
9,623,0.026603514328598976,2026-05-18T09:52:55.416013
9,624,0.029156725853681564,2026-05-18T09:52:55.476400
9,625,0.03178943693637848,2026-05-18T09:52:55.539890
9,626,0.028828568756580353,2026-05-18T09:52:55.603037
9,627,0.026851598173379898,2026-05-18T09:52:56.186537
9,628,0.026360630989074707,2026-05-18T09:52:56.250241
9,629,0.028837017714977264,2026-05-18T09:52:56.317272
9,630,0.02974420227110386,2026-05-18T09:52:56.402872
9,631,0.027809474617242813,2026-05-18T09:52:57.029459
9,632,0.027223266661167145,2026-05-18T09:52:57.090781
9,633,0.030363919213414192,2026-05-18T09:52:57.153591
9,634,0.031372517347335815,2026-05-18T09:52:57.255435
9,635,0.028900856152176857,2026-05-18T09:52:57.967137
9,636,0.030656998977065086,2026-05-18T09:52:58.031175
9,637,0.030172353610396385,2026-05-18T09:52:58.096487
9,638,0.028041211888194084,2026-05-18T09:52:58.163399
9,639,0.02600516378879547,2026-05-18T09:52:58.794527
9,640,0.025357112288475037,2026-05-18T09:52:58.854193
9,641,0.033072080463171005,2026-05-18T09:52:58.913878
9,642,0.028005165979266167,2026-05-18T09:52:58.977466
9,643,0.025931868702173233,2026-05-18T09:52:59.622365
9,644,0.028955187648534775,2026-05-18T09:52:59.684942
9,645,0.036283206194639206,2026-05-18T09:52:59.747690
9,646,0.02673483081161976,2026-05-18T09:52:59.812693
9,647,0.02991947904229164,2026-05-18T09:53:00.561415
9,648,0.025777015835046768,2026-05-18T09:53:00.624221
9,649,0.027146413922309875,2026-05-18T09:53:00.690715
9,650,0.026695819571614265,2026-05-18T09:53:00.754474
9,651,0.025373464450240135,2026-05-18T09:53:01.345641
9,652,0.026992538943886757,2026-05-18T09:53:01.417419
9,653,0.028671037405729294,2026-05-18T09:53:01.486172
9,654,0.02508298121392727,2026-05-18T09:53:01.554102
9,655,0.02755492739379406,2026-05-18T09:53:02.340700
9,656,0.024131620302796364,2026-05-18T09:53:02.407376
9,657,0.032315682619810104,2026-05-18T09:53:02.473066
9,658,0.027141718193888664,2026-05-18T09:53:02.538364
9,659,0.028508640825748444,2026-05-18T09:53:03.098212
9,660,0.026698751375079155,2026-05-18T09:53:03.160954
9,661,0.030460868030786514,2026-05-18T09:53:03.227437
9,662,0.027394041419029236,2026-05-18T09:53:03.290424
9,663,0.0295883659273386,2026-05-18T09:53:03.895682
9,664,0.02599054016172886,2026-05-18T09:53:03.962995
9,665,0.025694681331515312,2026-05-18T09:53:04.027749
9,666,0.026025772094726562,2026-05-18T09:53:04.127629
9,667,0.028296681120991707,2026-05-18T09:53:04.774614
9,668,0.028219569474458694,2026-05-18T09:53:04.838894
9,669,0.025860914960503578,2026-05-18T09:53:04.902623
9,670,0.02788957580924034,2026-05-18T09:53:04.965983
9,671,0.03225146606564522,2026-05-18T09:53:05.668841
9,672,0.02942105568945408,2026-05-18T09:53:05.734872
9,673,0.02506599947810173,2026-05-18T09:53:05.802867
9,674,0.025658726692199707,2026-05-18T09:53:05.866143
9,675,0.02473783679306507,2026-05-18T09:53:06.494234
9,676,0.030626563355326653,2026-05-18T09:53:06.554652
9,677,0.02823478914797306,2026-05-18T09:53:06.618772
9,678,0.027126219123601913,2026-05-18T09:53:06.682173
9,679,0.02584773302078247,2026-05-18T09:53:07.283876
9,680,0.02500058338046074,2026-05-18T09:53:07.346478
9,681,0.025509187951683998,2026-05-18T09:53:07.406925
9,682,0.0263003371655941,2026-05-18T09:53:07.470031
9,683,0.027674872428178787,2026-05-18T09:53:08.191078
9,684,0.03169938549399376,2026-05-18T09:53:08.253389
9,685,0.02470041997730732,2026-05-18T09:53:08.315743
9,686,0.0332181453704834,2026-05-18T09:53:08.376556
9,687,0.02719562128186226,2026-05-18T09:53:08.976746
9,688,0.025931112468242645,2026-05-18T09:53:09.040323
9,689,0.024022450670599937,2026-05-18T09:53:09.105244
9,690,0.025127461180090904,2026-05-18T09:53:09.171355
9,691,0.028677167370915413,2026-05-18T09:53:09.822368
9,692,0.0296485498547554,2026-05-18T09:53:09.882210
9,693,0.026667246595025063,2026-05-18T09:53:09.943401
9,694,0.02868652157485485,2026-05-18T09:53:10.008683
9,695,0.026814959943294525,2026-05-18T09:53:10.374248
9,696,0.02764199487864971,2026-05-18T09:53:10.430406
9,697,0.0257783904671669,2026-05-18T09:53:10.494132
9,698,0.029642220586538315,2026-05-18T09:53:10.558261
9,699,0.027786394581198692,2026-05-18T09:53:11.246289
9,700,0.02455011196434498,2026-05-18T09:53:11.308232
9,701,0.030479297041893005,2026-05-18T09:53:11.370875
9,702,0.029518011957406998,2026-05-18T09:53:11.436440
9,703,0.030560022220015526,2026-05-18T09:53:12.064572
9,704,0.02955608256161213,2026-05-18T09:53:12.125471
9,705,0.024623217061161995,2026-05-18T09:53:12.186787
9,706,0.026334315538406372,2026-05-18T09:53:12.250990
9,707,0.026533301919698715,2026-05-18T09:53:12.847870
9,708,0.02542046643793583,2026-05-18T09:53:12.910568
9,709,0.027897188439965248,2026-05-18T09:53:12.973870
9,710,0.03170265257358551,2026-05-18T09:53:13.037101
9,711,0.028699539601802826,2026-05-18T09:53:13.805918
9,712,0.028847556561231613,2026-05-18T09:53:13.871407
9,713,0.026599399745464325,2026-05-18T09:53:13.934167
9,714,0.03062741458415985,2026-05-18T09:53:13.997662
9,715,0.026845302432775497,2026-05-18T09:53:14.775244
9,716,0.02825932390987873,2026-05-18T09:53:14.866465
9,717,0.03550448641180992,2026-05-18T09:53:14.928103
9,718,0.028749248012900352,2026-05-18T09:53:14.989321
9,719,0.02827027253806591,2026-05-18T09:53:15.597133
9,720,0.02792835421860218,2026-05-18T09:53:15.658114
9,721,0.03270484134554863,2026-05-18T09:53:15.719674
9,722,0.027745068073272705,2026-05-18T09:53:15.779600
9,723,0.027363834902644157,2026-05-18T09:53:16.493168
9,724,0.02926729992032051,2026-05-18T09:53:16.556316
9,725,0.027306068688631058,2026-05-18T09:53:16.618545
9,726,0.02715154178440571,2026-05-18T09:53:16.684666
9,727,0.028307512402534485,2026-05-18T09:53:17.364126
9,728,0.0270953681319952,2026-05-18T09:53:17.427182
9,729,0.034497879445552826,2026-05-18T09:53:17.490919
9,730,0.02385866269469261,2026-05-18T09:53:17.555875
9,731,0.025920338928699493,2026-05-18T09:53:18.029889
9,732,0.02416057139635086,2026-05-18T09:53:18.089673
9,733,0.0247818510979414,2026-05-18T09:53:18.153003
9,734,0.0283767431974411,2026-05-18T09:53:18.214071
9,735,0.028407912701368332,2026-05-18T09:53:18.961491
9,736,0.03041483461856842,2026-05-18T09:53:19.024446
9,737,0.024211864918470383,2026-05-18T09:53:19.087844
9,738,0.026027318090200424,2026-05-18T09:53:19.153868
9,739,0.02747492492198944,2026-05-18T09:53:19.653938
9,740,0.02746007777750492,2026-05-18T09:53:19.717581
9,741,0.028458869084715843,2026-05-18T09:53:19.779230
9,742,0.028502942994236946,2026-05-18T09:53:19.841576
9,743,0.0277668759226799,2026-05-18T09:53:20.574727
9,744,0.026634765788912773,2026-05-18T09:53:20.639789
9,745,0.027214106172323227,2026-05-18T09:53:20.702692
9,746,0.025925658643245697,2026-05-18T09:53:20.765984
9,747,0.026154303923249245,2026-05-18T09:53:21.351427
9,748,0.0248245969414711,2026-05-18T09:53:21.412385
9,749,0.02522333338856697,2026-05-18T09:53:21.477121
9,750,0.03266778960824013,2026-05-18T09:53:21.541957
9,751,0.028051823377609253,2026-05-18T09:53:22.331461
9,752,0.025561224669218063,2026-05-18T09:53:22.392971
9,753,0.028917349874973297,2026-05-18T09:53:22.455750
9,754,0.02753201313316822,2026-05-18T09:53:22.518361
9,755,0.02659994177520275,2026-05-18T09:53:23.190996
9,756,0.027279570698738098,2026-05-18T09:53:23.252544
9,757,0.026495125144720078,2026-05-18T09:53:23.315395
9,758,0.027069084346294403,2026-05-18T09:53:23.377684
9,759,0.023807987570762634,2026-05-18T09:53:23.843953
9,760,0.028582973405718803,2026-05-18T09:53:23.905014
9,761,0.02927953191101551,2026-05-18T09:53:23.404921
9,762,0.030227618291974068,2026-05-18T09:53:23.465364
9,763,0.02670959383249283,2026-05-18T09:53:24.250554
9,764,0.024897653609514236,2026-05-18T09:53:24.313524
9,765,0.03115144371986389,2026-05-18T09:53:24.376075
9,766,0.024949412792921066,2026-05-18T09:53:24.468391
9,767,0.025992466136813164,2026-05-18T09:53:25.112299
9,768,0.027338428422808647,2026-05-18T09:53:25.174468
9,769,0.02698001265525818,2026-05-18T09:53:25.236830
9,770,0.02585051767528057,2026-05-18T09:53:25.301023
9,771,0.03451627492904663,2026-05-18T09:53:25.909889
9,772,0.027747472748160362,2026-05-18T09:53:25.968853
9,773,0.028443465009331703,2026-05-18T09:53:26.032327
9,774,0.028008094057440758,2026-05-18T09:53:26.093206
9,775,0.028409525752067566,2026-05-18T09:53:26.800912
9,776,0.035049911588430405,2026-05-18T09:53:26.862379
9,777,0.024887824431061745,2026-05-18T09:53:26.924474
9,778,0.03486797958612442,2026-05-18T09:53:26.987046
9,779,0.02881920523941517,2026-05-18T09:53:27.529914
9,780,0.02447286993265152,2026-05-18T09:53:27.588739
9,781,0.030290871858596802,2026-05-18T09:53:27.650206
9,782,0.028829725459218025,2026-05-18T09:53:27.710812
9,783,0.02606995962560177,2026-05-18T09:53:28.181527
9,784,0.02752036787569523,2026-05-18T09:53:28.243231
9,785,0.029143385589122772,2026-05-18T09:53:28.306535
9,786,0.026645654812455177,2026-05-18T09:53:28.370187
9,787,0.025200871750712395,2026-05-18T09:53:29.057689
9,788,0.028405752032995224,2026-05-18T09:53:29.117556
9,789,0.026037296280264854,2026-05-18T09:53:29.179847
9,790,0.02490045316517353,2026-05-18T09:53:29.239608
9,791,0.02725834585726261,2026-05-18T09:53:29.812239
9,792,0.026804519817233086,2026-05-18T09:53:29.875193
9,793,0.027717506512999535,2026-05-18T09:53:29.937044
9,794,0.026610251516103745,2026-05-18T09:53:29.998479
9,795,0.024755392223596573,2026-05-18T09:53:30.620162
9,796,0.026986481621861458,2026-05-18T09:53:30.679167
9,797,0.026194732636213303,2026-05-18T09:53:30.741662
9,798,0.02419787459075451,2026-05-18T09:53:30.805715
9,799,0.027024680748581886,2026-05-18T09:53:31.520275
9,800,0.030029019340872765,2026-05-18T09:53:31.581597
9,801,0.026013145223259926,2026-05-18T09:53:31.643615
9,802,0.029530420899391174,2026-05-18T09:53:31.706361
9,803,0.03023725561797619,2026-05-18T09:53:32.227309
9,804,0.028755810111761093,2026-05-18T09:53:32.288061
9,805,0.0336371585726738,2026-05-18T09:53:32.349807
9,806,0.02582346275448799,2026-05-18T09:53:32.410737
9,807,0.027894025668501854,2026-05-18T09:53:33.126018
9,808,0.02693415805697441,2026-05-18T09:53:33.191495
9,809,0.02726602926850319,2026-05-18T09:53:33.262565
9,810,0.02636229433119297,2026-05-18T09:53:33.332609
9,811,0.028249286115169525,2026-05-18T09:53:33.837373
9,812,0.025863787159323692,2026-05-18T09:53:33.902849
9,813,0.02789170667529106,2026-05-18T09:53:33.968441
9,814,0.03230040892958641,2026-05-18T09:53:34.033591
9,815,0.033206745982170105,2026-05-18T09:53:34.710670
9,816,0.027700960636138916,2026-05-18T09:53:34.810231
9,817,0.026692572981119156,2026-05-18T09:53:34.877284
9,818,0.029611259698867798,2026-05-18T09:53:34.944692
9,819,0.028323570266366005,2026-05-18T09:53:35.542027
9,820,0.028928831219673157,2026-05-18T09:53:35.605613
9,821,0.03226856142282486,2026-05-18T09:53:35.670935
9,822,0.0303444005548954,2026-05-18T09:53:35.735564
9,823,0.024158840999007225,2026-05-18T09:53:36.341528
9,824,0.027248505502939224,2026-05-18T09:53:36.404886
9,825,0.02670421078801155,2026-05-18T09:53:36.469756
9,826,0.029500408098101616,2026-05-18T09:53:36.537318
9,827,0.02809128910303116,2026-05-18T09:53:37.473319
9,828,0.02651715651154518,2026-05-18T09:53:37.538264
9,829,0.02909092605113983,2026-05-18T09:53:37.602002
9,830,0.03064216673374176,2026-05-18T09:53:37.664490
9,831,0.027460986748337746,2026-05-18T09:53:38.350739
9,832,0.025541404262185097,2026-05-18T09:53:38.413473
9,833,0.027871543541550636,2026-05-18T09:53:38.476989
9,834,0.02639559470117092,2026-05-18T09:53:38.539076
9,835,0.029841791838407516,2026-05-18T09:53:39.224692
9,836,0.025535061955451965,2026-05-18T09:53:39.284894
9,837,0.029710277915000916,2026-05-18T09:53:39.345094
9,838,0.028401898220181465,2026-05-18T09:53:39.405049
9,839,0.030899876728653908,2026-05-18T09:53:40.108767
9,840,0.0350884310901165,2026-05-18T09:53:40.172718
9,841,0.03181800618767738,2026-05-18T09:53:40.236061
9,842,0.03218543902039528,2026-05-18T09:53:40.298773
9,843,0.025908254086971283,2026-05-18T09:53:41.058083
9,844,0.029466766864061356,2026-05-18T09:53:41.121276
9,845,0.02621965855360031,2026-05-18T09:53:41.183870
9,846,0.02848411537706852,2026-05-18T09:53:41.246997
9,847,0.02549079619348049,2026-05-18T09:53:41.892796
9,848,0.027913985773921013,2026-05-18T09:53:41.955524
9,849,0.026661943644285202,2026-05-18T09:53:42.018991
9,850,0.029711291193962097,2026-05-18T09:53:42.080593
9,851,0.025355426594614983,2026-05-18T09:53:42.760166
9,852,0.02966933511197567,2026-05-18T09:53:42.823818
9,853,0.03201933205127716,2026-05-18T09:53:42.886890
9,854,0.027690062299370766,2026-05-18T09:53:42.950083
9,855,0.026577964425086975,2026-05-18T09:53:43.633631
9,856,0.0330243743956089,2026-05-18T09:53:43.693779
9,857,0.026108991354703903,2026-05-18T09:53:43.754951
9,858,0.033892977982759476,2026-05-18T09:53:43.816498
9,859,0.027430731803178787,2026-05-18T09:53:44.414170
9,860,0.02799970470368862,2026-05-18T09:53:44.477201
9,861,0.023668399080634117,2026-05-18T09:53:44.539406
9,862,0.031216001138091087,2026-05-18T09:53:44.601858
9,863,0.027798272669315338,2026-05-18T09:53:45.237876
9,864,0.026899004355072975,2026-05-18T09:53:45.298452
9,865,0.025777393952012062,2026-05-18T09:53:45.361126
9,866,0.026031609624624252,2026-05-18T09:53:45.457584
9,867,0.027428340166807175,2026-05-18T09:53:46.080117
9,868,0.03013799712061882,2026-05-18T09:53:46.143588
9,869,0.028824472799897194,2026-05-18T09:53:46.206470
9,870,0.028985291719436646,2026-05-18T09:53:46.269080
9,871,0.026490282267332077,2026-05-18T09:53:46.978416
9,872,0.026419293135404587,2026-05-18T09:53:47.044018
9,873,0.02693883515894413,2026-05-18T09:53:47.108723
9,874,0.027780000120401382,2026-05-18T09:53:47.173936
9,875,0.026081619784235954,2026-05-18T09:53:47.684105
9,876,0.026571106165647507,2026-05-18T09:53:47.743910
9,877,0.027186179533600807,2026-05-18T09:53:47.805076
9,878,0.02383335493505001,2026-05-18T09:53:47.867998
9,879,0.027422158047556877,2026-05-18T09:53:48.606111
9,880,0.025433247908949852,2026-05-18T09:53:48.669000
9,881,0.02384886145591736,2026-05-18T09:53:48.732028
9,882,0.027780821546912193,2026-05-18T09:53:48.795537
9,883,0.02518431469798088,2026-05-18T09:53:49.631626
9,884,0.029214253649115562,2026-05-18T09:53:49.694450
9,885,0.02799423225224018,2026-05-18T09:53:49.758784
9,886,0.02777850069105625,2026-05-18T09:53:49.822303
9,887,0.024987883865833282,2026-05-18T09:53:50.566951
9,888,0.027382398024201393,2026-05-18T09:53:50.629994
9,889,0.03078058548271656,2026-05-18T09:53:50.692659
9,890,0.03805282339453697,2026-05-18T09:53:50.755962
9,891,0.027633605524897575,2026-05-18T09:53:51.229961
9,892,0.03127768263220787,2026-05-18T09:53:51.290122
9,893,0.027463674545288086,2026-05-18T09:53:51.352092
9,894,0.02702571637928486,2026-05-18T09:53:51.414169
9,895,0.025203922763466835,2026-05-18T09:53:52.065424
9,896,0.02919161692261696,2026-05-18T09:53:52.128858
9,897,0.029003381729125977,2026-05-18T09:53:52.192690
9,898,0.025470616295933723,2026-05-18T09:53:52.256572
9,899,0.032781943678855896,2026-05-18T09:53:52.773553
9,900,0.032230086624622345,2026-05-18T09:53:52.834090
9,901,0.025577440857887268,2026-05-18T09:53:52.895390
9,902,0.025537822395563126,2026-05-18T09:53:52.957109
9,903,0.029426034539937973,2026-05-18T09:53:53.674544
9,904,0.02579518035054207,2026-05-18T09:53:53.737645
9,905,0.02688480168581009,2026-05-18T09:53:53.801707
9,906,0.03129858151078224,2026-05-18T09:53:53.864975
9,907,0.02857760153710842,2026-05-18T09:53:54.580902
9,908,0.024696147069334984,2026-05-18T09:53:54.640685
9,909,0.024108504876494408,2026-05-18T09:53:54.701613
9,910,0.03327145799994469,2026-05-18T09:53:54.762929
9,911,0.029606372117996216,2026-05-18T09:53:55.416301
9,912,0.026616159826517105,2026-05-18T09:53:55.478425
9,913,0.025349784642457962,2026-05-18T09:53:55.541046
9,914,0.028330333530902863,2026-05-18T09:53:55.604431
9,915,0.03101840242743492,2026-05-18T09:53:55.600194
9,916,0.027762703597545624,2026-05-18T09:53:55.692554
9,917,0.026065880432724953,2026-05-18T09:53:55.754585
9,918,0.02920742891728878,2026-05-18T09:53:55.820685
9,919,0.02537306398153305,2026-05-18T09:53:56.435754
9,920,0.024763446301221848,2026-05-18T09:53:56.498155
9,921,0.02777097374200821,2026-05-18T09:53:56.563571
9,922,0.0305216982960701,2026-05-18T09:53:56.627623
9,923,0.03043743036687374,2026-05-18T09:53:57.420206
9,924,0.02777629904448986,2026-05-18T09:53:57.483852
9,925,0.03071618266403675,2026-05-18T09:53:57.546753
9,926,0.02737833745777607,2026-05-18T09:53:57.613289
9,927,0.027982639148831367,2026-05-18T09:53:58.282602
9,928,0.027017323300242424,2026-05-18T09:53:58.343314
9,929,0.029435893520712852,2026-05-18T09:53:58.407145
9,930,0.024038145318627357,2026-05-18T09:53:58.467860
9,931,0.029448313638567924,2026-05-18T09:53:59.034161
9,932,0.03470244258642197,2026-05-18T09:53:59.097649
9,933,0.03041742742061615,2026-05-18T09:53:59.161420
9,934,0.028564244508743286,2026-05-18T09:53:59.223786
9,935,0.02677164413034916,2026-05-18T09:53:59.893094
9,936,0.03175712376832962,2026-05-18T09:53:59.952344
9,937,0.025413742288947105,2026-05-18T09:54:00.014019
9,938,0.030090080574154854,2026-05-18T09:54:00.078278
9,939,0.028818579390645027,2026-05-18T09:54:00.812313
9,940,0.027167340740561485,2026-05-18T09:54:00.876112
9,941,0.02570352517068386,2026-05-18T09:54:00.940888
9,942,0.024450214579701424,2026-05-18T09:54:01.003592
9,943,0.024901241064071655,2026-05-18T09:54:01.797435
9,944,0.032049305737018585,2026-05-18T09:54:01.860728
9,945,0.024731576442718506,2026-05-18T09:54:01.924042
9,946,0.02491091564297676,2026-05-18T09:54:01.987084
9,947,0.027872873470187187,2026-05-18T09:54:02.593031
9,948,0.025860417634248734,2026-05-18T09:54:02.655928
9,949,0.03084832988679409,2026-05-18T09:54:02.718588
9,950,0.02680976502597332,2026-05-18T09:54:02.782805
9,951,0.037352632731199265,2026-05-18T09:54:03.371710
9,952,0.02702913247048855,2026-05-18T09:54:03.432233
9,953,0.02796013280749321,2026-05-18T09:54:03.492695
9,954,0.02649765834212303,2026-05-18T09:54:03.553613
9,955,0.027748532593250275,2026-05-18T09:54:04.052609
9,956,0.026973139494657516,2026-05-18T09:54:04.114125
9,957,0.02558622695505619,2026-05-18T09:54:04.174979
9,958,0.023472141474485397,2026-05-18T09:54:04.236023
9,959,0.02926531434059143,2026-05-18T09:54:04.853526
9,960,0.032469067722558975,2026-05-18T09:54:04.918652
9,961,0.030408253893256187,2026-05-18T09:54:04.984222
9,962,0.02340979315340519,2026-05-18T09:54:05.211805
9,963,0.026555314660072327,2026-05-18T09:54:05.834233
9,964,0.026109961792826653,2026-05-18T09:54:05.896537
9,965,0.0253435205668211,2026-05-18T09:54:05.959126
9,966,0.028685111552476883,2026-05-18T09:54:06.352080
9,967,0.02672477252781391,2026-05-18T09:54:06.733025
9,968,0.0272551067173481,2026-05-18T09:54:06.816219
9,969,0.027445165440440178,2026-05-18T09:54:06.879175
9,970,0.028374334797263145,2026-05-18T09:54:07.241157
9,971,0.029147682711482048,2026-05-18T09:54:07.555292
9,972,0.029909268021583557,2026-05-18T09:54:07.657442
9,973,0.02725030668079853,2026-05-18T09:54:07.719147
9,974,0.028608474880456924,2026-05-18T09:54:08.183125
9,975,0.033686086535453796,2026-05-18T09:54:08.347204
9,976,0.026319220662117004,2026-05-18T09:54:08.554332
9,977,0.026348497718572617,2026-05-18T09:54:08.616688
9,978,0.02886190265417099,2026-05-18T09:54:09.268577
9,979,0.027111005038022995,2026-05-18T09:54:09.331731
9,980,0.028857408091425896,2026-05-18T09:54:09.395535
9,981,0.02515880949795246,2026-05-18T09:54:09.460552
9,982,0.02430719882249832,2026-05-18T09:54:10.060196
9,983,0.025097399950027466,2026-05-18T09:54:10.120378
9,984,0.02508707530796528,2026-05-18T09:54:10.224220
9,985,0.030344968661665916,2026-05-18T09:54:10.287507
9,986,0.023427948355674744,2026-05-18T09:54:10.833782
9,987,0.0324094183743,2026-05-18T09:54:11.002681
9,988,0.03642670065164566,2026-05-18T09:54:11.065847
9,989,0.029634416103363037,2026-05-18T09:54:11.129662
9,990,0.028220275416970253,2026-05-18T09:54:11.646840
9,991,0.025112535804510117,2026-05-18T09:54:11.830939
9,992,0.02471117116510868,2026-05-18T09:54:12.018154
9,993,0.02605070360004902,2026-05-18T09:54:12.079216
9,994,0.02919870987534523,2026-05-18T09:54:12.324405
9,995,0.02928142622113228,2026-05-18T09:54:12.671834
9,996,0.025314580649137497,2026-05-18T09:54:12.947598
9,997,0.029139595106244087,2026-05-18T09:54:13.007914
9,998,0.0311491247266531,2026-05-18T09:54:13.112196
9,999,0.023957235738635063,2026-05-18T09:54:13.665086
9,1000,0.02522110939025879,2026-05-18T09:54:13.876104
9,1001,0.024100622162222862,2026-05-18T09:54:13.936287
9,1002,0.03211379423737526,2026-05-18T09:54:13.997244
9,1003,0.0291376244276762,2026-05-18T09:54:14.374131
9,1004,0.02879495359957218,2026-05-18T09:54:14.679506
9,1005,0.02502242662012577,2026-05-18T09:54:14.739946
9,1006,0.0337766632437706,2026-05-18T09:54:14.845541
9,1007,0.02706480212509632,2026-05-18T09:54:15.192090
9,1008,0.030269645154476166,2026-05-18T09:54:15.418355
9,1009,0.025039369240403175,2026-05-18T09:54:15.478252
9,1010,0.028122028335928917,2026-05-18T09:54:15.635630
9,1011,0.027797166258096695,2026-05-18T09:54:16.071891
9,1012,0.026499027386307716,2026-05-18T09:54:16.232233
9,1013,0.028575288131833076,2026-05-18T09:54:16.292407
9,1014,0.02515818178653717,2026-05-18T09:54:16.377973
9,1015,0.03559746965765953,2026-05-18T09:54:17.013700
9,1016,0.023865623399615288,2026-05-18T09:54:17.125107
9,1017,0.03799402341246605,2026-05-18T09:54:17.190766
9,1018,0.026843713596463203,2026-05-18T09:54:17.255988
9,1019,0.02633298747241497,2026-05-18T09:54:17.931072
9,1020,0.027500981464982033,2026-05-18T09:54:17.993925
9,1021,0.030985871329903603,2026-05-18T09:54:18.056356
9,1022,0.030074801295995712,2026-05-18T09:54:18.119033
9,1023,0.027101056650280952,2026-05-18T09:54:18.699103
9,1024,0.03328849375247955,2026-05-18T09:54:18.759582
9,1025,0.02538132108747959,2026-05-18T09:54:18.819826
9,1026,0.024751724675297737,2026-05-18T09:54:18.907145
9,1027,0.028176944702863693,2026-05-18T09:54:19.633740
9,1028,0.03071562573313713,2026-05-18T09:54:19.806677
9,1029,0.027692094445228577,2026-05-18T09:54:19.870787
9,1030,0.02437286078929901,2026-05-18T09:54:19.933200
9,1031,0.027732010930776596,2026-05-18T09:54:20.542353
9,1032,0.028341731056571007,2026-05-18T09:54:20.652800
9,1033,0.027606220915913582,2026-05-18T09:54:20.713637
9,1034,0.030022870749235153,2026-05-18T09:54:20.829098
9,1035,0.025008564814925194,2026-05-18T09:54:21.345939
9,1036,0.030812788754701614,2026-05-18T09:54:21.408390
9,1037,0.025601299479603767,2026-05-18T09:54:21.468656
9,1038,0.02519301138818264,2026-05-18T09:54:21.799496
9,1039,0.028157081454992294,2026-05-18T09:54:22.268715
9,1040,0.025573454797267914,2026-05-18T09:54:22.329048
9,1041,0.02729564532637596,2026-05-18T09:54:22.390862
9,1042,0.022845126688480377,2026-05-18T09:54:22.809289
9,1043,0.03896362707018852,2026-05-18T09:54:23.022242
9,1044,0.026696907356381416,2026-05-18T09:54:23.082291
9,1045,0.029337648302316666,2026-05-18T09:54:23.142193
9,1046,0.02377988025546074,2026-05-18T09:54:23.486520
9,1047,0.024717940017580986,2026-05-18T09:54:23.842844
9,1048,0.02638137899339199,2026-05-18T09:54:23.931973
9,1049,0.03805655241012573,2026-05-18T09:54:23.991342
9,1050,0.02704247087240219,2026-05-18T09:54:24.381452
9,1051,0.026248250156641006,2026-05-18T09:54:24.657591
9,1052,0.026771599426865578,2026-05-18T09:54:24.718129
9,1053,0.026232250034809113,2026-05-18T09:54:24.779116
9,1054,0.02696940489113331,2026-05-18T09:54:25.379592
9,1055,0.026908956468105316,2026-05-18T09:54:25.611046
9,1056,0.025391967967152596,2026-05-18T09:54:25.673633
9,1057,0.027468286454677582,2026-05-18T09:54:25.736099
9,1058,0.027362097054719925,2026-05-18T09:54:26.307252
9,1059,0.027293002232909203,2026-05-18T09:54:26.473103
9,1060,0.030338015407323837,2026-05-18T09:54:26.536396
9,1061,0.025155819952487946,2026-05-18T09:54:26.599782
9,1062,0.03222689777612686,2026-05-18T09:54:27.164801
9,1063,0.0267060324549675,2026-05-18T09:54:27.438982
9,1064,0.029316207394003868,2026-05-18T09:54:27.503028
9,1065,0.025828920304775238,2026-05-18T09:54:27.564216
9,1066,0.03034759871661663,2026-05-18T09:54:27.770072
9,1067,0.02565191313624382,2026-05-18T09:54:27.832942
9,1068,0.02773400954902172,2026-05-18T09:54:27.896080
9,1069,0.031946972012519836,2026-05-18T09:54:27.962183
9,1070,0.02498444728553295,2026-05-18T09:54:28.592374
9,1071,0.030076218768954277,2026-05-18T09:54:28.651773
9,1072,0.02736196108162403,2026-05-18T09:54:28.738944
9,1073,0.02917850762605667,2026-05-18T09:54:28.799474
9,1074,0.0296447966247797,2026-05-18T09:54:29.625804
9,1075,0.027860596776008606,2026-05-18T09:54:29.688506
9,1076,0.026755157858133316,2026-05-18T09:54:29.750730
9,1077,0.02483844943344593,2026-05-18T09:54:29.813226
9,1078,0.028792014345526695,2026-05-18T09:54:30.691066
9,1079,0.02381909266114235,2026-05-18T09:54:30.753109
9,1080,0.025117836892604828,2026-05-18T09:54:30.818178
9,1081,0.02706403099000454,2026-05-18T09:54:30.880610
9,1082,0.02585742622613907,2026-05-18T09:54:31.534286
9,1083,0.02944088540971279,2026-05-18T09:54:31.597045
9,1084,0.02635239250957966,2026-05-18T09:54:31.659620
9,1085,0.02797018177807331,2026-05-18T09:54:31.722018
9,1086,0.02778085321187973,2026-05-18T09:54:32.591503
9,1087,0.02906794100999832,2026-05-18T09:54:32.653917
9,1088,0.027302591130137444,2026-05-18T09:54:32.715658
9,1089,0.029906844720244408,2026-05-18T09:54:32.778836
9,1090,0.027966467663645744,2026-05-18T09:54:33.572971
9,1091,0.02793949283659458,2026-05-18T09:54:33.634925
9,1092,0.03231320157647133,2026-05-18T09:54:33.697621
9,1093,0.024023789912462234,2026-05-18T09:54:33.761249
9,1094,0.031730085611343384,2026-05-18T09:54:34.528372
9,1095,0.028466202318668365,2026-05-18T09:54:34.593194
9,1096,0.027362002059817314,2026-05-18T09:54:34.657729
9,1097,0.027445141226053238,2026-05-18T09:54:34.719875
9,1098,0.026898736134171486,2026-05-18T09:54:35.506427
9,1099,0.02648480422794819,2026-05-18T09:54:35.567703
9,1100,0.025877565145492554,2026-05-18T09:54:35.630179
9,1101,0.027941863983869553,2026-05-18T09:54:35.692617
9,1102,0.02616848237812519,2026-05-18T09:54:36.511333
9,1103,0.031074825674295425,2026-05-18T09:54:36.575870
9,1104,0.02691703289747238,2026-05-18T09:54:36.642776
9,1105,0.026827488094568253,2026-05-18T09:54:36.711492
9,1106,0.02426394633948803,2026-05-18T09:54:37.394348
9,1107,0.02730412967503071,2026-05-18T09:54:37.459252
9,1108,0.03336973488330841,2026-05-18T09:54:37.527001
9,1109,0.024461161345243454,2026-05-18T09:54:37.591356
9,1110,0.028395213186740875,2026-05-18T09:54:38.112845
9,1111,0.02821633219718933,2026-05-18T09:54:38.179207
9,1112,0.02511994168162346,2026-05-18T09:54:38.245964
9,1113,0.023836825042963028,2026-05-18T09:54:38.313713
9,1114,0.02637806162238121,2026-05-18T09:54:38.925522
9,1115,0.02906659245491028,2026-05-18T09:54:38.989228
9,1116,0.02658056654036045,2026-05-18T09:54:39.130403
9,1117,0.030064420774579048,2026-05-18T09:54:39.194204
9,1118,0.02552686259150505,2026-05-18T09:54:39.764322
9,1119,0.027943095192313194,2026-05-18T09:54:39.829511
9,1120,0.025829903781414032,2026-05-18T09:54:39.894920
9,1121,0.028751026839017868,2026-05-18T09:54:39.963275
9,1122,0.027131855487823486,2026-05-18T09:54:40.683557
9,1123,0.02816946618258953,2026-05-18T09:54:40.746477
9,1124,0.025232598185539246,2026-05-18T09:54:40.807843
9,1125,0.03165918588638306,2026-05-18T09:54:40.869484
9,1126,0.027867820113897324,2026-05-18T09:54:41.572628
9,1127,0.025913862511515617,2026-05-18T09:54:41.638041
9,1128,0.030846888199448586,2026-05-18T09:54:41.701406
9,1129,0.027824141085147858,2026-05-18T09:54:41.764473
9,1130,0.028509091585874557,2026-05-18T09:54:42.511885
9,1131,0.029906487092375755,2026-05-18T09:54:42.575146
9,1132,0.026678116992115974,2026-05-18T09:54:42.638175
9,1133,0.028682922944426537,2026-05-18T09:54:42.701381
9,1134,0.030972899869084358,2026-05-18T09:54:43.468245
9,1135,0.032683905214071274,2026-05-18T09:54:43.531735
9,1136,0.035196833312511444,2026-05-18T09:54:43.594334
9,1137,0.02838059887290001,2026-05-18T09:54:43.656936
9,1138,0.030563857406377792,2026-05-18T09:54:44.361499
9,1139,0.026480557397007942,2026-05-18T09:54:44.422301
9,1140,0.025202369317412376,2026-05-18T09:54:44.492171
9,1141,0.02805238403379917,2026-05-18T09:54:44.553408
9,1142,0.026522772386670113,2026-05-18T09:54:45.154745
9,1143,0.026392266154289246,2026-05-18T09:54:45.221490
9,1144,0.02510537952184677,2026-05-18T09:54:45.284452
9,1145,0.023339513689279556,2026-05-18T09:54:45.346691
9,1146,0.026738354936242104,2026-05-18T09:54:45.969239
9,1147,0.02589895948767662,2026-05-18T09:54:46.028953
10,0,0.02783197909593582,2026-05-18T09:54:55.389875
10,1,0.02750285156071186,2026-05-18T09:54:55.466688
10,2,0.02692405879497528,2026-05-18T09:54:55.540106
10,3,0.026289241388440132,2026-05-18T09:54:55.610538
10,4,0.03277242183685303,2026-05-18T09:54:55.916403
10,5,0.025522779673337936,2026-05-18T09:54:55.975644
10,6,0.026990650221705437,2026-05-18T09:54:56.035565
10,7,0.027096403762698174,2026-05-18T09:54:56.095711
10,8,0.028061794117093086,2026-05-18T09:54:56.756286
10,9,0.02578541822731495,2026-05-18T09:54:56.819530
10,10,0.02548098750412464,2026-05-18T09:54:56.881562
10,11,0.0313500352203846,2026-05-18T09:54:56.944544
10,12,0.03215405344963074,2026-05-18T09:54:57.479404
10,13,0.028280014172196388,2026-05-18T09:54:57.540064
10,14,0.030597925186157227,2026-05-18T09:54:57.602589
10,15,0.025704149156808853,2026-05-18T09:54:57.668267
10,16,0.027456602081656456,2026-05-18T09:54:58.318541
10,17,0.027706319466233253,2026-05-18T09:54:58.384790
10,18,0.026431607082486153,2026-05-18T09:54:58.510147
10,19,0.025908486917614937,2026-05-18T09:54:58.578761
10,20,0.025868121534585953,2026-05-18T09:54:59.244462
10,21,0.026225224137306213,2026-05-18T09:54:59.307308
10,22,0.025263510644435883,2026-05-18T09:54:59.370265
10,23,0.02627452276647091,2026-05-18T09:54:59.433533
10,24,0.02911834791302681,2026-05-18T09:54:59.377030
10,25,0.027380848303437233,2026-05-18T09:54:59.437047
10,26,0.026004208251833916,2026-05-18T09:54:59.499608
10,27,0.029049817472696304,2026-05-18T09:54:59.561376
10,28,0.025360342115163803,2026-05-18T09:55:00.151374
10,29,0.02647171914577484,2026-05-18T09:55:00.214365
10,30,0.028460480272769928,2026-05-18T09:55:00.283663
10,31,0.03117355704307556,2026-05-18T09:55:00.346966
10,32,0.02660885639488697,2026-05-18T09:55:00.819163
10,33,0.02847776748239994,2026-05-18T09:55:00.881072
10,34,0.027818424627184868,2026-05-18T09:55:00.949184
10,35,0.02662711963057518,2026-05-18T09:55:01.031577
10,36,0.029758479446172714,2026-05-18T09:55:01.541299
10,37,0.030014527961611748,2026-05-18T09:55:01.604488
10,38,0.037449561059474945,2026-05-18T09:55:01.671101
10,39,0.02959338203072548,2026-05-18T09:55:01.734251
10,40,0.03181721270084381,2026-05-18T09:55:02.201835
10,41,0.026852739974856377,2026-05-18T09:55:02.275884
10,42,0.03136336803436279,2026-05-18T09:55:02.338201
10,43,0.029107926413416862,2026-05-18T09:55:02.401668
10,44,0.024923210963606834,2026-05-18T09:55:02.850046
10,45,0.03018137253820896,2026-05-18T09:55:02.983472
10,46,0.026576045900583267,2026-05-18T09:55:03.046685
10,47,0.025386624038219452,2026-05-18T09:55:03.107370
10,48,0.023977961391210556,2026-05-18T09:55:03.586152
10,49,0.0293294545263052,2026-05-18T09:55:03.677114
10,50,0.026096977293491364,2026-05-18T09:55:03.736927
10,51,0.025315428152680397,2026-05-18T09:55:03.797458
10,52,0.03136179968714714,2026-05-18T09:55:04.356810
10,53,0.02938891015946865,2026-05-18T09:55:04.420665
10,54,0.022233597934246063,2026-05-18T09:55:04.528206
10,55,0.027865972369909286,2026-05-18T09:55:04.593069
10,56,0.02618143893778324,2026-05-18T09:55:05.214737
10,57,0.026868125423789024,2026-05-18T09:55:05.277237
10,58,0.02436472848057747,2026-05-18T09:55:05.338756
10,59,0.028351349756121635,2026-05-18T09:55:05.399510
10,60,0.027256429195404053,2026-05-18T09:55:05.827869
10,61,0.0277188029140234,2026-05-18T09:55:05.891276
10,62,0.024893930181860924,2026-05-18T09:55:05.975057
10,63,0.030445128679275513,2026-05-18T09:55:06.083586
10,64,0.036226291209459305,2026-05-18T09:55:06.508745
10,65,0.029063858091831207,2026-05-18T09:55:06.573193
10,66,0.026675995439291,2026-05-18T09:55:06.753672
10,67,0.02423831820487976,2026-05-18T09:55:06.882084
10,68,0.02871670015156269,2026-05-18T09:55:07.336331
10,69,0.02625027671456337,2026-05-18T09:55:07.465336
10,70,0.02585015632212162,2026-05-18T09:55:07.527765
10,71,0.02968450076878071,2026-05-18T09:55:07.591110
10,72,0.02518843486905098,2026-05-18T09:55:08.211180
10,73,0.03212195634841919,2026-05-18T09:55:08.276696
10,74,0.02833252027630806,2026-05-18T09:55:08.338851
10,75,0.028917310759425163,2026-05-18T09:55:08.572600
10,76,0.024658821523189545,2026-05-18T09:55:09.030968
10,77,0.026955068111419678,2026-05-18T09:55:09.094265
10,78,0.02700771763920784,2026-05-18T09:55:09.159387
10,79,0.024925967678427696,2026-05-18T09:55:09.376818
10,80,0.024693917483091354,2026-05-18T09:55:09.759098
10,81,0.027258995920419693,2026-05-18T09:55:09.821778
10,82,0.02904490754008293,2026-05-18T09:55:09.893395
10,83,0.026969099417328835,2026-05-18T09:55:10.202865
10,84,0.02551337331533432,2026-05-18T09:55:10.612661
10,85,0.026584874838590622,2026-05-18T09:55:10.675749
10,86,0.027520518749952316,2026-05-18T09:55:10.739409
10,87,0.02562892623245716,2026-05-18T09:55:11.023526
10,88,0.02832411229610443,2026-05-18T09:55:11.408019
10,89,0.030101755633950233,2026-05-18T09:55:11.471968
10,90,0.026886602863669395,2026-05-18T09:55:11.535770
10,91,0.027260595932602882,2026-05-18T09:55:11.634403
10,92,0.02618100494146347,2026-05-18T09:55:12.240578
10,93,0.029133949428796768,2026-05-18T09:55:12.309262
10,94,0.02581942453980446,2026-05-18T09:55:12.376028
10,95,0.02546042948961258,2026-05-18T09:55:12.490855
10,96,0.024026842787861824,2026-05-18T09:55:13.053457
10,97,0.024827422574162483,2026-05-18T09:55:13.113825
10,98,0.027812544256448746,2026-05-18T09:55:13.178517
10,99,0.030467046424746513,2026-05-18T09:55:13.240375
10,100,0.026234151795506477,2026-05-18T09:55:13.882300
10,101,0.03451104462146759,2026-05-18T09:55:13.948455
10,102,0.02908290922641754,2026-05-18T09:55:14.017985
10,103,0.030522512272000313,2026-05-18T09:55:14.083165
10,104,0.03236906975507736,2026-05-18T09:55:14.610301
10,105,0.023423314094543457,2026-05-18T09:55:14.670018
10,106,0.024987908080220222,2026-05-18T09:55:14.732402
10,107,0.026660628616809845,2026-05-18T09:55:14.795672
10,108,0.03153848275542259,2026-05-18T09:55:15.318772
10,109,0.02635890059173107,2026-05-18T09:55:15.382059
10,110,0.030657703056931496,2026-05-18T09:55:15.445455
10,111,0.025113090872764587,2026-05-18T09:55:15.508067
10,112,0.029880238696932793,2026-05-18T09:55:16.056977
10,113,0.02530078962445259,2026-05-18T09:55:16.155352
10,114,0.02915576845407486,2026-05-18T09:55:16.218894
10,115,0.02874555066227913,2026-05-18T09:55:16.284041
10,116,0.024284742772579193,2026-05-18T09:55:16.738808
10,117,0.028767982497811317,2026-05-18T09:55:16.937423
10,118,0.028132682666182518,2026-05-18T09:55:17.063962
10,119,0.02609563246369362,2026-05-18T09:55:17.129823
10,120,0.02433711476624012,2026-05-18T09:55:17.607616
10,121,0.02470104955136776,2026-05-18T09:55:17.807697
10,122,0.02674970217049122,2026-05-18T09:55:17.907785
10,123,0.026530161499977112,2026-05-18T09:55:17.969419
10,124,0.026586581021547318,2026-05-18T09:55:18.536785
10,125,0.02553502656519413,2026-05-18T09:55:18.750367
10,126,0.026240330189466476,2026-05-18T09:55:18.924193
10,127,0.03301127627491951,2026-05-18T09:55:18.987418
10,128,0.02680477872490883,2026-05-18T09:55:19.385444
10,129,0.025468265637755394,2026-05-18T09:55:19.583253
10,130,0.028956085443496704,2026-05-18T09:55:19.888318
10,131,0.030903605744242668,2026-05-18T09:55:19.951342
10,132,0.026407646015286446,2026-05-18T09:55:20.157377
10,133,0.028085779398679733,2026-05-18T09:55:20.341619
10,134,0.026534073054790497,2026-05-18T09:55:20.689295
10,135,0.02844061516225338,2026-05-18T09:55:20.750513
10,136,0.030682360753417015,2026-05-18T09:55:20.970715
10,137,0.026558151468634605,2026-05-18T09:55:21.046062
10,138,0.02698182314634323,2026-05-18T09:55:21.554546
10,139,0.02574099414050579,2026-05-18T09:55:21.616943
10,140,0.030579395592212677,2026-05-18T09:55:21.680108
10,141,0.02502848021686077,2026-05-18T09:55:21.894687
10,142,0.02442929893732071,2026-05-18T09:55:22.301556
10,143,0.025326475501060486,2026-05-18T09:55:22.362086
10,144,0.02945028617978096,2026-05-18T09:55:22.559429
10,145,0.03324396163225174,2026-05-18T09:55:22.763961
10,146,0.029276642948389053,2026-05-18T09:55:23.149618
10,147,0.026847386732697487,2026-05-18T09:55:23.211737
10,148,0.02634653076529503,2026-05-18T09:55:23.318952
10,149,0.02387019619345665,2026-05-18T09:55:23.560041
10,150,0.02556769922375679,2026-05-18T09:55:24.015550
10,151,0.02642819471657276,2026-05-18T09:55:24.077295
10,152,0.02706170454621315,2026-05-18T09:55:24.199667
10,153,0.027290308848023415,2026-05-18T09:55:24.320365
10,154,0.027984585613012314,2026-05-18T09:55:24.825427
10,155,0.02644319087266922,2026-05-18T09:55:24.886467
10,156,0.030128218233585358,2026-05-18T09:55:24.947774
10,157,0.029277270659804344,2026-05-18T09:55:25.039063
10,158,0.02793091908097267,2026-05-18T09:55:25.646287
10,159,0.028531555086374283,2026-05-18T09:55:25.715762
10,160,0.026796339079737663,2026-05-18T09:55:25.861124
10,161,0.02658938243985176,2026-05-18T09:55:25.929692
10,162,0.03395181521773338,2026-05-18T09:55:26.341413
10,163,0.026240555569529533,2026-05-18T09:55:26.402038
10,164,0.027134863659739494,2026-05-18T09:55:26.519798
10,165,0.0331527441740036,2026-05-18T09:55:26.755831
10,166,0.030046135187149048,2026-05-18T09:55:27.137106
10,167,0.024724537506699562,2026-05-18T09:55:27.198590
10,168,0.028688659891486168,2026-05-18T09:55:27.380811
10,169,0.024891812354326248,2026-05-18T09:55:27.441254
10,170,0.02690419740974903,2026-05-18T09:55:27.817753
10,171,0.026705767959356308,2026-05-18T09:55:27.877396
10,172,0.03676661476492882,2026-05-18T09:55:28.066896
10,173,0.029071787372231483,2026-05-18T09:55:28.249173
10,174,0.026997873559594154,2026-05-18T09:55:28.638975
10,175,0.029325226321816444,2026-05-18T09:55:28.698999
10,176,0.02832084894180298,2026-05-18T09:55:28.829197
10,177,0.027085252106189728,2026-05-18T09:55:29.058095
10,178,0.028309745714068413,2026-05-18T09:55:29.505945
10,179,0.025336572900414467,2026-05-18T09:55:29.566177
10,180,0.027841860428452492,2026-05-18T09:55:29.690896
10,181,0.028480559587478638,2026-05-18T09:55:30.012604
10,182,0.027455560863018036,2026-05-18T09:55:30.391640
10,183,0.03739273175597191,2026-05-18T09:55:30.453264
10,184,0.028410211205482483,2026-05-18T09:55:30.539688
10,185,0.02868027240037918,2026-05-18T09:55:30.706424
10,186,0.02964296005666256,2026-05-18T09:55:31.229879
10,187,0.02871701307594776,2026-05-18T09:55:31.295914
10,188,0.026106195524334908,2026-05-18T09:55:31.390674
10,189,0.027567874640226364,2026-05-18T09:55:31.563931
10,190,0.02518193982541561,2026-05-18T09:55:31.355893
10,191,0.026710331439971924,2026-05-18T09:55:31.419200
10,192,0.024702420458197594,2026-05-18T09:55:31.686892
10,193,0.026075266301631927,2026-05-18T09:55:31.867460
10,194,0.0259346105158329,2026-05-18T09:55:32.208911
10,195,0.02706656977534294,2026-05-18T09:55:32.269734
10,196,0.03270462155342102,2026-05-18T09:55:32.518286
10,197,0.025705285370349884,2026-05-18T09:55:32.638933
10,198,0.02861897088587284,2026-05-18T09:55:33.129629
10,199,0.03185880184173584,2026-05-18T09:55:33.194870
10,200,0.027874471619725227,2026-05-18T09:55:33.306558
10,201,0.02700008824467659,2026-05-18T09:55:33.494310
10,202,0.02816813439130783,2026-05-18T09:55:33.822043
10,203,0.027336500585079193,2026-05-18T09:55:33.882085
10,204,0.028106732293963432,2026-05-18T09:55:34.002299
10,205,0.02902008406817913,2026-05-18T09:55:34.364236
10,206,0.028436478227376938,2026-05-18T09:55:34.630203
10,207,0.02508450858294964,2026-05-18T09:55:34.695051
10,208,0.027468224987387657,2026-05-18T09:55:35.039678
10,209,0.03552574664354324,2026-05-18T09:55:35.101715
10,210,0.023811116814613342,2026-05-18T09:55:35.378438
10,211,0.03341841325163841,2026-05-18T09:55:35.438538
10,212,0.025464238598942757,2026-05-18T09:55:35.841525
10,213,0.028439529240131378,2026-05-18T09:55:35.915957
10,214,0.027346840128302574,2026-05-18T09:55:36.126726
10,215,0.028277985751628876,2026-05-18T09:55:36.187235
10,216,0.02483122982084751,2026-05-18T09:55:36.683691
10,217,0.02503708191215992,2026-05-18T09:55:36.742804
10,218,0.027984758839011192,2026-05-18T09:55:36.862750
10,219,0.02662992849946022,2026-05-18T09:55:37.050710
10,220,0.026604585349559784,2026-05-18T09:55:37.427910
10,221,0.031008556485176086,2026-05-18T09:55:37.677691
10,222,0.02642861194908619,2026-05-18T09:55:37.756849
10,223,0.025700800120830536,2026-05-18T09:55:38.002144
10,224,0.026127958670258522,2026-05-18T09:55:38.218984
10,225,0.02622465044260025,2026-05-18T09:55:38.578142
10,226,0.026689479127526283,2026-05-18T09:55:38.676438
10,227,0.02921087108552456,2026-05-18T09:55:38.747455
10,228,0.030444609001278877,2026-05-18T09:55:38.811405
10,229,0.026805758476257324,2026-05-18T09:55:39.456572
10,230,0.02909059263765812,2026-05-18T09:55:39.519134
10,231,0.025034938007593155,2026-05-18T09:55:39.580972
10,232,0.027445534244179726,2026-05-18T09:55:39.717229
10,233,0.02653137594461441,2026-05-18T09:55:40.249903
10,234,0.026265187188982964,2026-05-18T09:55:40.415941
10,235,0.028624597936868668,2026-05-18T09:55:40.475864
10,236,0.025910304859280586,2026-05-18T09:55:40.587711
10,237,0.025212153792381287,2026-05-18T09:55:41.020819
10,238,0.025177760049700737,2026-05-18T09:55:41.132122
10,239,0.02702678181231022,2026-05-18T09:55:41.195353
10,240,0.02564467303454876,2026-05-18T09:55:41.451528
10,241,0.029168831184506416,2026-05-18T09:55:41.687947
10,242,0.03003791719675064,2026-05-18T09:55:41.993459
10,243,0.025364184752106667,2026-05-18T09:55:42.056333
10,244,0.02957417070865631,2026-05-18T09:55:42.421222
10,245,0.02712414041161537,2026-05-18T09:55:42.637195
10,246,0.02758146822452545,2026-05-18T09:55:42.867330
10,247,0.02709619142115116,2026-05-18T09:55:42.930467
10,248,0.03661992773413658,2026-05-18T09:55:43.392292
10,249,0.030630989000201225,2026-05-18T09:55:43.455977
10,250,0.027245840057730675,2026-05-18T09:55:43.590239
10,251,0.03195792809128761,2026-05-18T09:55:43.652638
10,252,0.02504752390086651,2026-05-18T09:55:44.295163
10,253,0.028230387717485428,2026-05-18T09:55:44.368232
10,254,0.03133981302380562,2026-05-18T09:55:44.587352
10,255,0.025558866560459137,2026-05-18T09:55:44.656907
10,256,0.030740180984139442,2026-05-18T09:55:45.137742
10,257,0.029773330315947533,2026-05-18T09:55:45.202896
10,258,0.026736505329608917,2026-05-18T09:55:45.481938
10,259,0.02839229628443718,2026-05-18T09:55:45.545385
10,260,0.02538830041885376,2026-05-18T09:55:45.947397
10,261,0.026305435225367546,2026-05-18T09:55:46.013788
10,262,0.036437828093767166,2026-05-18T09:55:46.412308
10,263,0.02986089140176773,2026-05-18T09:55:46.472776
10,264,0.030173862352967262,2026-05-18T09:55:46.789641
10,265,0.023662151768803596,2026-05-18T09:55:46.854895
10,266,0.0352441780269146,2026-05-18T09:55:47.084092
10,267,0.028439542278647423,2026-05-18T09:55:47.144138
10,268,0.031079739332199097,2026-05-18T09:55:47.689481
10,269,0.027536233887076378,2026-05-18T09:55:47.750339
10,270,0.028207961469888687,2026-05-18T09:55:47.841185
10,271,0.028418689966201782,2026-05-18T09:55:47.902306
10,272,0.030043883249163628,2026-05-18T09:55:48.618589
10,273,0.027382049709558487,2026-05-18T09:55:48.681422
10,274,0.02714841067790985,2026-05-18T09:55:48.743912
10,275,0.025893408805131912,2026-05-18T09:55:48.810498
10,276,0.025302888825535774,2026-05-18T09:55:49.419299
10,277,0.02835085429251194,2026-05-18T09:55:49.479887
10,278,0.028661437332630157,2026-05-18T09:55:49.540918
10,279,0.02757667936384678,2026-05-18T09:55:49.602395
10,280,0.02794978767633438,2026-05-18T09:55:50.334871
10,281,0.027210811153054237,2026-05-18T09:55:50.398404
10,282,0.02616739086806774,2026-05-18T09:55:50.462200
10,283,0.03516458719968796,2026-05-18T09:55:50.525757
10,284,0.028729937970638275,2026-05-18T09:55:51.168376
10,285,0.025991005823016167,2026-05-18T09:55:51.231928
10,286,0.02581501193344593,2026-05-18T09:55:51.292250
10,287,0.026188189163804054,2026-05-18T09:55:51.354957
10,288,0.028320081532001495,2026-05-18T09:55:52.004537
10,289,0.028278682380914688,2026-05-18T09:55:52.066826
10,290,0.027445219457149506,2026-05-18T09:55:52.129478
10,291,0.027580801397562027,2026-05-18T09:55:52.192492
10,292,0.028834309428930283,2026-05-18T09:55:52.729657
10,293,0.030884793028235435,2026-05-18T09:55:52.791024
10,294,0.03305473178625107,2026-05-18T09:55:52.852730
10,295,0.026879720389842987,2026-05-18T09:55:52.916792
10,296,0.027391182258725166,2026-05-18T09:55:53.601165
10,297,0.02912355586886406,2026-05-18T09:55:53.664639
10,298,0.02726377733051777,2026-05-18T09:55:53.727877
10,299,0.02910802885890007,2026-05-18T09:55:53.799550
10,300,0.026233535259962082,2026-05-18T09:55:54.437527
10,301,0.02556116320192814,2026-05-18T09:55:54.497704
10,302,0.02663463167846203,2026-05-18T09:55:54.559493
10,303,0.028240319341421127,2026-05-18T09:55:54.620278
10,304,0.02308317832648754,2026-05-18T09:55:55.257807
10,305,0.02666000835597515,2026-05-18T09:55:55.321754
10,306,0.02637709304690361,2026-05-18T09:55:55.384980
10,307,0.026450490579009056,2026-05-18T09:55:55.447852
10,308,0.026277130469679832,2026-05-18T09:55:55.949395
10,309,0.024825790897011757,2026-05-18T09:55:56.012568
10,310,0.029808849096298218,2026-05-18T09:55:56.074669
10,311,0.02646382711827755,2026-05-18T09:55:56.136223
10,312,0.028517667204141617,2026-05-18T09:55:57.011227
10,313,0.02552866004407406,2026-05-18T09:55:57.077601
10,314,0.0247818436473608,2026-05-18T09:55:57.145164
10,315,0.027171187102794647,2026-05-18T09:55:57.220620
10,316,0.028096754103899002,2026-05-18T09:55:57.927648
10,317,0.029309308156371117,2026-05-18T09:55:57.990216
10,318,0.023648405447602272,2026-05-18T09:55:58.092549
10,319,0.0269937627017498,2026-05-18T09:55:58.155801
10,320,0.025501636788249016,2026-05-18T09:55:58.764179
10,321,0.02581956423819065,2026-05-18T09:55:58.827764
10,322,0.030441435053944588,2026-05-18T09:55:58.891981
10,323,0.026567712426185608,2026-05-18T09:55:58.958057
10,324,0.026647666469216347,2026-05-18T09:55:59.741538
10,325,0.02879127487540245,2026-05-18T09:55:59.803660
10,326,0.026885569095611572,2026-05-18T09:55:59.868762
10,327,0.025582026690244675,2026-05-18T09:55:59.931658
10,328,0.025012029334902763,2026-05-18T09:56:00.604279
10,329,0.026025528088212013,2026-05-18T09:56:00.667367
10,330,0.025763707235455513,2026-05-18T09:56:00.730721
10,331,0.027084998786449432,2026-05-18T09:56:00.793632
10,332,0.025743838399648666,2026-05-18T09:56:01.431983
10,333,0.026241010054945946,2026-05-18T09:56:01.492151
10,334,0.028706833720207214,2026-05-18T09:56:01.554473
10,335,0.02639108896255493,2026-05-18T09:56:01.616237
10,336,0.024774091318249702,2026-05-18T09:56:02.257235
10,337,0.02930893935263157,2026-05-18T09:56:02.320154
10,338,0.03400102257728577,2026-05-18T09:56:02.383327
10,339,0.028949478641152382,2026-05-18T09:56:02.447613
10,340,0.02774563431739807,2026-05-18T09:56:03.046070
10,341,0.02562912367284298,2026-05-18T09:56:03.107417
10,342,0.02806592732667923,2026-05-18T09:56:03.168795
10,343,0.023833932355046272,2026-05-18T09:56:03.229683
10,344,0.02588718570768833,2026-05-18T09:56:03.474072
10,345,0.026800841093063354,2026-05-18T09:56:03.541803
10,346,0.029759543016552925,2026-05-18T09:56:03.606579
10,347,0.026017675176262856,2026-05-18T09:56:03.672852
10,348,0.027212198823690414,2026-05-18T09:56:04.396986
10,349,0.026095762848854065,2026-05-18T09:56:04.460056
10,350,0.02741720899939537,2026-05-18T09:56:04.523018
10,351,0.026027124375104904,2026-05-18T09:56:04.586759
10,352,0.027103612199425697,2026-05-18T09:56:05.252330
10,353,0.024759162217378616,2026-05-18T09:56:05.317252
10,354,0.02831284888088703,2026-05-18T09:56:05.378013
10,355,0.02487877942621708,2026-05-18T09:56:05.441013
10,356,0.027076099067926407,2026-05-18T09:56:06.022500
10,357,0.026158954948186874,2026-05-18T09:56:06.084930
10,358,0.02808959223330021,2026-05-18T09:56:06.152770
10,359,0.026669463142752647,2026-05-18T09:56:06.216715
10,360,0.027439666911959648,2026-05-18T09:56:06.713410
10,361,0.02507641166448593,2026-05-18T09:56:06.773623
10,362,0.030803510919213295,2026-05-18T09:56:06.834754
10,363,0.026192208752036095,2026-05-18T09:56:06.894893
10,364,0.029857078567147255,2026-05-18T09:56:07.500026
10,365,0.023680292069911957,2026-05-18T09:56:07.563874
10,366,0.026751523837447166,2026-05-18T09:56:07.634477
10,367,0.027883820235729218,2026-05-18T09:56:07.700568
10,368,0.02722252532839775,2026-05-18T09:56:08.411861
10,369,0.027903106063604355,2026-05-18T09:56:08.478456
10,370,0.032744258642196655,2026-05-18T09:56:08.540092
10,371,0.025184718891978264,2026-05-18T09:56:08.602728
10,372,0.028110843151807785,2026-05-18T09:56:09.231752
10,373,0.027462003752589226,2026-05-18T09:56:09.291626
10,374,0.023860476911067963,2026-05-18T09:56:09.352128
10,375,0.025760702788829803,2026-05-18T09:56:09.414445
10,376,0.027340499684214592,2026-05-18T09:56:09.942491
10,377,0.024821722880005836,2026-05-18T09:56:10.005556
10,378,0.028891263529658318,2026-05-18T09:56:10.068644
10,379,0.02797948382794857,2026-05-18T09:56:10.131889
10,380,0.024846084415912628,2026-05-18T09:56:10.780519
10,381,0.02680995687842369,2026-05-18T09:56:10.840254
10,382,0.027278870344161987,2026-05-18T09:56:10.901192
10,383,0.02712705358862877,2026-05-18T09:56:10.964750
10,384,0.02838233858346939,2026-05-18T09:56:11.593670
10,385,0.02775609865784645,2026-05-18T09:56:11.657083
10,386,0.025363357737660408,2026-05-18T09:56:11.721566
10,387,0.0318717285990715,2026-05-18T09:56:11.784349
10,388,0.026303792372345924,2026-05-18T09:56:12.457806
10,389,0.03315713256597519,2026-05-18T09:56:12.518455
10,390,0.031137211248278618,2026-05-18T09:56:12.579952
10,391,0.027632761746644974,2026-05-18T09:56:12.645685
10,392,0.02759937196969986,2026-05-18T09:56:13.520659
10,393,0.025931341573596,2026-05-18T09:56:13.587475
10,394,0.027565140277147293,2026-05-18T09:56:13.651739
10,395,0.0283108651638031,2026-05-18T09:56:13.716560
10,396,0.02987021394073963,2026-05-18T09:56:14.423762
10,397,0.029857313260436058,2026-05-18T09:56:14.489937
10,398,0.026614291593432426,2026-05-18T09:56:14.555784
10,399,0.028411027044057846,2026-05-18T09:56:14.625122
10,400,0.023234017193317413,2026-05-18T09:56:15.297984
10,401,0.02580331265926361,2026-05-18T09:56:15.363970
10,402,0.03355679661035538,2026-05-18T09:56:15.429848
10,403,0.02845001593232155,2026-05-18T09:56:15.496377
10,404,0.02753574214875698,2026-05-18T09:56:16.139627
10,405,0.026000289246439934,2026-05-18T09:56:16.202116
10,406,0.025675145909190178,2026-05-18T09:56:16.266305
10,407,0.027950219810009003,2026-05-18T09:56:16.331282
10,408,0.03023678995668888,2026-05-18T09:56:17.006225
10,409,0.0244926605373621,2026-05-18T09:56:17.069294
10,410,0.025584472343325615,2026-05-18T09:56:17.135660
10,411,0.025716403499245644,2026-05-18T09:56:17.198497
10,412,0.025094596669077873,2026-05-18T09:56:17.774478
10,413,0.026427486911416054,2026-05-18T09:56:17.835611
10,414,0.02880663052201271,2026-05-18T09:56:17.899761
10,415,0.02450411394238472,2026-05-18T09:56:17.961821
10,416,0.025921672582626343,2026-05-18T09:56:18.726903
10,417,0.025592850521206856,2026-05-18T09:56:18.790354
10,418,0.02632821537554264,2026-05-18T09:56:18.896618
10,419,0.025506766512989998,2026-05-18T09:56:18.959715
10,420,0.026721255853772163,2026-05-18T09:56:19.522647
10,421,0.03302424028515816,2026-05-18T09:56:19.584067
10,422,0.026706386357545853,2026-05-18T09:56:19.646334
10,423,0.029209638014435768,2026-05-18T09:56:19.707230
10,424,0.025152428075671196,2026-05-18T09:56:20.325021
10,425,0.02533779852092266,2026-05-18T09:56:20.387830
10,426,0.025672178715467453,2026-05-18T09:56:20.451622
10,427,0.02609388716518879,2026-05-18T09:56:20.522301
10,428,0.03161541372537613,2026-05-18T09:56:21.193350
10,429,0.028371697291731834,2026-05-18T09:56:21.253480
10,430,0.03187529370188713,2026-05-18T09:56:21.318273
10,431,0.030057627707719803,2026-05-18T09:56:21.380330
10,432,0.029998788610100746,2026-05-18T09:56:21.985032
10,433,0.02966276928782463,2026-05-18T09:56:22.055981
10,434,0.02817974053323269,2026-05-18T09:56:22.121138
10,435,0.02670770324766636,2026-05-18T09:56:22.182927
10,436,0.02774653211236,2026-05-18T09:56:22.649111
10,437,0.02835005708038807,2026-05-18T09:56:23.014396
10,438,0.026266075670719147,2026-05-18T09:56:23.074879
10,439,0.025818288326263428,2026-05-18T09:56:23.136533
10,440,0.025410473346710205,2026-05-18T09:56:23.487539
10,441,0.029256463050842285,2026-05-18T09:56:23.842827
10,442,0.030165698379278183,2026-05-18T09:56:23.907514
10,443,0.026509791612625122,2026-05-18T09:56:23.972541
10,444,0.026587575674057007,2026-05-18T09:56:24.315717
10,445,0.02485087513923645,2026-05-18T09:56:24.605935
10,446,0.0313335545361042,2026-05-18T09:56:24.776082
10,447,0.029991455376148224,2026-05-18T09:56:24.840899
10,448,0.036595121026039124,2026-05-18T09:56:25.108980
10,449,0.030736394226551056,2026-05-18T09:56:25.596819
10,450,0.028887130320072174,2026-05-18T09:56:25.662737
10,451,0.028944460675120354,2026-05-18T09:56:25.724149
10,452,0.029070114716887474,2026-05-18T09:56:25.961953
10,453,0.029406925663352013,2026-05-18T09:56:26.384497
10,454,0.028634946793317795,2026-05-18T09:56:26.447333
10,455,0.02660938911139965,2026-05-18T09:56:26.509213
10,456,0.02746325358748436,2026-05-18T09:56:26.930551
10,457,0.032317209988832474,2026-05-18T09:56:27.284049
10,458,0.027202285826206207,2026-05-18T09:56:27.344884
10,459,0.02710561826825142,2026-05-18T09:56:27.407852
10,460,0.025794319808483124,2026-05-18T09:56:27.871335
10,461,0.023148663341999054,2026-05-18T09:56:28.098712
10,462,0.02858637273311615,2026-05-18T09:56:28.163487
10,463,0.02973671443760395,2026-05-18T09:56:28.224860
10,464,0.0266178660094738,2026-05-18T09:56:28.722057
10,465,0.024165883660316467,2026-05-18T09:56:28.973572
10,466,0.03045373596251011,2026-05-18T09:56:29.039984
10,467,0.028204312548041344,2026-05-18T09:56:29.103208
10,468,0.027507109567523003,2026-05-18T09:56:29.664205
10,469,0.03064802847802639,2026-05-18T09:56:29.743033
10,470,0.032445311546325684,2026-05-18T09:56:29.973257
10,471,0.02435951679944992,2026-05-18T09:56:30.040144
10,472,0.02670110948383808,2026-05-18T09:56:30.634037
10,473,0.035857535898685455,2026-05-18T09:56:30.698320
10,474,0.029455821961164474,2026-05-18T09:56:30.761988
10,475,0.03399527817964554,2026-05-18T09:56:30.827483
10,476,0.024549905210733414,2026-05-18T09:56:31.553989
10,477,0.032583195716142654,2026-05-18T09:56:31.617229
10,478,0.02891334518790245,2026-05-18T09:56:31.683006
10,479,0.02640564925968647,2026-05-18T09:56:31.746757
10,480,0.03034786507487297,2026-05-18T09:56:32.456019
10,481,0.027537409216165543,2026-05-18T09:56:32.517352
10,482,0.032648518681526184,2026-05-18T09:56:32.579425
10,483,0.026778891682624817,2026-05-18T09:56:32.643272
10,484,0.025937259197235107,2026-05-18T09:56:33.328678
10,485,0.025870896875858307,2026-05-18T09:56:33.397362
10,486,0.03503246605396271,2026-05-18T09:56:33.460733
10,487,0.025503357872366905,2026-05-18T09:56:33.523904
10,488,0.02468627691268921,2026-05-18T09:56:34.343589
10,489,0.026178959757089615,2026-05-18T09:56:34.409904
10,490,0.02865666337311268,2026-05-18T09:56:34.472672
10,491,0.030828891322016716,2026-05-18T09:56:34.536204
10,492,0.023937681689858437,2026-05-18T09:56:35.088934
10,493,0.033624354749917984,2026-05-18T09:56:35.149666
10,494,0.02616226300597191,2026-05-18T09:56:35.227239
10,495,0.02867368422448635,2026-05-18T09:56:35.288035
10,496,0.02644912712275982,2026-05-18T09:56:35.535214
10,497,0.02780241332948208,2026-05-18T09:56:35.649359
10,498,0.027396779507398605,2026-05-18T09:56:35.713113
10,499,0.030024314299225807,2026-05-18T09:56:35.778107
10,500,0.02728668972849846,2026-05-18T09:56:36.382267
10,501,0.027025830000638962,2026-05-18T09:56:36.471970
10,502,0.023514561355113983,2026-05-18T09:56:36.556057
10,503,0.028385957702994347,2026-05-18T09:56:36.618983
10,504,0.03070240467786789,2026-05-18T09:56:37.355566
10,505,0.028786078095436096,2026-05-18T09:56:37.425704
10,506,0.027301499620079994,2026-05-18T09:56:37.492718
10,507,0.0344419926404953,2026-05-18T09:56:37.558067
10,508,0.029573624953627586,2026-05-18T09:56:38.161429
10,509,0.027806920930743217,2026-05-18T09:56:38.223951
10,510,0.02396107278764248,2026-05-18T09:56:38.338602
10,511,0.02670690044760704,2026-05-18T09:56:38.398822
10,512,0.027542518451809883,2026-05-18T09:56:39.066783
10,513,0.026939284056425095,2026-05-18T09:56:39.132544
10,514,0.0335589237511158,2026-05-18T09:56:39.338435
10,515,0.026555458083748817,2026-05-18T09:56:39.404821
10,516,0.028842266649007797,2026-05-18T09:56:40.075303
10,517,0.024954458698630333,2026-05-18T09:56:40.141700
10,518,0.03192322328686714,2026-05-18T09:56:40.318442
10,519,0.02805999666452408,2026-05-18T09:56:40.379818
10,520,0.026528913527727127,2026-05-18T09:56:40.742086
10,521,0.02856665477156639,2026-05-18T09:56:40.866671
10,522,0.0314842090010643,2026-05-18T09:56:41.119276
10,523,0.03243909776210785,2026-05-18T09:56:41.179795
10,524,0.0248555950820446,2026-05-18T09:56:41.712652
10,525,0.03063158504664898,2026-05-18T09:56:41.826117
10,526,0.02496158331632614,2026-05-18T09:56:41.886436
10,527,0.030403368175029755,2026-05-18T09:56:41.953355
10,528,0.027189787477254868,2026-05-18T09:56:42.619926
10,529,0.026977797970175743,2026-05-18T09:56:42.764218
10,530,0.031025994569063187,2026-05-18T09:56:42.827939
10,531,0.028595028445124626,2026-05-18T09:56:42.890657
10,532,0.028976919129490852,2026-05-18T09:56:43.403373
10,533,0.023334594443440437,2026-05-18T09:56:43.607823
10,534,0.02883891761302948,2026-05-18T09:56:43.667536
10,535,0.027794433757662773,2026-05-18T09:56:43.785450
10,536,0.02827761135995388,2026-05-18T09:56:44.318329
10,537,0.025177590548992157,2026-05-18T09:56:44.576826
10,538,0.026058364659547806,2026-05-18T09:56:44.637005
10,539,0.023764241486787796,2026-05-18T09:56:44.698609
10,540,0.025677219033241272,2026-05-18T09:56:45.473753
10,541,0.029189132153987885,2026-05-18T09:56:45.540616
10,542,0.028106430545449257,2026-05-18T09:56:45.606544
10,543,0.03431735187768936,2026-05-18T09:56:45.673675
10,544,0.025117691606283188,2026-05-18T09:56:46.665542
10,545,0.02972402796149254,2026-05-18T09:56:46.730985
10,546,0.030900314450263977,2026-05-18T09:56:46.797066
10,547,0.026668818667531013,2026-05-18T09:56:46.866999
10,548,0.03425915911793709,2026-05-18T09:56:47.570001
10,549,0.027593404054641724,2026-05-18T09:56:47.636261
10,550,0.02408612333238125,2026-05-18T09:56:47.701352
10,551,0.028476644307374954,2026-05-18T09:56:47.766174
10,552,0.025913547724485397,2026-05-18T09:56:48.564782
10,553,0.02704605832695961,2026-05-18T09:56:48.633393
10,554,0.028954945504665375,2026-05-18T09:56:48.698844
10,555,0.02477368712425232,2026-05-18T09:56:48.768767
10,556,0.034192897379398346,2026-05-18T09:56:49.525896
10,557,0.02612808160483837,2026-05-18T09:56:49.586484
10,558,0.02559625916182995,2026-05-18T09:56:49.646884
10,559,0.025810107588768005,2026-05-18T09:56:49.708411
10,560,0.02962411567568779,2026-05-18T09:56:50.629623
10,561,0.02443442866206169,2026-05-18T09:56:50.696998
10,562,0.03056890331208706,2026-05-18T09:56:50.761482
10,563,0.02515854500234127,2026-05-18T09:56:50.828260
10,564,0.03246216103434563,2026-05-18T09:56:51.598585
10,565,0.03126593306660652,2026-05-18T09:56:51.664923
10,566,0.027116432785987854,2026-05-18T09:56:51.728203
10,567,0.027167199179530144,2026-05-18T09:56:51.791759
10,568,0.027715619653463364,2026-05-18T09:56:52.507208
10,569,0.027372900396585464,2026-05-18T09:56:52.570183
10,570,0.02484385296702385,2026-05-18T09:56:52.632962
10,571,0.025993946939706802,2026-05-18T09:56:52.695205
10,572,0.024502389132976532,2026-05-18T09:56:53.493342
10,573,0.027047181501984596,2026-05-18T09:56:53.557070
10,574,0.02963981218636036,2026-05-18T09:56:53.620097
10,575,0.024624338373541832,2026-05-18T09:56:53.683293
10,576,0.026766082271933556,2026-05-18T09:56:54.422544
10,577,0.026261797174811363,2026-05-18T09:56:54.486001
10,578,0.023169860243797302,2026-05-18T09:56:54.549065
10,579,0.02542913518846035,2026-05-18T09:56:54.615731
10,580,0.02558363415300846,2026-05-18T09:56:55.465100
10,581,0.024761857464909554,2026-05-18T09:56:55.532442
10,582,0.024960191920399666,2026-05-18T09:56:55.609445
10,583,0.027504870668053627,2026-05-18T09:56:55.672989
10,584,0.02515885978937149,2026-05-18T09:56:56.451988
10,585,0.029563290998339653,2026-05-18T09:56:56.516337
10,586,0.025963429361581802,2026-05-18T09:56:56.579788
10,587,0.027494149282574654,2026-05-18T09:56:56.643077
10,588,0.03531750664114952,2026-05-18T09:56:57.437172
10,589,0.03317330777645111,2026-05-18T09:56:57.497854
10,590,0.025741692632436752,2026-05-18T09:56:57.559559
10,591,0.0264398492872715,2026-05-18T09:56:57.621091
10,592,0.029987754300236702,2026-05-18T09:56:58.341934
10,593,0.03143823519349098,2026-05-18T09:56:58.409699
10,594,0.029766162857413292,2026-05-18T09:56:58.473928
10,595,0.031572647392749786,2026-05-18T09:56:58.538528
10,596,0.02818508818745613,2026-05-18T09:56:59.215854
10,597,0.026016000658273697,2026-05-18T09:56:59.277172
10,598,0.02504785545170307,2026-05-18T09:56:59.338802
10,599,0.02451433800160885,2026-05-18T09:56:59.412840
10,600,0.027542589232325554,2026-05-18T09:57:00.122336
10,601,0.027629325166344643,2026-05-18T09:57:00.185761
10,602,0.026012815535068512,2026-05-18T09:57:00.251523
10,603,0.03083059936761856,2026-05-18T09:57:00.314607
10,604,0.02563473768532276,2026-05-18T09:57:01.032675
10,605,0.03117792122066021,2026-05-18T09:57:01.095953
10,606,0.024753078818321228,2026-05-18T09:57:01.159089
10,607,0.030926410108804703,2026-05-18T09:57:01.222898
10,608,0.026381950825452805,2026-05-18T09:57:01.896277
10,609,0.034632906317710876,2026-05-18T09:57:01.960259
10,610,0.026611028239130974,2026-05-18T09:57:02.020856
10,611,0.026804108172655106,2026-05-18T09:57:02.084117
10,612,0.026849931105971336,2026-05-18T09:57:02.618156
10,613,0.027077853679656982,2026-05-18T09:57:02.678940
10,614,0.027925187721848488,2026-05-18T09:57:02.740800
10,615,0.02668977528810501,2026-05-18T09:57:02.802084
10,616,0.028333906084299088,2026-05-18T09:57:03.531300
10,617,0.029961491003632545,2026-05-18T09:57:03.597194
10,618,0.026166526600718498,2026-05-18T09:57:03.698164
10,619,0.02788969688117504,2026-05-18T09:57:03.761687
10,620,0.030707135796546936,2026-05-18T09:57:04.615911
10,621,0.02855892851948738,2026-05-18T09:57:04.679726
10,622,0.027309073135256767,2026-05-18T09:57:04.744087
10,623,0.02774674817919731,2026-05-18T09:57:04.811234
10,624,0.024453749880194664,2026-05-18T09:57:05.544541
10,625,0.029637105762958527,2026-05-18T09:57:05.607560
10,626,0.029049687087535858,2026-05-18T09:57:05.670888
10,627,0.027201322838664055,2026-05-18T09:57:05.735460
10,628,0.02695450931787491,2026-05-18T09:57:06.373351
10,629,0.02420375868678093,2026-05-18T09:57:06.437230
10,630,0.02646358124911785,2026-05-18T09:57:06.499776
10,631,0.02490137703716755,2026-05-18T09:57:06.563836
10,632,0.024602683261036873,2026-05-18T09:57:07.426483
10,633,0.025882218033075333,2026-05-18T09:57:07.489485
10,634,0.026548681780695915,2026-05-18T09:57:07.556598
10,635,0.026126492768526077,2026-05-18T09:57:07.619360
10,636,0.024624891579151154,2026-05-18T09:57:07.900249
10,637,0.02852320671081543,2026-05-18T09:57:07.963493
10,638,0.030557284131646156,2026-05-18T09:57:08.028847
10,639,0.024798916652798653,2026-05-18T09:57:08.092320
10,640,0.0279626976698637,2026-05-18T09:57:08.893663
10,641,0.026373786851763725,2026-05-18T09:57:08.956109
10,642,0.027651969343423843,2026-05-18T09:57:09.021941
10,643,0.025728091597557068,2026-05-18T09:57:09.087905
10,644,0.025842994451522827,2026-05-18T09:57:09.757179
10,645,0.028643164783716202,2026-05-18T09:57:09.822462
10,646,0.03203220292925835,2026-05-18T09:57:09.882300
10,647,0.02780318073928356,2026-05-18T09:57:09.943034
10,648,0.027387257665395737,2026-05-18T09:57:10.676316
10,649,0.026842987164855003,2026-05-18T09:57:10.738939
10,650,0.028278589248657227,2026-05-18T09:57:10.802112
10,651,0.028157168999314308,2026-05-18T09:57:10.865105
10,652,0.026107899844646454,2026-05-18T09:57:11.549817
10,653,0.026027949526906013,2026-05-18T09:57:11.612099
10,654,0.028030766174197197,2026-05-18T09:57:11.678368
10,655,0.028096210211515427,2026-05-18T09:57:11.741218
10,656,0.026096409186720848,2026-05-18T09:57:12.373780
10,657,0.030729426071047783,2026-05-18T09:57:12.434788
10,658,0.0262050349265337,2026-05-18T09:57:12.496229
10,659,0.02372077666223049,2026-05-18T09:57:12.557104
10,660,0.03242245316505432,2026-05-18T09:57:13.290892
10,661,0.02828820049762726,2026-05-18T09:57:13.353818
10,662,0.02643527463078499,2026-05-18T09:57:13.416573
10,663,0.03037836402654648,2026-05-18T09:57:13.482684
10,664,0.031080881133675575,2026-05-18T09:57:14.143588
10,665,0.026399997994303703,2026-05-18T09:57:14.208437
10,666,0.02760792337357998,2026-05-18T09:57:14.271551
10,667,0.028219129890203476,2026-05-18T09:57:14.334839
10,668,0.0258786678314209,2026-05-18T09:57:15.076508
10,669,0.02571132592856884,2026-05-18T09:57:15.143000
10,670,0.029238685965538025,2026-05-18T09:57:15.204389
10,671,0.028508905321359634,2026-05-18T09:57:15.266912
10,672,0.025859026238322258,2026-05-18T09:57:16.080478
10,673,0.025683680549263954,2026-05-18T09:57:16.143494
10,674,0.028070246800780296,2026-05-18T09:57:16.205844
10,675,0.022906390950083733,2026-05-18T09:57:16.269146
10,676,0.026810362935066223,2026-05-18T09:57:17.020257
10,677,0.024807531386613846,2026-05-18T09:57:17.085878
10,678,0.028153764083981514,2026-05-18T09:57:17.152312
10,679,0.02508876658976078,2026-05-18T09:57:17.220728
10,680,0.030180558562278748,2026-05-18T09:57:17.955801
10,681,0.029045982286334038,2026-05-18T09:57:18.023559
10,682,0.02900785207748413,2026-05-18T09:57:18.091405
10,683,0.029747052118182182,2026-05-18T09:57:18.154888
10,684,0.02567441761493683,2026-05-18T09:57:18.891133
10,685,0.02676825039088726,2026-05-18T09:57:18.956695
10,686,0.02606503665447235,2026-05-18T09:57:19.023329
10,687,0.025581324473023415,2026-05-18T09:57:19.089984
10,688,0.02474895864725113,2026-05-18T09:57:19.814825
10,689,0.03241052106022835,2026-05-18T09:57:19.877720
10,690,0.0268957931548357,2026-05-18T09:57:19.941752
10,691,0.031730327755212784,2026-05-18T09:57:20.006841
10,692,0.024859009310603142,2026-05-18T09:57:20.911698
10,693,0.025837022811174393,2026-05-18T09:57:20.975572
10,694,0.02985883131623268,2026-05-18T09:57:21.039158
10,695,0.027900313958525658,2026-05-18T09:57:21.100830
10,696,0.02675921469926834,2026-05-18T09:57:21.678950
10,697,0.029974695295095444,2026-05-18T09:57:21.745293
10,698,0.02718082256615162,2026-05-18T09:57:21.806030
10,699,0.025030646473169327,2026-05-18T09:57:21.867401
10,700,0.026351142674684525,2026-05-18T09:57:22.550541
10,701,0.025361889973282814,2026-05-18T09:57:22.613658
10,702,0.02868061512708664,2026-05-18T09:57:22.676535
10,703,0.025576582178473473,2026-05-18T09:57:22.740308
10,704,0.030590977519750595,2026-05-18T09:57:23.437689
10,705,0.026017241179943085,2026-05-18T09:57:23.500857
10,706,0.027996594086289406,2026-05-18T09:57:23.563920
10,707,0.027052823454141617,2026-05-18T09:57:23.628202
10,708,0.02338320016860962,2026-05-18T09:57:24.415982
10,709,0.025103125721216202,2026-05-18T09:57:24.479538
10,710,0.027948005124926567,2026-05-18T09:57:24.545584
10,711,0.026569869369268417,2026-05-18T09:57:24.619600
10,712,0.02537224069237709,2026-05-18T09:57:25.672034
10,713,0.02391885034739971,2026-05-18T09:57:25.735001
10,714,0.02909095585346222,2026-05-18T09:57:25.797840
10,715,0.02664903737604618,2026-05-18T09:57:25.861631
10,716,0.025461362674832344,2026-05-18T09:57:26.589865
10,717,0.023989975452423096,2026-05-18T09:57:26.653270
10,718,0.02542913146317005,2026-05-18T09:57:26.757048
10,719,0.025835303589701653,2026-05-18T09:57:26.820043
10,720,0.026179226115345955,2026-05-18T09:57:27.615686
10,721,0.02539670281112194,2026-05-18T09:57:27.678740
10,722,0.025377025827765465,2026-05-18T09:57:27.742772
10,723,0.028514806181192398,2026-05-18T09:57:27.805990
10,724,0.029431527480483055,2026-05-18T09:57:28.592523
10,725,0.026814622804522514,2026-05-18T09:57:28.656401
10,726,0.029901262372732162,2026-05-18T09:57:28.720291
10,727,0.026881525292992592,2026-05-18T09:57:28.785871
10,728,0.024474656209349632,2026-05-18T09:57:29.584209
10,729,0.025889776647090912,2026-05-18T09:57:29.646743
10,730,0.029723698273301125,2026-05-18T09:57:29.710418
10,731,0.02589450590312481,2026-05-18T09:57:29.775110
10,732,0.025032732635736465,2026-05-18T09:57:30.540634
10,733,0.028247427195310593,2026-05-18T09:57:30.603787
10,734,0.02684268169105053,2026-05-18T09:57:30.667183
10,735,0.02550526149570942,2026-05-18T09:57:30.730534
10,736,0.02764296531677246,2026-05-18T09:57:31.462117
10,737,0.028126534074544907,2026-05-18T09:57:31.522826
10,738,0.02663034200668335,2026-05-18T09:57:31.583798
10,739,0.03209158405661583,2026-05-18T09:57:31.645336
10,740,0.029257122427225113,2026-05-18T09:57:32.195720
10,741,0.02753945253789425,2026-05-18T09:57:32.262035
10,742,0.026800142601132393,2026-05-18T09:57:32.326618
10,743,0.023624837398529053,2026-05-18T09:57:32.390303
10,744,0.029712319374084473,2026-05-18T09:57:33.154159
10,745,0.024808542802929878,2026-05-18T09:57:33.221720
10,746,0.024831781163811684,2026-05-18T09:57:33.288974
10,747,0.024171944707632065,2026-05-18T09:57:33.352116
10,748,0.02731005847454071,2026-05-18T09:57:33.843451
10,749,0.027591688558459282,2026-05-18T09:57:33.904342
10,750,0.02859005704522133,2026-05-18T09:57:33.966802
10,751,0.026795148849487305,2026-05-18T09:57:34.029322
10,752,0.0256668608635664,2026-05-18T09:57:34.723730
10,753,0.027343567460775375,2026-05-18T09:57:34.789931
10,754,0.02890731208026409,2026-05-18T09:57:34.981821
10,755,0.03091784566640854,2026-05-18T09:57:35.043028
10,756,0.02875749208033085,2026-05-18T09:57:35.662195
10,757,0.02794181928038597,2026-05-18T09:57:35.729092
10,758,0.025382744148373604,2026-05-18T09:57:36.016241
10,759,0.034043386578559875,2026-05-18T09:57:36.077595
10,760,0.03066548891365528,2026-05-18T09:57:36.818161
10,761,0.026365727186203003,2026-05-18T09:57:36.884567
10,762,0.02512095309793949,2026-05-18T09:57:37.081356
10,763,0.02676035463809967,2026-05-18T09:57:37.144472
10,764,0.025260934606194496,2026-05-18T09:57:37.766602
10,765,0.03072149120271206,2026-05-18T09:57:37.830736
10,766,0.028310224413871765,2026-05-18T09:57:38.147075
10,767,0.030324449762701988,2026-05-18T09:57:38.215744
10,768,0.02665827050805092,2026-05-18T09:57:38.637715
10,769,0.026058275252580643,2026-05-18T09:57:38.698573
10,770,0.029316989704966545,2026-05-18T09:57:39.153775
10,771,0.028985485434532166,2026-05-18T09:57:39.218469
10,772,0.026665538549423218,2026-05-18T09:57:39.522242
10,773,0.02514117956161499,2026-05-18T09:57:39.585761
10,774,0.0285143181681633,2026-05-18T09:57:39.670041
10,775,0.03048825077712536,2026-05-18T09:57:39.734477
10,776,0.020677557215094566,2026-05-18T09:57:39.920423
10,777,0.027094809338450432,2026-05-18T09:57:39.985956
10,778,0.03055618330836296,2026-05-18T09:57:40.626009
10,779,0.026607559993863106,2026-05-18T09:57:40.685757
10,780,0.02891651913523674,2026-05-18T09:57:40.795241
10,781,0.027338474988937378,2026-05-18T09:57:40.856048
10,782,0.025127921253442764,2026-05-18T09:57:41.486467
10,783,0.026503702625632286,2026-05-18T09:57:41.554485
10,784,0.02545413002371788,2026-05-18T09:57:41.655214
10,785,0.026878366246819496,2026-05-18T09:57:41.718482
10,786,0.026174884289503098,2026-05-18T09:57:42.562085
10,787,0.026004698127508163,2026-05-18T09:57:42.625486
10,788,0.02842375822365284,2026-05-18T09:57:42.689075
10,789,0.033032968640327454,2026-05-18T09:57:42.752608
10,790,0.0269374530762434,2026-05-18T09:57:43.503876
10,791,0.025837114080786705,2026-05-18T09:57:43.567031
10,792,0.0249797310680151,2026-05-18T09:57:43.633027
10,793,0.025701483711600304,2026-05-18T09:57:43.695754
10,794,0.026487328112125397,2026-05-18T09:57:44.301088
10,795,0.030495231971144676,2026-05-18T09:57:44.360513
10,796,0.0278339646756649,2026-05-18T09:57:44.421130
10,797,0.025206077843904495,2026-05-18T09:57:44.482844
10,798,0.03198225051164627,2026-05-18T09:57:45.344922
10,799,0.025008268654346466,2026-05-18T09:57:45.407867
10,800,0.023465460166335106,2026-05-18T09:57:45.470689
10,801,0.030174754559993744,2026-05-18T09:57:45.533625
10,802,0.027645980939269066,2026-05-18T09:57:46.280169
10,803,0.0249033086001873,2026-05-18T09:57:46.343052
10,804,0.023761680349707603,2026-05-18T09:57:46.405170
10,805,0.027187079191207886,2026-05-18T09:57:46.468898
10,806,0.029042040929198265,2026-05-18T09:57:47.266428
10,807,0.02369491010904312,2026-05-18T09:57:47.329802
10,808,0.030285606160759926,2026-05-18T09:57:47.392987
10,809,0.026837492361664772,2026-05-18T09:57:47.455873
10,810,0.02621007338166237,2026-05-18T09:57:48.175324
10,811,0.02660551853477955,2026-05-18T09:57:48.238299
10,812,0.03018154390156269,2026-05-18T09:57:48.301473
10,813,0.0296301431953907,2026-05-18T09:57:48.364782
10,814,0.032287031412124634,2026-05-18T09:57:49.239358
10,815,0.027719315141439438,2026-05-18T09:57:49.306016
10,816,0.030490705743432045,2026-05-18T09:57:49.373998
10,817,0.025626596063375473,2026-05-18T09:57:49.440303
10,818,0.026367327198386192,2026-05-18T09:57:50.305705
10,819,0.029300818219780922,2026-05-18T09:57:50.372194
10,820,0.026158783584833145,2026-05-18T09:57:50.440983
10,821,0.025974787771701813,2026-05-18T09:57:50.506769
10,822,0.030339209362864494,2026-05-18T09:57:51.191074
10,823,0.02896423079073429,2026-05-18T09:57:51.254734
10,824,0.026021571829915047,2026-05-18T09:57:51.318674
10,825,0.02727918140590191,2026-05-18T09:57:51.382674
10,826,0.026512866839766502,2026-05-18T09:57:52.229047
10,827,0.03438709303736687,2026-05-18T09:57:52.300181
10,828,0.02611907199025154,2026-05-18T09:57:52.367682
10,829,0.03240644186735153,2026-05-18T09:57:52.431996
10,830,0.02934074215590954,2026-05-18T09:57:53.204282
10,831,0.029323646798729897,2026-05-18T09:57:53.267915
10,832,0.02722674235701561,2026-05-18T09:57:53.331198
10,833,0.025589976459741592,2026-05-18T09:57:53.392980
10,834,0.026847274973988533,2026-05-18T09:57:53.981476
10,835,0.02511008270084858,2026-05-18T09:57:54.048392
10,836,0.02679607644677162,2026-05-18T09:57:54.117674
10,837,0.029078515246510506,2026-05-18T09:57:54.184674
10,838,0.026709550991654396,2026-05-18T09:57:54.898031
10,839,0.02560386434197426,2026-05-18T09:57:54.958177
10,840,0.033492546528577805,2026-05-18T09:57:55.019266
10,841,0.029661959037184715,2026-05-18T09:57:55.081552
10,842,0.032136622816324234,2026-05-18T09:57:55.842432
10,843,0.02908066101372242,2026-05-18T09:57:55.910338
10,844,0.02479744143784046,2026-05-18T09:57:55.976524
10,845,0.023652954027056694,2026-05-18T09:57:56.045396
10,846,0.03166336193680763,2026-05-18T09:57:56.690742
10,847,0.024426160380244255,2026-05-18T09:57:56.754190
10,848,0.02485392428934574,2026-05-18T09:57:56.817830
10,849,0.02763116918504238,2026-05-18T09:57:56.883077
10,850,0.02803594432771206,2026-05-18T09:57:57.584903
10,851,0.031114403158426285,2026-05-18T09:57:57.646574
10,852,0.024569150060415268,2026-05-18T09:57:57.710197
10,853,0.02711825631558895,2026-05-18T09:57:57.771824
10,854,0.026480717584490776,2026-05-18T09:57:58.566650
10,855,0.028634361922740936,2026-05-18T09:57:58.629138
10,856,0.0282425656914711,2026-05-18T09:57:58.691726
10,857,0.023769045248627663,2026-05-18T09:57:58.754666
10,858,0.024971147999167442,2026-05-18T09:57:59.542680
10,859,0.024420294910669327,2026-05-18T09:57:59.608517
10,860,0.03125632181763649,2026-05-18T09:57:59.672652
10,861,0.023995501920580864,2026-05-18T09:57:59.739032
10,862,0.028307998552918434,2026-05-18T09:58:00.389527
10,863,0.026762686669826508,2026-05-18T09:58:00.450265
10,864,0.027301212772727013,2026-05-18T09:58:00.511349
10,865,0.033146701753139496,2026-05-18T09:58:00.573876
10,866,0.027671797201037407,2026-05-18T09:58:01.111408
10,867,0.03222575783729553,2026-05-18T09:58:01.174258
10,868,0.025366507470607758,2026-05-18T09:58:01.273660
10,869,0.0291264858096838,2026-05-18T09:58:01.339628
10,870,0.027690783143043518,2026-05-18T09:58:01.961280
10,871,0.0346900075674057,2026-05-18T09:58:02.026479
10,872,0.02565520443022251,2026-05-18T09:58:02.091366
10,873,0.027177544310688972,2026-05-18T09:58:02.153220
10,874,0.025844737887382507,2026-05-18T09:58:02.873939
10,875,0.02715432085096836,2026-05-18T09:58:02.936771
10,876,0.02302020788192749,2026-05-18T09:58:03.005170
10,877,0.02664955146610737,2026-05-18T09:58:03.067939
10,878,0.02525632455945015,2026-05-18T09:58:03.877294
10,879,0.027889274060726166,2026-05-18T09:58:03.940227
10,880,0.028027420863509178,2026-05-18T09:58:04.004037
10,881,0.026018382981419563,2026-05-18T09:58:04.067491
10,882,0.030755916610360146,2026-05-18T09:58:04.855111
10,883,0.024135272949934006,2026-05-18T09:58:04.917425
10,884,0.026059217751026154,2026-05-18T09:58:04.980018
10,885,0.02889714203774929,2026-05-18T09:58:05.046479
10,886,0.02921420894563198,2026-05-18T09:58:05.727632
10,887,0.026146624237298965,2026-05-18T09:58:05.789962
10,888,0.026154808700084686,2026-05-18T09:58:05.856979
10,889,0.027227815240621567,2026-05-18T09:58:05.923103
10,890,0.02530530095100403,2026-05-18T09:58:06.548926
10,891,0.02706279046833515,2026-05-18T09:58:06.610450
10,892,0.026477834209799767,2026-05-18T09:58:06.673536
10,893,0.02859426476061344,2026-05-18T09:58:06.737808
10,894,0.024416981264948845,2026-05-18T09:58:07.561752
10,895,0.026514608412981033,2026-05-18T09:58:07.625353
10,896,0.027425717562437057,2026-05-18T09:58:07.688272
10,897,0.027604280039668083,2026-05-18T09:58:07.752072
10,898,0.02733493782579899,2026-05-18T09:58:08.506532
10,899,0.028654199093580246,2026-05-18T09:58:08.569345
10,900,0.02675202488899231,2026-05-18T09:58:08.636516
10,901,0.026033949106931686,2026-05-18T09:58:08.699563
10,902,0.023781713098287582,2026-05-18T09:58:09.356038
10,903,0.02529848925769329,2026-05-18T09:58:09.419140
10,904,0.026691870763897896,2026-05-18T09:58:09.481989
10,905,0.02624017745256424,2026-05-18T09:58:09.544943
10,906,0.024296941235661507,2026-05-18T09:58:10.208929
10,907,0.027486518025398254,2026-05-18T09:58:10.269099
10,908,0.028418326750397682,2026-05-18T09:58:10.333296
10,909,0.030320731922984123,2026-05-18T09:58:10.395463
10,910,0.025421731173992157,2026-05-18T09:58:11.119798
10,911,0.026093516498804092,2026-05-18T09:58:11.182555
10,912,0.0258825421333313,2026-05-18T09:58:11.248091
10,913,0.02625666931271553,2026-05-18T09:58:11.312347
10,914,0.02732946164906025,2026-05-18T09:58:11.581223
10,915,0.024051446467638016,2026-05-18T09:58:11.643598
10,916,0.026776816695928574,2026-05-18T09:58:11.707012
10,917,0.03277821093797684,2026-05-18T09:58:11.784005
10,918,0.02498084306716919,2026-05-18T09:58:12.338185
10,919,0.027192097157239914,2026-05-18T09:58:12.398415
10,920,0.023541077971458435,2026-05-18T09:58:12.463815
10,921,0.027577469125390053,2026-05-18T09:58:12.580396
10,922,0.03140975162386894,2026-05-18T09:58:13.219658
10,923,0.024016723036766052,2026-05-18T09:58:13.281484
10,924,0.02917172759771347,2026-05-18T09:58:13.343856
10,925,0.024096069857478142,2026-05-18T09:58:13.524298
10,926,0.028684956952929497,2026-05-18T09:58:14.187124
10,927,0.02975481003522873,2026-05-18T09:58:14.248674
10,928,0.0244950782507658,2026-05-18T09:58:14.310041
10,929,0.025756461545825005,2026-05-18T09:58:14.375317
10,930,0.026246201246976852,2026-05-18T09:58:15.144332
10,931,0.02458532713353634,2026-05-18T09:58:15.205940
10,932,0.029466720297932625,2026-05-18T09:58:15.268001
10,933,0.026840634644031525,2026-05-18T09:58:15.329504
10,934,0.027196813374757767,2026-05-18T09:58:16.102064
10,935,0.02577351965010166,2026-05-18T09:58:16.164594
10,936,0.02453461103141308,2026-05-18T09:58:16.226983
10,937,0.027801571413874626,2026-05-18T09:58:16.289255
10,938,0.02938178926706314,2026-05-18T09:58:17.096973
10,939,0.0323413722217083,2026-05-18T09:58:17.159412
10,940,0.024509701877832413,2026-05-18T09:58:17.223536
10,941,0.033993516117334366,2026-05-18T09:58:17.285718
10,942,0.024947384372353554,2026-05-18T09:58:18.004654
10,943,0.026250246912240982,2026-05-18T09:58:18.065932
10,944,0.026706449687480927,2026-05-18T09:58:18.128788
10,945,0.028029533103108406,2026-05-18T09:58:18.190531
10,946,0.027742324396967888,2026-05-18T09:58:18.907331
10,947,0.02380741760134697,2026-05-18T09:58:18.969404
10,948,0.02743946947157383,2026-05-18T09:58:19.031828
10,949,0.024527214467525482,2026-05-18T09:58:19.094735
10,950,0.025286847725510597,2026-05-18T09:58:19.731457
10,951,0.02605637162923813,2026-05-18T09:58:19.793649
10,952,0.027808496728539467,2026-05-18T09:58:19.855949
10,953,0.024728847667574883,2026-05-18T09:58:19.918654
10,954,0.024716120213270187,2026-05-18T09:58:20.584130
10,955,0.02852243185043335,2026-05-18T09:58:20.649487
10,956,0.030713094398379326,2026-05-18T09:58:20.711812
10,957,0.03221113979816437,2026-05-18T09:58:20.773925
10,958,0.031090646982192993,2026-05-18T09:58:21.509236
10,959,0.02944239415228367,2026-05-18T09:58:21.572790
10,960,0.026161447167396545,2026-05-18T09:58:21.635883
10,961,0.02448197454214096,2026-05-18T09:58:21.702794
10,962,0.029821494594216347,2026-05-18T09:58:22.408870
10,963,0.03172124922275543,2026-05-18T09:58:22.475553
10,964,0.023901870474219322,2026-05-18T09:58:22.542667
10,965,0.028788339346647263,2026-05-18T09:58:22.608715
10,966,0.026426928117871284,2026-05-18T09:58:23.253888
10,967,0.02323785237967968,2026-05-18T09:58:23.315239
10,968,0.02568415179848671,2026-05-18T09:58:23.418046
10,969,0.027239669114351273,2026-05-18T09:58:23.481963
10,970,0.026637159287929535,2026-05-18T09:58:24.152445
10,971,0.02998751401901245,2026-05-18T09:58:24.215992
10,972,0.033704474568367004,2026-05-18T09:58:24.280035
10,973,0.02735721506178379,2026-05-18T09:58:24.344475
10,974,0.02705378457903862,2026-05-18T09:58:25.205435
10,975,0.024413900449872017,2026-05-18T09:58:25.269890
10,976,0.026715988293290138,2026-05-18T09:58:25.336731
10,977,0.02246055006980896,2026-05-18T09:58:25.400857
10,978,0.02940601482987404,2026-05-18T09:58:26.068675
10,979,0.02933564782142639,2026-05-18T09:58:26.132731
10,980,0.025297090411186218,2026-05-18T09:58:26.195267
10,981,0.02676057070493698,2026-05-18T09:58:26.258212
10,982,0.025091413408517838,2026-05-18T09:58:26.895337
10,983,0.027699504047632217,2026-05-18T09:58:26.959662
10,984,0.02622891403734684,2026-05-18T09:58:27.023966
10,985,0.02815069817006588,2026-05-18T09:58:27.087805
10,986,0.02566073276102543,2026-05-18T09:58:27.834889
10,987,0.0278171319514513,2026-05-18T09:58:27.898341
10,988,0.02709832414984703,2026-05-18T09:58:27.962013
10,989,0.027567289769649506,2026-05-18T09:58:28.025503
10,990,0.026678241789340973,2026-05-18T09:58:28.722469
10,991,0.027318380773067474,2026-05-18T09:58:28.786512
10,992,0.031658835709095,2026-05-18T09:58:28.848832
10,993,0.024927973747253418,2026-05-18T09:58:28.913696
10,994,0.026013022288680077,2026-05-18T09:58:29.462502
10,995,0.026524072512984276,2026-05-18T09:58:29.524888
10,996,0.031610701233148575,2026-05-18T09:58:29.588186
10,997,0.02929370105266571,2026-05-18T09:58:29.651545
10,998,0.027705028653144836,2026-05-18T09:58:30.327498
10,999,0.027214353904128075,2026-05-18T09:58:30.388412
10,1000,0.026183636859059334,2026-05-18T09:58:30.450831
10,1001,0.027066024020314217,2026-05-18T09:58:30.513131
10,1002,0.025702711194753647,2026-05-18T09:58:31.314548
10,1003,0.030380580574274063,2026-05-18T09:58:31.377850
10,1004,0.024892017245292664,2026-05-18T09:58:31.441156
10,1005,0.031547702848911285,2026-05-18T09:58:31.502207
10,1006,0.029012123122811317,2026-05-18T09:58:32.101985
10,1007,0.038049232214689255,2026-05-18T09:58:32.167189
10,1008,0.026489516720175743,2026-05-18T09:58:32.231790
10,1009,0.03375844657421112,2026-05-18T09:58:32.302420
10,1010,0.02556000091135502,2026-05-18T09:58:32.977621
10,1011,0.032288797199726105,2026-05-18T09:58:33.038779
10,1012,0.030478592962026596,2026-05-18T09:58:33.103114
10,1013,0.025331726297736168,2026-05-18T09:58:33.165771
10,1014,0.030344519764184952,2026-05-18T09:58:33.811356
10,1015,0.025785649195313454,2026-05-18T09:58:33.874699
10,1016,0.029365699738264084,2026-05-18T09:58:33.937967
10,1017,0.02953534759581089,2026-05-18T09:58:34.000976
10,1018,0.02418341301381588,2026-05-18T09:58:34.623131
10,1019,0.02406841143965721,2026-05-18T09:58:34.686412
10,1020,0.028928052634000778,2026-05-18T09:58:34.755926
10,1021,0.02636919729411602,2026-05-18T09:58:34.831723
10,1022,0.027247479185461998,2026-05-18T09:58:35.590275
10,1023,0.025636551901698112,2026-05-18T09:58:35.654188
10,1024,0.02523321472108364,2026-05-18T09:58:35.726221
10,1025,0.025541355833411217,2026-05-18T09:58:35.795185
10,1026,0.02809990383684635,2026-05-18T09:58:36.444911
10,1027,0.02312082052230835,2026-05-18T09:58:36.507573
10,1028,0.0262153223156929,2026-05-18T09:58:36.570651
10,1029,0.025691408663988113,2026-05-18T09:58:36.637992
10,1030,0.027516618371009827,2026-05-18T09:58:37.428104
10,1031,0.02736278809607029,2026-05-18T09:58:37.491031
10,1032,0.02964518778026104,2026-05-18T09:58:37.555467
10,1033,0.03242671117186546,2026-05-18T09:58:37.620296
10,1034,0.02548636496067047,2026-05-18T09:58:38.132379
10,1035,0.028655963018536568,2026-05-18T09:58:38.330391
10,1036,0.026834284886717796,2026-05-18T09:58:38.392957
10,1037,0.027761118486523628,2026-05-18T09:58:38.456280
10,1038,0.026684122160077095,2026-05-18T09:58:39.121795
10,1039,0.025750398635864258,2026-05-18T09:58:39.185351
10,1040,0.02792610228061676,2026-05-18T09:58:39.250578
10,1041,0.026035763323307037,2026-05-18T09:58:39.314992
10,1042,0.026640942320227623,2026-05-18T09:58:39.865232
10,1043,0.028368234634399414,2026-05-18T09:58:40.023826
10,1044,0.0306069515645504,2026-05-18T09:58:40.087801
10,1045,0.02807316929101944,2026-05-18T09:58:40.152021
10,1046,0.02585652656853199,2026-05-18T09:58:40.703201
10,1047,0.027738559991121292,2026-05-18T09:58:40.914014
10,1048,0.026534976437687874,2026-05-18T09:58:40.974760
10,1049,0.027529481798410416,2026-05-18T09:58:41.037182
10,1050,0.025946447625756264,2026-05-18T09:58:41.611821
10,1051,0.026084711775183678,2026-05-18T09:58:41.698413
10,1052,0.024596713483333588,2026-05-18T09:58:41.778390
10,1053,0.02756991796195507,2026-05-18T09:58:41.844605
10,1054,0.027788816019892693,2026-05-18T09:58:42.460054
10,1055,0.029307277873158455,2026-05-18T09:58:42.674238
10,1056,0.02960949018597603,2026-05-18T09:58:42.738715
10,1057,0.028597548604011536,2026-05-18T09:58:42.810007
10,1058,0.026185961440205574,2026-05-18T09:58:43.310207
10,1059,0.027220068499445915,2026-05-18T09:58:43.663648
10,1060,0.026509001851081848,2026-05-18T09:58:43.833925
10,1061,0.027342356741428375,2026-05-18T09:58:43.898264
10,1062,0.02516433224081993,2026-05-18T09:58:44.330299
10,1063,0.02587570622563362,2026-05-18T09:58:44.639591
10,1064,0.029115192592144012,2026-05-18T09:58:44.720767
10,1065,0.03472258895635605,2026-05-18T09:58:44.781648
10,1066,0.028849449008703232,2026-05-18T09:58:45.169720
10,1067,0.025561664253473282,2026-05-18T09:58:45.594588
10,1068,0.034339260309934616,2026-05-18T09:58:45.702252
10,1069,0.027312040328979492,2026-05-18T09:58:45.758041
10,1070,0.02637721225619316,2026-05-18T09:58:45.937072
10,1071,0.029330110177397728,2026-05-18T09:58:46.391329
10,1072,0.029482141137123108,2026-05-18T09:58:46.458526
10,1073,0.026065418496727943,2026-05-18T09:58:46.516491
10,1074,0.029231516644358635,2026-05-18T09:58:46.720626
10,1075,0.029422413557767868,2026-05-18T09:58:47.179024
10,1076,0.02644907496869564,2026-05-18T09:58:47.233948
10,1077,0.025493063032627106,2026-05-18T09:58:47.289114
10,1078,0.029583219438791275,2026-05-18T09:58:47.466455
10,1079,0.02806941419839859,2026-05-18T09:58:47.935743
10,1080,0.029089834541082382,2026-05-18T09:58:47.990025
10,1081,0.027690457180142403,2026-05-18T09:58:48.046874
10,1082,0.029205817729234695,2026-05-18T09:58:48.414451
10,1083,0.026522450149059296,2026-05-18T09:58:48.843657
10,1084,0.02510489709675312,2026-05-18T09:58:48.906253
10,1085,0.028404464945197105,2026-05-18T09:58:48.962798
10,1086,0.028159284964203835,2026-05-18T09:58:49.182338
10,1087,0.029196547344326973,2026-05-18T09:58:49.563327
10,1088,0.02693963423371315,2026-05-18T09:58:49.620067
10,1089,0.025448735803365707,2026-05-18T09:58:49.675761
10,1090,0.024282362312078476,2026-05-18T09:58:49.999802
10,1091,0.03042761981487274,2026-05-18T09:58:50.339355
10,1092,0.0280673336237669,2026-05-18T09:58:50.412169
10,1093,0.029044441878795624,2026-05-18T09:58:50.472784
10,1094,0.025118596851825714,2026-05-18T09:58:50.852565
10,1095,0.02724526636302471,2026-05-18T09:58:51.186180
10,1096,0.024910004809498787,2026-05-18T09:58:51.301293
10,1097,0.025804808363318443,2026-05-18T09:58:51.361827
10,1098,0.026382504031062126,2026-05-18T09:58:51.646430
10,1099,0.02773788385093212,2026-05-18T09:58:52.082056
10,1100,0.025415843352675438,2026-05-18T09:58:52.143032
10,1101,0.0248185433447361,2026-05-18T09:58:52.206113
10,1102,0.030503511428833008,2026-05-18T09:58:52.482980
10,1103,0.028897538781166077,2026-05-18T09:58:52.908340
10,1104,0.02711799368262291,2026-05-18T09:58:52.968814
10,1105,0.027275845408439636,2026-05-18T09:58:53.032595
10,1106,0.03575095161795616,2026-05-18T09:58:53.424951
10,1107,0.025348391383886337,2026-05-18T09:58:53.862537
10,1108,0.026752974838018417,2026-05-18T09:58:53.929028
10,1109,0.024030014872550964,2026-05-18T09:58:53.995686
10,1110,0.02516796812415123,2026-05-18T09:58:54.339286
10,1111,0.028440093621611595,2026-05-18T09:58:54.755419
10,1112,0.027728378772735596,2026-05-18T09:58:54.820323
10,1113,0.030255379155278206,2026-05-18T09:58:54.887506
10,1114,0.0337488017976284,2026-05-18T09:58:55.417547
10,1115,0.030458709225058556,2026-05-18T09:58:55.762917
10,1116,0.026669209823012352,2026-05-18T09:58:55.830506
10,1117,0.02672875113785267,2026-05-18T09:58:55.897823
10,1118,0.029135366901755333,2026-05-18T09:58:56.372875
10,1119,0.028169719502329826,2026-05-18T09:58:56.489519
10,1120,0.02778621017932892,2026-05-18T09:58:56.558161
10,1121,0.028769735246896744,2026-05-18T09:58:56.623265
10,1122,0.023967234417796135,2026-05-18T09:58:57.221127
10,1123,0.028469404205679893,2026-05-18T09:58:57.346870
10,1124,0.026978762820363045,2026-05-18T09:58:57.416026
10,1125,0.030443962663412094,2026-05-18T09:58:57.484422
10,1126,0.02442568726837635,2026-05-18T09:58:58.250621
10,1127,0.028157517313957214,2026-05-18T09:58:58.489060
10,1128,0.026420598849654198,2026-05-18T09:58:58.556467
10,1129,0.031794872134923935,2026-05-18T09:58:58.624198
10,1130,0.027445223182439804,2026-05-18T09:58:59.137230
10,1131,0.028842242434620857,2026-05-18T09:58:59.389601
10,1132,0.03374261036515236,2026-05-18T09:58:59.455822
10,1133,0.02597760409116745,2026-05-18T09:58:59.522613
10,1134,0.02418750524520874,2026-05-18T09:58:59.831677
10,1135,0.02462870441377163,2026-05-18T09:59:00.343805
10,1136,0.025473913177847862,2026-05-18T09:59:00.410847
10,1137,0.027024948969483376,2026-05-18T09:59:00.481511
10,1138,0.026893718168139458,2026-05-18T09:59:00.908285
10,1139,0.030100539326667786,2026-05-18T09:59:01.377511
10,1140,0.029690589755773544,2026-05-18T09:59:01.443881
10,1141,0.03030034527182579,2026-05-18T09:59:01.500575
10,1142,0.025162335485219955,2026-05-18T09:59:01.645336
10,1143,0.03204076364636421,2026-05-18T09:59:02.198064
10,1144,0.026482539251446724,2026-05-18T09:59:02.256202
10,1145,0.02629159204661846,2026-05-18T09:59:02.313754
10,1146,0.02599978633224964,2026-05-18T09:59:02.370789
10,1147,0.02639559842646122,2026-05-18T09:59:02.902349
11,0,0.02445773221552372,2026-05-18T09:59:07.955730
11,1,0.02756567671895027,2026-05-18T09:59:08.156336
11,2,0.024183114990592003,2026-05-18T09:59:08.237472
11,3,0.029090145602822304,2026-05-18T09:59:08.310527
11,4,0.029307566583156586,2026-05-18T09:59:08.562454
11,5,0.025791842490434647,2026-05-18T09:59:08.749008
11,6,0.03087286651134491,2026-05-18T09:59:08.862870
11,7,0.02893757075071335,2026-05-18T09:59:08.923803
11,8,0.023232800886034966,2026-05-18T09:59:09.379951
11,9,0.027169274166226387,2026-05-18T09:59:09.441492
11,10,0.029015706852078438,2026-05-18T09:59:09.507358
11,11,0.03067498281598091,2026-05-18T09:59:09.572025
11,12,0.02621728926897049,2026-05-18T09:59:10.081966
11,13,0.024529682472348213,2026-05-18T09:59:10.242151
11,14,0.026245340704917908,2026-05-18T09:59:10.301763
11,15,0.026949331164360046,2026-05-18T09:59:10.362956
11,16,0.027334827929735184,2026-05-18T09:59:10.790529
11,17,0.02415401302278042,2026-05-18T09:59:10.853623
11,18,0.023642804473638535,2026-05-18T09:59:10.934818
11,19,0.02553568407893181,2026-05-18T09:59:10.995879
11,20,0.0227689016610384,2026-05-18T09:59:11.437212
11,21,0.025498811155557632,2026-05-18T09:59:11.499003
11,22,0.025858459994196892,2026-05-18T09:59:11.560546
11,23,0.02824166975915432,2026-05-18T09:59:11.622886
11,24,0.023950854316353798,2026-05-18T09:59:12.098343
11,25,0.02603437937796116,2026-05-18T09:59:12.169454
11,26,0.028196947649121284,2026-05-18T09:59:12.266415
11,27,0.03020612709224224,2026-05-18T09:59:12.329424
11,28,0.030763888731598854,2026-05-18T09:59:12.824844
11,29,0.02923390455543995,2026-05-18T09:59:12.941293
11,30,0.02823001705110073,2026-05-18T09:59:13.004460
11,31,0.027545787394046783,2026-05-18T09:59:13.073356
11,32,0.027150999754667282,2026-05-18T09:59:13.520842
11,33,0.02808867208659649,2026-05-18T09:59:13.631930
11,34,0.03429663926362991,2026-05-18T09:59:13.695992
11,35,0.0262093935161829,2026-05-18T09:59:13.756671
11,36,0.0288370531052351,2026-05-18T09:59:14.116609
11,37,0.027741622179746628,2026-05-18T09:59:14.275864
11,38,0.02764607034623623,2026-05-18T09:59:14.336784
11,39,0.028521941974759102,2026-05-18T09:59:14.401596
11,40,0.028981097042560577,2026-05-18T09:59:14.781581
11,41,0.024669786915183067,2026-05-18T09:59:15.059411
11,42,0.02406509779393673,2026-05-18T09:59:15.120341
11,43,0.0264142919331789,2026-05-18T09:59:15.182360
11,44,0.029376333579421043,2026-05-18T09:59:15.478156
11,45,0.030337616801261902,2026-05-18T09:59:15.609666
11,46,0.03562657907605171,2026-05-18T09:59:15.883247
11,47,0.032351575791835785,2026-05-18T09:59:15.944170
11,48,0.02833479456603527,2026-05-18T09:59:16.177185
11,49,0.025343425571918488,2026-05-18T09:59:16.387011
11,50,0.025751963257789612,2026-05-18T09:59:16.550101
11,51,0.03180139139294624,2026-05-18T09:59:16.611682
11,52,0.027140365913510323,2026-05-18T09:59:16.943743
11,53,0.028854547068476677,2026-05-18T09:59:17.039549
11,54,0.028853023424744606,2026-05-18T09:59:17.382694
11,55,0.027309125289320946,2026-05-18T09:59:17.447235
11,56,0.03170252591371536,2026-05-18T09:59:17.655278
11,57,0.028295191004872322,2026-05-18T09:59:17.927974
11,58,0.03150111436843872,2026-05-18T09:59:18.125226
11,59,0.02480965480208397,2026-05-18T09:59:18.189690
11,60,0.031711068004369736,2026-05-18T09:59:18.406038
11,61,0.026066744700074196,2026-05-18T09:59:18.766784
11,62,0.02609940804541111,2026-05-18T09:59:18.879578
11,63,0.027343761175870895,2026-05-18T09:59:18.943837
11,64,0.028537370264530182,2026-05-18T09:59:19.091735
11,65,0.026563499122858047,2026-05-18T09:59:19.531631
11,66,0.027866307646036148,2026-05-18T09:59:19.599216
11,67,0.026314152404665947,2026-05-18T09:59:19.660044
11,68,0.025095190852880478,2026-05-18T09:59:19.733841
11,69,0.023461518809199333,2026-05-18T09:59:20.151380
11,70,0.027798186987638474,2026-05-18T09:59:20.279899
11,71,0.02351229265332222,2026-05-18T09:59:20.343486
11,72,0.02596396952867508,2026-05-18T09:59:20.403893
11,73,0.03010389395058155,2026-05-18T09:59:20.876648
11,74,0.02665698155760765,2026-05-18T09:59:21.055693
11,75,0.023679805919528008,2026-05-18T09:59:21.115936
11,76,0.027246439829468727,2026-05-18T09:59:21.204933
11,77,0.027221010997891426,2026-05-18T09:59:21.578340
11,78,0.02999970130622387,2026-05-18T09:59:21.641628
11,79,0.026689257472753525,2026-05-18T09:59:21.701250
11,80,0.027576487511396408,2026-05-18T09:59:21.911994
11,81,0.02563640847802162,2026-05-18T09:59:22.341323
11,82,0.02805773913860321,2026-05-18T09:59:22.401782
11,83,0.030744554474949837,2026-05-18T09:59:22.463085
11,84,0.02909696288406849,2026-05-18T09:59:22.561742
11,85,0.03255777806043625,2026-05-18T09:59:23.165928
11,86,0.026973674073815346,2026-05-18T09:59:23.226796
11,87,0.02392573282122612,2026-05-18T09:59:23.290764
11,88,0.025030512362718582,2026-05-18T09:59:23.355613
11,89,0.03190343454480171,2026-05-18T09:59:23.828292
11,90,0.02521815523505211,2026-05-18T09:59:23.887815
11,91,0.028377383947372437,2026-05-18T09:59:23.949116
11,92,0.02749992348253727,2026-05-18T09:59:24.013306
11,93,0.024869626387953758,2026-05-18T09:59:24.600506
11,94,0.027073409408330917,2026-05-18T09:59:24.664583
11,95,0.026755347847938538,2026-05-18T09:59:24.731505
11,96,0.028292139992117882,2026-05-18T09:59:24.796979
11,97,0.02593027986586094,2026-05-18T09:59:25.192137
11,98,0.02624371461570263,2026-05-18T09:59:25.254828
11,99,0.02470594458281994,2026-05-18T09:59:25.317412
11,100,0.023557370528578758,2026-05-18T09:59:25.379653
11,101,0.025025440379977226,2026-05-18T09:59:25.861236
11,102,0.0257057324051857,2026-05-18T09:59:25.920930
11,103,0.03337906301021576,2026-05-18T09:59:25.983017
11,104,0.0355154350399971,2026-05-18T09:59:26.048442
11,105,0.030325325205922127,2026-05-18T09:59:26.514083
11,106,0.025826822966337204,2026-05-18T09:59:26.574269
11,107,0.03008987009525299,2026-05-18T09:59:26.635467
11,108,0.02941373735666275,2026-05-18T09:59:26.697614
11,109,0.02945650741457939,2026-05-18T09:59:27.286600
11,110,0.02692159079015255,2026-05-18T09:59:27.354858
11,111,0.027714092284440994,2026-05-18T09:59:27.420146
11,112,0.02716727927327156,2026-05-18T09:59:27.485211
11,113,0.031937964260578156,2026-05-18T09:59:27.982055
11,114,0.027709893882274628,2026-05-18T09:59:28.043052
11,115,0.026105370372533798,2026-05-18T09:59:28.103917
11,116,0.029329052194952965,2026-05-18T09:59:28.165964
11,117,0.0288134403526783,2026-05-18T09:59:28.625138
11,118,0.02730654738843441,2026-05-18T09:59:28.684401
11,119,0.029301190748810768,2026-05-18T09:59:28.748463
11,120,0.026403697207570076,2026-05-18T09:59:28.845260
11,121,0.02498774416744709,2026-05-18T09:59:29.453784
11,122,0.026829874143004417,2026-05-18T09:59:29.516004
11,123,0.026668734848499298,2026-05-18T09:59:29.579879
11,124,0.024897625669836998,2026-05-18T09:59:29.643224
11,125,0.03033585660159588,2026-05-18T09:59:30.178370
11,126,0.027294550091028214,2026-05-18T09:59:30.238740
11,127,0.024556269869208336,2026-05-18T09:59:30.300733
11,128,0.02539561688899994,2026-05-18T09:59:30.363898
11,129,0.026286127045750618,2026-05-18T09:59:30.843788
11,130,0.030852774158120155,2026-05-18T09:59:30.906200
11,131,0.024999603629112244,2026-05-18T09:59:30.967432
11,132,0.030392097309231758,2026-05-18T09:59:31.032671
11,133,0.02732955664396286,2026-05-18T09:59:31.482430
11,134,0.030769100412726402,2026-05-18T09:59:31.543684
11,135,0.027134008705615997,2026-05-18T09:59:31.608871
11,136,0.024907659739255905,2026-05-18T09:59:31.670591
11,137,0.025281740352511406,2026-05-18T09:59:32.108186
11,138,0.02640877105295658,2026-05-18T09:59:32.171162
11,139,0.026230622082948685,2026-05-18T09:59:32.232885
11,140,0.024033138528466225,2026-05-18T09:59:32.346860
11,141,0.02680780552327633,2026-05-18T09:59:32.852241
11,142,0.03087812475860119,2026-05-18T09:59:32.915578
11,143,0.026001939550042152,2026-05-18T09:59:32.979771
11,144,0.03044871985912323,2026-05-18T09:59:33.178083
11,145,0.026348663493990898,2026-05-18T09:59:33.517604
11,146,0.030254552140831947,2026-05-18T09:59:33.579952
11,147,0.029202723875641823,2026-05-18T09:59:33.642493
11,148,0.02474350668489933,2026-05-18T09:59:33.819599
11,149,0.02621963806450367,2026-05-18T09:59:34.243097
11,150,0.02863793633878231,2026-05-18T09:59:34.303249
11,151,0.02374788373708725,2026-05-18T09:59:34.363879
11,152,0.02693159691989422,2026-05-18T09:59:34.621103
11,153,0.02655058726668358,2026-05-18T09:59:34.828681
11,154,0.024517031386494637,2026-05-18T09:59:34.890398
11,155,0.026417559012770653,2026-05-18T09:59:34.951847
11,156,0.025440551340579987,2026-05-18T09:59:35.189977
11,157,0.02554991841316223,2026-05-18T09:59:35.438398
11,158,0.02719373069703579,2026-05-18T09:59:35.521412
11,159,0.023388944566249847,2026-05-18T09:59:35.581772
11,160,0.028295671567320824,2026-05-18T09:59:35.787893
11,161,0.025842731818556786,2026-05-18T09:59:36.196366
11,162,0.03284319490194321,2026-05-18T09:59:36.255925
11,163,0.02302330546081066,2026-05-18T09:59:36.317842
11,164,0.02509290538728237,2026-05-18T09:59:36.532282
11,165,0.025551825761795044,2026-05-18T09:59:36.836121
11,166,0.028995845466852188,2026-05-18T09:59:36.899093
11,167,0.028970710933208466,2026-05-18T09:59:36.960938
11,168,0.02769402228295803,2026-05-18T09:59:37.189401
11,169,0.027377838268876076,2026-05-18T09:59:37.522425
11,170,0.027046343311667442,2026-05-18T09:59:37.685376
11,171,0.027649542316794395,2026-05-18T09:59:37.752856
11,172,0.025883855298161507,2026-05-18T09:59:37.824734
11,173,0.02670167200267315,2026-05-18T09:59:38.336329
11,174,0.026475541293621063,2026-05-18T09:59:38.396822
11,175,0.024645276367664337,2026-05-18T09:59:38.458813
11,176,0.026119308546185493,2026-05-18T09:59:38.595054
11,177,0.02841208316385746,2026-05-18T09:59:39.102033
11,178,0.028578588739037514,2026-05-18T09:59:39.163650
11,179,0.024967774748802185,2026-05-18T09:59:39.225053
11,180,0.02634465880692005,2026-05-18T09:59:39.340904
11,181,0.0372031033039093,2026-05-18T09:59:39.799071
11,182,0.02972293458878994,2026-05-18T09:59:39.860656
11,183,0.032249145209789276,2026-05-18T09:59:39.922921
11,184,0.026617906987667084,2026-05-18T09:59:40.016031
11,185,0.022236477583646774,2026-05-18T09:59:40.466895
11,186,0.026520149782299995,2026-05-18T09:59:40.527799
11,187,0.029585475102066994,2026-05-18T09:59:40.590384
11,188,0.02688313089311123,2026-05-18T09:59:40.692117
11,189,0.02648818865418434,2026-05-18T09:59:41.063740
11,190,0.02677086554467678,2026-05-18T09:59:41.154445
11,191,0.028557343408465385,2026-05-18T09:59:41.216448
11,192,0.025937745347619057,2026-05-18T09:59:41.279256
11,193,0.029536787420511246,2026-05-18T09:59:41.917708
11,194,0.026720115914940834,2026-05-18T09:59:41.980271
11,195,0.02468886785209179,2026-05-18T09:59:42.044974
11,196,0.026661034673452377,2026-05-18T09:59:42.107792
11,197,0.02708793804049492,2026-05-18T09:59:42.625426
11,198,0.02777814120054245,2026-05-18T09:59:42.684568
11,199,0.02673828788101673,2026-05-18T09:59:42.745796
11,200,0.027873734012246132,2026-05-18T09:59:42.806276
11,201,0.028407087549567223,2026-05-18T09:59:43.299129
11,202,0.029207997024059296,2026-05-18T09:59:43.357649
11,203,0.03211573511362076,2026-05-18T09:59:43.418178
11,204,0.02799556404352188,2026-05-18T09:59:43.479316
11,205,0.03518320620059967,2026-05-18T09:59:43.846142
11,206,0.023579049855470657,2026-05-18T09:59:44.034113
11,207,0.027137253433465958,2026-05-18T09:59:44.095721
11,208,0.029880808666348457,2026-05-18T09:59:44.160834
11,209,0.028624171391129494,2026-05-18T09:59:44.482559
11,210,0.028656134381890297,2026-05-18T09:59:44.771280
11,211,0.030790025368332863,2026-05-18T09:59:44.834203
11,212,0.027403445914387703,2026-05-18T09:59:44.899655
11,213,0.026127295568585396,2026-05-18T09:59:45.113808
11,214,0.028579052537679672,2026-05-18T09:59:45.660609
11,215,0.030590206384658813,2026-05-18T09:59:45.724913
11,216,0.028493160381913185,2026-05-18T09:59:45.788657
11,217,0.025207245722413063,2026-05-18T09:59:45.857584
11,218,0.025248540565371513,2026-05-18T09:59:46.273707
11,219,0.023139510303735733,2026-05-18T09:59:46.334920
11,220,0.02515297941863537,2026-05-18T09:59:46.427694
11,221,0.027208464220166206,2026-05-18T09:59:46.505018
11,222,0.025724859908223152,2026-05-18T09:59:46.949404
11,223,0.02572198398411274,2026-05-18T09:59:47.013283
11,224,0.023833803832530975,2026-05-18T09:59:47.078149
11,225,0.029250510036945343,2026-05-18T09:59:47.216941
11,226,0.02638137899339199,2026-05-18T09:59:47.498483
11,227,0.03127015009522438,2026-05-18T09:59:47.560071
11,228,0.02470804750919342,2026-05-18T09:59:47.622553
11,229,0.028474658727645874,2026-05-18T09:59:47.972368
11,230,0.030142031610012054,2026-05-18T09:59:48.257965
11,231,0.026112450286746025,2026-05-18T09:59:48.318114
11,232,0.028432361781597137,2026-05-18T09:59:48.380806
11,233,0.033829834312200546,2026-05-18T09:59:48.644577
11,234,0.03025529347360134,2026-05-18T09:59:48.459408
11,235,0.026599319651722908,2026-05-18T09:59:48.523495
11,236,0.025423476472496986,2026-05-18T09:59:48.585114
11,237,0.024918172508478165,2026-05-18T09:59:48.855440
11,238,0.024329671636223793,2026-05-18T09:59:49.196349
11,239,0.025610223412513733,2026-05-18T09:59:49.257202
11,240,0.023713434115052223,2026-05-18T09:59:49.318442
11,241,0.037299372255802155,2026-05-18T09:59:49.508695
11,242,0.02830016426742077,2026-05-18T09:59:49.866949
11,243,0.02899778075516224,2026-05-18T09:59:49.926822
11,244,0.0247145164757967,2026-05-18T09:59:49.987263
11,245,0.02610652521252632,2026-05-18T09:59:50.173914
11,246,0.028186142444610596,2026-05-18T09:59:50.535001
11,247,0.02553499862551689,2026-05-18T09:59:50.594987
11,248,0.02878880500793457,2026-05-18T09:59:50.655379
11,249,0.026779163628816605,2026-05-18T09:59:50.807250
11,250,0.027315443381667137,2026-05-18T09:59:51.132834
11,251,0.026067180559039116,2026-05-18T09:59:51.191912
11,252,0.02408325858414173,2026-05-18T09:59:51.251998
11,253,0.03002217411994934,2026-05-18T09:59:51.395714
11,254,0.033635493367910385,2026-05-18T09:59:51.699482
11,255,0.02855929546058178,2026-05-18T09:59:51.759907
11,256,0.02802451141178608,2026-05-18T09:59:51.825863
11,257,0.027939513325691223,2026-05-18T09:59:52.192614
11,258,0.029043667018413544,2026-05-18T09:59:52.492783
11,259,0.024376075714826584,2026-05-18T09:59:52.553782
11,260,0.027484450489282608,2026-05-18T09:59:52.615885
11,261,0.025540247559547424,2026-05-18T09:59:52.837233
11,262,0.030800670385360718,2026-05-18T09:59:53.321548
11,263,0.025798151269555092,2026-05-18T09:59:53.383011
11,264,0.02821064181625843,2026-05-18T09:59:53.449404
11,265,0.027220752090215683,2026-05-18T09:59:53.558759
11,266,0.025741031393408775,2026-05-18T09:59:53.886467
11,267,0.02777368575334549,2026-05-18T09:59:53.946700
11,268,0.026254871860146523,2026-05-18T09:59:54.008681
11,269,0.025477061048150063,2026-05-18T09:59:54.244111
11,270,0.027922168374061584,2026-05-18T09:59:54.569757
11,271,0.03308543935418129,2026-05-18T09:59:54.631126
11,272,0.0298578180372715,2026-05-18T09:59:54.693551
11,273,0.02765236608684063,2026-05-18T09:59:54.966521
11,274,0.02665858529508114,2026-05-18T09:59:55.291131
11,275,0.02946074865758419,2026-05-18T09:59:55.352557
11,276,0.027232704684138298,2026-05-18T09:59:55.415094
11,277,0.029537344351410866,2026-05-18T09:59:55.689515
11,278,0.033772263675928116,2026-05-18T09:59:56.132556
11,279,0.03054123744368553,2026-05-18T09:59:56.193252
11,280,0.027292370796203613,2026-05-18T09:59:56.259363
11,281,0.030818801373243332,2026-05-18T09:59:56.351228
11,282,0.024277860298752785,2026-05-18T09:59:56.758992
11,283,0.02814888022840023,2026-05-18T09:59:56.820230
11,284,0.029080219566822052,2026-05-18T09:59:56.886978
11,285,0.02897532284259796,2026-05-18T09:59:56.949447
11,286,0.025837212800979614,2026-05-18T09:59:57.428114
11,287,0.024924667552113533,2026-05-18T09:59:57.492122
11,288,0.028163528069853783,2026-05-18T09:59:57.557026
11,289,0.03995563089847565,2026-05-18T09:59:57.621889
11,290,0.03289361298084259,2026-05-18T09:59:58.068845
11,291,0.02813751995563507,2026-05-18T09:59:58.133166
11,292,0.025259729474782944,2026-05-18T09:59:58.199413
11,293,0.028484858572483063,2026-05-18T09:59:58.415114
11,294,0.026439394801855087,2026-05-18T09:59:58.759928
11,295,0.03177563473582268,2026-05-18T09:59:58.824971
11,296,0.028230061754584312,2026-05-18T09:59:58.890291
11,297,0.02515803650021553,2026-05-18T09:59:59.031637
11,298,0.024750439450144768,2026-05-18T09:59:59.326215
11,299,0.02482747659087181,2026-05-18T09:59:59.392206
11,300,0.03004949353635311,2026-05-18T09:59:59.512492
11,301,0.028078634291887283,2026-05-18T09:59:59.850081
11,302,0.02783850021660328,2026-05-18T10:00:00.150881
11,303,0.02436460368335247,2026-05-18T10:00:00.217308
11,304,0.026572631672024727,2026-05-18T10:00:00.286317
11,305,0.027968015521764755,2026-05-18T10:00:00.510339
11,306,0.025228437036275864,2026-05-18T10:00:00.857862
11,307,0.02634989097714424,2026-05-18T10:00:00.924034
11,308,0.023985913023352623,2026-05-18T10:00:00.994628
11,309,0.02810981683433056,2026-05-18T10:00:01.317969
11,310,0.02695123665034771,2026-05-18T10:00:01.486421
11,311,0.03144481033086777,2026-05-18T10:00:01.553002
11,312,0.02721724659204483,2026-05-18T10:00:01.676300
11,313,0.033831194043159485,2026-05-18T10:00:02.037752
11,314,0.024694839492440224,2026-05-18T10:00:02.217040
11,315,0.026593996211886406,2026-05-18T10:00:02.278106
11,316,0.029736358672380447,2026-05-18T10:00:02.344014
11,317,0.030099354684352875,2026-05-18T10:00:02.846260
11,318,0.029172291979193687,2026-05-18T10:00:02.925357
11,319,0.026462271809577942,2026-05-18T10:00:02.990680
11,320,0.029833603650331497,2026-05-18T10:00:03.085855
11,321,0.026522131636738777,2026-05-18T10:00:03.565446
11,322,0.026862887665629387,2026-05-18T10:00:03.628119
11,323,0.02697482518851757,2026-05-18T10:00:03.692489
11,324,0.029816674068570137,2026-05-18T10:00:03.814051
11,325,0.028428001329302788,2026-05-18T10:00:04.297348
11,326,0.02757922187447548,2026-05-18T10:00:04.360331
11,327,0.030757896602153778,2026-05-18T10:00:04.421785
11,328,0.02315489947795868,2026-05-18T10:00:04.488479
11,329,0.028317684307694435,2026-05-18T10:00:05.067291
11,330,0.027841800823807716,2026-05-18T10:00:05.129167
11,331,0.028058746829628944,2026-05-18T10:00:05.191698
11,332,0.023382660001516342,2026-05-18T10:00:05.257929
11,333,0.029216153547167778,2026-05-18T10:00:05.801249
11,334,0.026345079764723778,2026-05-18T10:00:05.864697
11,335,0.02718256041407585,2026-05-18T10:00:05.928723
11,336,0.026344487443566322,2026-05-18T10:00:05.992839
11,337,0.02602355182170868,2026-05-18T10:00:06.470181
11,338,0.02975015714764595,2026-05-18T10:00:06.530487
11,339,0.02919183298945427,2026-05-18T10:00:06.596090
11,340,0.024679331108927727,2026-05-18T10:00:06.661376
11,341,0.029682092368602753,2026-05-18T10:00:07.065854
11,342,0.029348457232117653,2026-05-18T10:00:07.127160
11,343,0.026487771421670914,2026-05-18T10:00:07.189835
11,344,0.024578148499131203,2026-05-18T10:00:07.348252
11,345,0.027684571221470833,2026-05-18T10:00:07.864495
11,346,0.026410307735204697,2026-05-18T10:00:07.928482
11,347,0.036670148372650146,2026-05-18T10:00:07.990424
11,348,0.023876367136836052,2026-05-18T10:00:08.104743
11,349,0.027066389098763466,2026-05-18T10:00:08.602730
11,350,0.025646934285759926,2026-05-18T10:00:08.665799
11,351,0.027074197307229042,2026-05-18T10:00:08.729425
11,352,0.029590440914034843,2026-05-18T10:00:08.792430
11,353,0.026854196563363075,2026-05-18T10:00:09.335344
11,354,0.024468446150422096,2026-05-18T10:00:09.395641
11,355,0.026652900502085686,2026-05-18T10:00:09.456600
11,356,0.02960159443318844,2026-05-18T10:00:09.531828
11,357,0.025320710614323616,2026-05-18T10:00:10.083188
11,358,0.028322257101535797,2026-05-18T10:00:10.146563
11,359,0.02473697066307068,2026-05-18T10:00:10.212586
11,360,0.024281082674860954,2026-05-18T10:00:10.276299
11,361,0.028125302866101265,2026-05-18T10:00:10.749293
11,362,0.024339770898222923,2026-05-18T10:00:10.812215
11,363,0.027354421094059944,2026-05-18T10:00:10.877492
11,364,0.029919348657131195,2026-05-18T10:00:10.940068
11,365,0.0266096331179142,2026-05-18T10:00:11.375735
11,366,0.03258116543292999,2026-05-18T10:00:11.439973
11,367,0.026133080944418907,2026-05-18T10:00:11.502323
11,368,0.026656996458768845,2026-05-18T10:00:11.564907
11,369,0.02479233779013157,2026-05-18T10:00:12.033544
11,370,0.027576711028814316,2026-05-18T10:00:12.133156
11,371,0.027806315571069717,2026-05-18T10:00:12.199329
11,372,0.0286109559237957,2026-05-18T10:00:12.263589
11,373,0.02850690484046936,2026-05-18T10:00:12.679638
11,374,0.02820923738181591,2026-05-18T10:00:12.740811
11,375,0.025762423872947693,2026-05-18T10:00:12.802866
11,376,0.026281146332621574,2026-05-18T10:00:12.911228
11,377,0.0279624592512846,2026-05-18T10:00:13.463448
11,378,0.034321825951337814,2026-05-18T10:00:13.525810
11,379,0.025912342593073845,2026-05-18T10:00:13.590397
11,380,0.029868625104427338,2026-05-18T10:00:13.676730
11,381,0.024736646562814713,2026-05-18T10:00:14.095457
11,382,0.029350996017456055,2026-05-18T10:00:14.185737
11,383,0.02682309038937092,2026-05-18T10:00:14.246437
11,384,0.028066864237189293,2026-05-18T10:00:14.387777
11,385,0.024065513163805008,2026-05-18T10:00:14.767669
11,386,0.026043912395834923,2026-05-18T10:00:14.923983
11,387,0.033662378787994385,2026-05-18T10:00:14.988292
11,388,0.02540636621415615,2026-05-18T10:00:15.050223
11,389,0.026228507980704308,2026-05-18T10:00:15.398019
11,390,0.027264228090643883,2026-05-18T10:00:15.615077
11,391,0.026522202417254448,2026-05-18T10:00:15.676125
11,392,0.024504031985998154,2026-05-18T10:00:15.856836
11,393,0.025225359946489334,2026-05-18T10:00:16.212141
11,394,0.022600414231419563,2026-05-18T10:00:16.355632
11,395,0.023565614596009254,2026-05-18T10:00:16.415856
11,396,0.0245452169328928,2026-05-18T10:00:16.551905
11,397,0.027638176456093788,2026-05-18T10:00:16.773815
11,398,0.02705753967165947,2026-05-18T10:00:17.072768
11,399,0.02901841513812542,2026-05-18T10:00:17.134976
11,400,0.024618210271000862,2026-05-18T10:00:17.331952
11,401,0.024937095120549202,2026-05-18T10:00:17.439893
11,402,0.026065045967698097,2026-05-18T10:00:17.709542
11,403,0.03221508488059044,2026-05-18T10:00:17.770316
11,404,0.03418906405568123,2026-05-18T10:00:17.972407
11,405,0.027836918830871582,2026-05-18T10:00:18.249097
11,406,0.025589849799871445,2026-05-18T10:00:18.441537
11,407,0.02417350374162197,2026-05-18T10:00:18.502227
11,408,0.02702554129064083,2026-05-18T10:00:18.655968
11,409,0.028612786903977394,2026-05-18T10:00:18.917234
11,410,0.026030119508504868,2026-05-18T10:00:18.992333
11,411,0.028365079313516617,2026-05-18T10:00:19.052803
11,412,0.031454965472221375,2026-05-18T10:00:19.369729
11,413,0.025911623612046242,2026-05-18T10:00:19.743088
11,414,0.032397061586380005,2026-05-18T10:00:19.804518
11,415,0.032071564346551895,2026-05-18T10:00:19.866478
11,416,0.028699390590190887,2026-05-18T10:00:20.189434
11,417,0.026046032086014748,2026-05-18T10:00:20.408219
11,418,0.026309989392757416,2026-05-18T10:00:20.469814
11,419,0.026546360924839973,2026-05-18T10:00:20.531570
11,420,0.028871966525912285,2026-05-18T10:00:20.440329
11,421,0.027727454900741577,2026-05-18T10:00:20.698893
11,422,0.025184767320752144,2026-05-18T10:00:20.758620
11,423,0.025202171877026558,2026-05-18T10:00:20.819680
11,424,0.030290625989437103,2026-05-18T10:00:21.049510
11,425,0.02666359394788742,2026-05-18T10:00:21.403737
11,426,0.027920622378587723,2026-05-18T10:00:21.463034
11,427,0.02788175269961357,2026-05-18T10:00:21.524105
11,428,0.03165983408689499,2026-05-18T10:00:21.767870
11,429,0.028299439698457718,2026-05-18T10:00:22.024420
11,430,0.025800393894314766,2026-05-18T10:00:22.084261
11,431,0.024225756525993347,2026-05-18T10:00:22.145351
11,432,0.03162291646003723,2026-05-18T10:00:22.508371
11,433,0.02507706917822361,2026-05-18T10:00:22.737582
11,434,0.02628147602081299,2026-05-18T10:00:22.799350
11,435,0.026822678744792938,2026-05-18T10:00:22.859510
11,436,0.02971237525343895,2026-05-18T10:00:23.147581
11,437,0.024744797497987747,2026-05-18T10:00:23.516897
11,438,0.02830256149172783,2026-05-18T10:00:23.576244
11,439,0.024786217138171196,2026-05-18T10:00:23.637360
11,440,0.02577756531536579,2026-05-18T10:00:23.796825
11,441,0.024374734610319138,2026-05-18T10:00:24.118326
11,442,0.02613523043692112,2026-05-18T10:00:24.178499
11,443,0.02622179500758648,2026-05-18T10:00:24.240380
11,444,0.025752123445272446,2026-05-18T10:00:24.544198
11,445,0.028302783146500587,2026-05-18T10:00:24.790430
11,446,0.026574259623885155,2026-05-18T10:00:24.852389
11,447,0.029199833050370216,2026-05-18T10:00:24.913992
11,448,0.026301659643650055,2026-05-18T10:00:25.216845
11,449,0.03070429153740406,2026-05-18T10:00:25.449002
11,450,0.023948999121785164,2026-05-18T10:00:25.508004
11,451,0.029400663450360298,2026-05-18T10:00:25.584764
11,452,0.024389982223510742,2026-05-18T10:00:25.851938
11,453,0.027293799445033073,2026-05-18T10:00:26.101927
11,454,0.027476942166686058,2026-05-18T10:00:26.161831
11,455,0.027152376249432564,2026-05-18T10:00:26.335108
11,456,0.02739902399480343,2026-05-18T10:00:26.586467
11,457,0.025468893349170685,2026-05-18T10:00:26.748884
11,458,0.026525098830461502,2026-05-18T10:00:26.808789
11,459,0.030119044706225395,2026-05-18T10:00:27.150195
11,460,0.02667354606091976,2026-05-18T10:00:27.224188
11,461,0.03143841028213501,2026-05-18T10:00:27.326589
11,462,0.027807727456092834,2026-05-18T10:00:27.386705
11,463,0.02854125201702118,2026-05-18T10:00:27.770425
11,464,0.02685948833823204,2026-05-18T10:00:27.922698
11,465,0.02594093047082424,2026-05-18T10:00:28.186019
11,466,0.032773349434137344,2026-05-18T10:00:28.246810
11,467,0.027614044025540352,2026-05-18T10:00:28.363933
11,468,0.026247654110193253,2026-05-18T10:00:28.568799
11,469,0.030241306871175766,2026-05-18T10:00:28.827561
11,470,0.02731221914291382,2026-05-18T10:00:28.926390
11,471,0.029142316430807114,2026-05-18T10:00:29.075098
11,472,0.028689108788967133,2026-05-18T10:00:29.238904
11,473,0.025269949808716774,2026-05-18T10:00:29.604376
11,474,0.03374313935637474,2026-05-18T10:00:29.671116
11,475,0.025485843420028687,2026-05-18T10:00:29.741119
11,476,0.02499576471745968,2026-05-18T10:00:29.901338
11,477,0.02391055040061474,2026-05-18T10:00:30.219012
11,478,0.026716502383351326,2026-05-18T10:00:30.285845
11,479,0.025926053524017334,2026-05-18T10:00:30.377734
11,480,0.03273463249206543,2026-05-18T10:00:30.636743
11,481,0.03437652811408043,2026-05-18T10:00:31.011679
11,482,0.0286722294986248,2026-05-18T10:00:31.076206
11,483,0.025501947849988937,2026-05-18T10:00:31.169034
11,484,0.029452528804540634,2026-05-18T10:00:31.292421
11,485,0.030530666932463646,2026-05-18T10:00:31.768189
11,486,0.02538035251200199,2026-05-18T10:00:31.832207
11,487,0.026193205267190933,2026-05-18T10:00:32.065045
11,488,0.028223413974046707,2026-05-18T10:00:32.185980
11,489,0.028015756979584694,2026-05-18T10:00:32.508930
11,490,0.027809299528598785,2026-05-18T10:00:32.572792
11,491,0.026606932282447815,2026-05-18T10:00:32.660493
11,492,0.0263043399900198,2026-05-18T10:00:32.925168
11,493,0.02532939985394478,2026-05-18T10:00:33.344091
11,494,0.028010454028844833,2026-05-18T10:00:33.408564
11,495,0.0304935984313488,2026-05-18T10:00:33.474595
11,496,0.028084171935915947,2026-05-18T10:00:33.607994
11,497,0.026721661910414696,2026-05-18T10:00:34.175478
11,498,0.026820192113518715,2026-05-18T10:00:34.238025
11,499,0.028419727459549904,2026-05-18T10:00:34.301683
11,500,0.03215412423014641,2026-05-18T10:00:34.411481
11,501,0.02539975941181183,2026-05-18T10:00:34.954515
11,502,0.025607051327824593,2026-05-18T10:00:35.017108
11,503,0.025452814996242523,2026-05-18T10:00:35.080337
11,504,0.027310380712151527,2026-05-18T10:00:35.179542
11,505,0.02633781172335148,2026-05-18T10:00:35.623984
11,506,0.02744317054748535,2026-05-18T10:00:35.690245
11,507,0.027846891433000565,2026-05-18T10:00:35.752329
11,508,0.02869746834039688,2026-05-18T10:00:36.001142
11,509,0.02374127507209778,2026-05-18T10:00:36.287164
11,510,0.02713441662490368,2026-05-18T10:00:36.350303
11,511,0.026262661442160606,2026-05-18T10:00:36.414423
11,512,0.02657387964427471,2026-05-18T10:00:36.756775
11,513,0.02526814304292202,2026-05-18T10:00:37.063907
11,514,0.03192313760519028,2026-05-18T10:00:37.126060
11,515,0.025403570383787155,2026-05-18T10:00:37.192235
11,516,0.02661718614399433,2026-05-18T10:00:37.448750
11,517,0.025363774970173836,2026-05-18T10:00:37.781741
11,518,0.028334379196166992,2026-05-18T10:00:37.842989
11,519,0.02682652324438095,2026-05-18T10:00:37.907190
11,520,0.025999929755926132,2026-05-18T10:00:38.058591
11,521,0.026353826746344566,2026-05-18T10:00:38.338056
11,522,0.026933209970593452,2026-05-18T10:00:38.398634
11,523,0.030306076630949974,2026-05-18T10:00:38.461102
11,524,0.027724232524633408,2026-05-18T10:00:38.780301
11,525,0.02767922729253769,2026-05-18T10:00:38.989972
11,526,0.02703053504228592,2026-05-18T10:01:00.024709
11,527,0.028868313878774643,2026-05-18T10:01:00.097861
11,528,0.024705691263079643,2026-05-18T10:01:00.171165
11,529,0.030145728960633278,2026-05-18T10:01:00.240222
11,530,0.02724742703139782,2026-05-18T10:01:00.302264
11,531,0.029495997354388237,2026-05-18T10:01:00.364718
11,532,0.03129804506897926,2026-05-18T10:01:00.426998
11,533,0.032358765602111816,2026-05-18T10:01:00.488518
11,534,0.02682991698384285,2026-05-18T10:01:00.551185
11,535,0.023436589166522026,2026-05-18T10:01:00.714478
11,536,0.025431936606764793,2026-05-18T10:01:00.871504
11,537,0.029502905905246735,2026-05-18T10:01:00.955624
11,538,0.024743350222706795,2026-05-18T10:01:01.237398
11,539,0.030881816521286964,2026-05-18T10:01:01.401679
11,540,0.023459037765860558,2026-05-18T10:01:01.464783
11,541,0.026288315653800964,2026-05-18T10:01:01.529689
11,542,0.030370183289051056,2026-05-18T10:01:01.894870
11,543,0.02560681477189064,2026-05-18T10:01:02.098561
11,544,0.030294004827737808,2026-05-18T10:01:02.162738
11,545,0.026250598952174187,2026-05-18T10:01:02.228132
11,546,0.025426002219319344,2026-05-18T10:01:02.613587
11,547,0.026809560135006905,2026-05-18T10:01:02.803268
11,548,0.02728312462568283,2026-05-18T10:01:02.867186
11,549,0.027619393542408943,2026-05-18T10:01:02.933060
11,550,0.02585928700864315,2026-05-18T10:01:03.283078
11,551,0.03267235681414604,2026-05-18T10:01:03.430187
11,552,0.025869378820061684,2026-05-18T10:01:03.493919
11,553,0.026376966387033463,2026-05-18T10:01:03.602557
11,554,0.03121967427432537,2026-05-18T10:01:04.023207
11,555,0.02756175585091114,2026-05-18T10:01:04.160317
11,556,0.02612167038023472,2026-05-18T10:01:04.223571
11,557,0.02590748853981495,2026-05-18T10:01:04.321814
11,558,0.02932702749967575,2026-05-18T10:01:04.653420
11,559,0.025198431685566902,2026-05-18T10:01:04.851411
11,560,0.026656994596123695,2026-05-18T10:01:04.915347
11,561,0.029530128464102745,2026-05-18T10:01:04.988334
11,562,0.02763892523944378,2026-05-18T10:01:05.344877
11,563,0.027468658983707428,2026-05-18T10:01:05.611254
11,564,0.02738059125840664,2026-05-18T10:01:05.674188
11,565,0.03291301056742668,2026-05-18T10:01:05.740092
11,566,0.03316984698176384,2026-05-18T10:01:05.964064
11,567,0.0296523068100214,2026-05-18T10:01:06.350397
11,568,0.02875538542866707,2026-05-18T10:01:06.410995
11,569,0.027499400079250336,2026-05-18T10:01:06.473270
11,570,0.03120753914117813,2026-05-18T10:01:06.785590
11,571,0.026542337611317635,2026-05-18T10:01:07.047427
11,572,0.029979443177580833,2026-05-18T10:01:07.108683
11,573,0.025632163509726524,2026-05-18T10:01:07.171103
11,574,0.02616903930902481,2026-05-18T10:01:07.465033
11,575,0.0277403574436903,2026-05-18T10:01:07.716007
11,576,0.030064065009355545,2026-05-18T10:01:07.777115
11,577,0.03367609158158302,2026-05-18T10:01:07.838867
11,578,0.026223918423056602,2026-05-18T10:01:08.173947
11,579,0.02802293747663498,2026-05-18T10:01:08.327528
11,580,0.025738367810845375,2026-05-18T10:01:08.389045
11,581,0.028154943138360977,2026-05-18T10:01:08.451689
11,582,0.031080270186066628,2026-05-18T10:01:08.761580
11,583,0.03233351930975914,2026-05-18T10:01:09.147750
11,584,0.02937367558479309,2026-05-18T10:01:09.209259
11,585,0.03061513602733612,2026-05-18T10:01:09.274194
11,586,0.025560392066836357,2026-05-18T10:01:09.450200
11,587,0.026284772902727127,2026-05-18T10:01:09.863370
11,588,0.026085393503308296,2026-05-18T10:01:09.923729
11,589,0.027056587859988213,2026-05-18T10:01:09.986587
11,590,0.025540264323353767,2026-05-18T10:01:10.125564
11,591,0.024431591853499413,2026-05-18T10:01:10.585201
11,592,0.024040598422288895,2026-05-18T10:01:10.648968
11,593,0.027448231354355812,2026-05-18T10:01:10.711787
11,594,0.02683313377201557,2026-05-18T10:01:10.894523
11,595,0.029207652434706688,2026-05-18T10:01:11.374742
11,596,0.029005279764533043,2026-05-18T10:01:11.435621
11,597,0.02648312970995903,2026-05-18T10:01:11.497849
11,598,0.027500269934535027,2026-05-18T10:01:11.611395
11,599,0.02566761150956154,2026-05-18T10:01:12.071424
11,600,0.027474068105220795,2026-05-18T10:01:12.133072
11,601,0.028228960931301117,2026-05-18T10:01:12.195433
11,602,0.02752406895160675,2026-05-18T10:01:12.378158
11,603,0.024454452097415924,2026-05-18T10:01:12.682450
11,604,0.028463074937462807,2026-05-18T10:01:12.741884
11,605,0.029264360666275024,2026-05-18T10:01:12.803656
11,606,0.03597661480307579,2026-05-18T10:01:13.015150
11,607,0.023502878844738007,2026-05-18T10:01:13.274041
11,608,0.02927076816558838,2026-05-18T10:01:13.337265
11,609,0.028613166883587837,2026-05-18T10:01:13.399147
11,610,0.027886519208550453,2026-05-18T10:01:13.618419
11,611,0.026424050331115723,2026-05-18T10:01:13.923975
11,612,0.02773985266685486,2026-05-18T10:01:13.984569
11,613,0.027003496885299683,2026-05-18T10:01:14.047700
11,614,0.028372496366500854,2026-05-18T10:01:14.278718
11,615,0.028034787625074387,2026-05-18T10:01:14.691827
11,616,0.03053383342921734,2026-05-18T10:01:14.754403
11,617,0.02878708392381668,2026-05-18T10:01:14.816420
11,618,0.025440571829676628,2026-05-18T10:01:14.975671
11,619,0.02979368343949318,2026-05-18T10:01:15.300918
11,620,0.02446017414331436,2026-05-18T10:01:15.394946
11,621,0.024477101862430573,2026-05-18T10:01:15.456661
11,622,0.026327550411224365,2026-05-18T10:01:15.623626
11,623,0.024358080700039864,2026-05-18T10:01:15.956717
11,624,0.027138980105519295,2026-05-18T10:01:16.018473
11,625,0.03072323463857174,2026-05-18T10:01:16.081867
11,626,0.026447603479027748,2026-05-18T10:01:16.388813
11,627,0.030978616327047348,2026-05-18T10:01:16.553620
11,628,0.024870615452528,2026-05-18T10:01:16.614546
11,629,0.03039412945508957,2026-05-18T10:01:16.676671
11,630,0.0285956934094429,2026-05-18T10:01:17.090773
11,631,0.028725363314151764,2026-05-18T10:01:17.281290
11,632,0.023691069334745407,2026-05-18T10:01:17.341507
11,633,0.026470988988876343,2026-05-18T10:01:17.404072
11,634,0.025739481672644615,2026-05-18T10:01:17.822238
11,635,0.028926651924848557,2026-05-18T10:01:17.883451
11,636,0.02731325477361679,2026-05-18T10:01:17.945240
11,637,0.02497292309999466,2026-05-18T10:01:18.007498
11,638,0.02477971278131008,2026-05-18T10:01:18.440996
11,639,0.027850959450006485,2026-05-18T10:01:18.502129
11,640,0.026377029716968536,2026-05-18T10:01:18.575876
11,641,0.025853300467133522,2026-05-18T10:01:18.638104
11,642,0.02609381452202797,2026-05-18T10:01:19.195845
11,643,0.025111522525548935,2026-05-18T10:01:19.256224
11,644,0.02522105909883976,2026-05-18T10:01:19.318873
11,645,0.031596627086400986,2026-05-18T10:01:19.383696
11,646,0.03565666824579239,2026-05-18T10:01:19.957915
11,647,0.02469344064593315,2026-05-18T10:01:20.020929
11,648,0.02701796405017376,2026-05-18T10:01:20.084986
11,649,0.024580642580986023,2026-05-18T10:01:20.149478
11,650,0.02905445359647274,2026-05-18T10:01:20.603660
11,651,0.0346732996404171,2026-05-18T10:01:20.664055
11,652,0.029350919649004936,2026-05-18T10:01:20.728678
11,653,0.024765240028500557,2026-05-18T10:01:20.790931
11,654,0.03583202138543129,2026-05-18T10:01:21.261317
11,655,0.02430897206068039,2026-05-18T10:01:21.326594
11,656,0.026005322113633156,2026-05-18T10:01:21.390165
11,657,0.02533971518278122,2026-05-18T10:01:21.455927
11,658,0.02747839130461216,2026-05-18T10:01:22.003795
11,659,0.03123716451227665,2026-05-18T10:01:22.066641
11,660,0.03012322634458542,2026-05-18T10:01:22.129238
11,661,0.03519498184323311,2026-05-18T10:01:22.194199
11,662,0.02336190827190876,2026-05-18T10:01:22.687784
11,663,0.033030204474925995,2026-05-18T10:01:22.751855
11,664,0.027284806594252586,2026-05-18T10:01:22.829246
11,665,0.026115575805306435,2026-05-18T10:01:22.892719
11,666,0.02514456957578659,2026-05-18T10:01:23.249907
11,667,0.025946639478206635,2026-05-18T10:01:23.310653
11,668,0.025615114718675613,2026-05-18T10:01:23.517989
11,669,0.02946373261511326,2026-05-18T10:01:23.579436
11,670,0.026645299047231674,2026-05-18T10:01:23.864053
11,671,0.027550633996725082,2026-05-18T10:01:23.924039
11,672,0.030366985127329826,2026-05-18T10:01:24.182113
11,673,0.028324956074357033,2026-05-18T10:01:24.245152
11,674,0.028223833069205284,2026-05-18T10:01:24.583881
11,675,0.027474436908960342,2026-05-18T10:01:24.647072
11,676,0.02874956838786602,2026-05-18T10:01:24.409560
11,677,0.030407797545194626,2026-05-18T10:01:24.471076
11,678,0.02556603215634823,2026-05-18T10:01:24.823191
11,679,0.02796265296638012,2026-05-18T10:01:24.885894
11,680,0.02768133208155632,2026-05-18T10:01:25.073726
11,681,0.024667032063007355,2026-05-18T10:01:25.135539
11,682,0.025844432413578033,2026-05-18T10:01:25.528578
11,683,0.028543738648295403,2026-05-18T10:01:25.588502
11,684,0.027100997045636177,2026-05-18T10:01:25.709005
11,685,0.027045078575611115,2026-05-18T10:01:25.769064
11,686,0.02927316166460514,2026-05-18T10:01:26.149111
11,687,0.026884159073233604,2026-05-18T10:01:26.267673
11,688,0.029251694679260254,2026-05-18T10:01:26.508172
11,689,0.033437568694353104,2026-05-18T10:01:26.571643
11,690,0.030967840924859047,2026-05-18T10:01:26.920903
11,691,0.031244870275259018,2026-05-18T10:01:26.981978
11,692,0.026906181126832962,2026-05-18T10:01:27.100308
11,693,0.02340279147028923,2026-05-18T10:01:27.161134
11,694,0.02646772377192974,2026-05-18T10:01:27.638066
11,695,0.02768324315547943,2026-05-18T10:01:27.698205
11,696,0.027293704450130463,2026-05-18T10:01:27.894731
11,697,0.03237106651067734,2026-05-18T10:01:27.958517
11,698,0.029986867681145668,2026-05-18T10:01:28.317018
11,699,0.02438656985759735,2026-05-18T10:01:28.380227
11,700,0.029424671083688736,2026-05-18T10:01:28.669440
11,701,0.025625519454479218,2026-05-18T10:01:28.729883
11,702,0.02703946828842163,2026-05-18T10:01:28.982768
11,703,0.026079511269927025,2026-05-18T10:01:29.097708
11,704,0.03236310929059982,2026-05-18T10:01:29.380076
11,705,0.03232278674840927,2026-05-18T10:01:29.442569
11,706,0.026761600747704506,2026-05-18T10:01:29.705777
11,707,0.023592330515384674,2026-05-18T10:01:29.766732
11,708,0.027715785428881645,2026-05-18T10:01:30.041814
11,709,0.030522767454385757,2026-05-18T10:01:30.106082
11,710,0.028437677770853043,2026-05-18T10:01:30.459845
11,711,0.027559204027056694,2026-05-18T10:01:30.521778
11,712,0.029977746307849884,2026-05-18T10:01:30.692909
11,713,0.03294840082526207,2026-05-18T10:01:30.753629
11,714,0.024208685383200645,2026-05-18T10:01:31.196620
11,715,0.02579526975750923,2026-05-18T10:01:31.258556
11,716,0.026296310126781464,2026-05-18T10:01:31.450193
11,717,0.02723294496536255,2026-05-18T10:01:31.511577
11,718,0.025881588459014893,2026-05-18T10:01:32.007844
11,719,0.024890583008527756,2026-05-18T10:01:32.067480
11,720,0.03172672539949417,2026-05-18T10:01:32.195695
11,721,0.028269218280911446,2026-05-18T10:01:32.257016
11,722,0.028517086058855057,2026-05-18T10:01:32.699309
11,723,0.02440526895225048,2026-05-18T10:01:32.759651
11,724,0.023860501125454903,2026-05-18T10:01:32.951783
11,725,0.024468565359711647,2026-05-18T10:01:33.013642
11,726,0.024975918233394623,2026-05-18T10:01:33.367439
11,727,0.0252628643065691,2026-05-18T10:01:33.427815
11,728,0.0341668576002121,2026-05-18T10:01:33.546621
11,729,0.026112589985132217,2026-05-18T10:01:33.610353
11,730,0.030058572068810463,2026-05-18T10:01:34.053224
11,731,0.025779495015740395,2026-05-18T10:01:34.115517
11,732,0.024601859971880913,2026-05-18T10:01:34.228945
11,733,0.027527138590812683,2026-05-18T10:01:34.294248
11,734,0.026183556765317917,2026-05-18T10:01:34.752543
11,735,0.026934776455163956,2026-05-18T10:01:34.815107
11,736,0.02569408155977726,2026-05-18T10:01:35.120003
11,737,0.027616148814558983,2026-05-18T10:01:35.184432
11,738,0.026453662663698196,2026-05-18T10:01:35.423535
11,739,0.02620960772037506,2026-05-18T10:01:35.487455
11,740,0.029708685353398323,2026-05-18T10:01:35.903102
11,741,0.026471782475709915,2026-05-18T10:01:35.967552
11,742,0.024301640689373016,2026-05-18T10:01:36.032680
11,743,0.023490507155656815,2026-05-18T10:01:36.098022
11,744,0.026522543281316757,2026-05-18T10:01:36.761732
11,745,0.025419363752007484,2026-05-18T10:01:36.827878
11,746,0.02644205652177334,2026-05-18T10:01:36.945159
11,747,0.028208265081048012,2026-05-18T10:01:37.010068
11,748,0.03163393214344978,2026-05-18T10:01:37.303044
11,749,0.025122709572315216,2026-05-18T10:01:37.366366
11,750,0.029619013890624046,2026-05-18T10:01:37.869166
11,751,0.026434019207954407,2026-05-18T10:01:37.931664
11,752,0.027832183986902237,2026-05-18T10:01:37.998136
11,753,0.02832268550992012,2026-05-18T10:01:38.062815
11,754,0.02523501217365265,2026-05-18T10:01:38.446008
11,755,0.025562552735209465,2026-05-18T10:01:38.507014
11,756,0.03149416297674179,2026-05-18T10:01:38.697301
11,757,0.026342062279582024,2026-05-18T10:01:38.758058
11,758,0.02400973066687584,2026-05-18T10:01:39.132745
11,759,0.02613803744316101,2026-05-18T10:01:39.196276
11,760,0.02399432845413685,2026-05-18T10:01:39.503497
11,761,0.025726204738020897,2026-05-18T10:01:39.564074
11,762,0.025057312101125717,2026-05-18T10:01:39.883538
11,763,0.02944473922252655,2026-05-18T10:01:39.945695
11,764,0.026277730241417885,2026-05-18T10:01:40.291631
11,765,0.027132634073495865,2026-05-18T10:01:40.353465
11,766,0.025440355762839317,2026-05-18T10:01:40.610411
11,767,0.0259077325463295,2026-05-18T10:01:40.671421
11,768,0.029314842075109482,2026-05-18T10:01:40.970999
11,769,0.025410396978259087,2026-05-18T10:01:41.033377
11,770,0.025143811479210854,2026-05-18T10:01:41.269361
11,771,0.0416293703019619,2026-05-18T10:01:41.364551
11,772,0.02965630032122135,2026-05-18T10:01:41.683725
11,773,0.0268296767026186,2026-05-18T10:01:41.744351
11,774,0.027772359549999237,2026-05-18T10:01:42.195587
11,775,0.022161558270454407,2026-05-18T10:01:42.256510
11,776,0.0287847388535738,2026-05-18T10:01:42.454325
11,777,0.026678483933210373,2026-05-18T10:01:42.518010
11,778,0.02445833943784237,2026-05-18T10:01:42.908940
11,779,0.027093207463622093,2026-05-18T10:01:42.970445
11,780,0.02600344829261303,2026-05-18T10:01:43.151597
11,781,0.02351249009370804,2026-05-18T10:01:43.212624
11,782,0.026200199499726295,2026-05-18T10:01:43.655489
11,783,0.03029358759522438,2026-05-18T10:01:43.766072
11,784,0.03275452181696892,2026-05-18T10:01:44.002181
11,785,0.023943988606333733,2026-05-18T10:01:44.063081
11,786,0.03336838260293007,2026-05-18T10:01:44.328487
11,787,0.025639481842517853,2026-05-18T10:01:44.419976
11,788,0.02443382889032364,2026-05-18T10:01:44.764598
11,789,0.024798553436994553,2026-05-18T10:01:44.825770
11,790,0.029224339872598648,2026-05-18T10:01:45.047696
11,791,0.029882265254855156,2026-05-18T10:01:45.129679
11,792,0.031132124364376068,2026-05-18T10:01:45.687403
11,793,0.03056609071791172,2026-05-18T10:01:45.749520
11,794,0.026738326996564865,2026-05-18T10:01:45.813580
11,795,0.02981504611670971,2026-05-18T10:01:45.924861
11,796,0.02752157673239708,2026-05-18T10:01:46.310827
11,797,0.026145922020077705,2026-05-18T10:01:46.370864
11,798,0.025961408391594887,2026-05-18T10:01:46.434925
11,799,0.03044452890753746,2026-05-18T10:01:46.806379
11,800,0.02586326189339161,2026-05-18T10:01:47.188345
11,801,0.029562581330537796,2026-05-18T10:01:47.251830
11,802,0.02645554021000862,2026-05-18T10:01:47.315605
11,803,0.027294954285025597,2026-05-18T10:01:47.555980
11,804,0.02901315502822399,2026-05-18T10:01:47.961677
11,805,0.025978798046708107,2026-05-18T10:01:48.022268
11,806,0.03065052255988121,2026-05-18T10:01:48.086619
11,807,0.029188435524702072,2026-05-18T10:01:48.284885
11,808,0.02891184762120247,2026-05-18T10:01:48.681845
11,809,0.029646623879671097,2026-05-18T10:01:48.743885
11,810,0.02707134559750557,2026-05-18T10:01:48.806505
11,811,0.024015866219997406,2026-05-18T10:01:49.003759
11,812,0.02387537620961666,2026-05-18T10:01:49.354410
11,813,0.023604590445756912,2026-05-18T10:01:49.414885
11,814,0.031237106770277023,2026-05-18T10:01:49.478466
11,815,0.026831546798348427,2026-05-18T10:01:49.737874
11,816,0.029499521479010582,2026-05-18T10:01:50.128689
11,817,0.029727011919021606,2026-05-18T10:01:50.189886
11,818,0.025700921192765236,2026-05-18T10:01:50.251945
11,819,0.025820430368185043,2026-05-18T10:01:50.384356
11,820,0.02778114192187786,2026-05-18T10:01:50.942443
11,821,0.028843190521001816,2026-05-18T10:01:51.003751
11,822,0.03297156095504761,2026-05-18T10:01:51.066012
11,823,0.02977146953344345,2026-05-18T10:01:51.127936
11,824,0.029293114319443703,2026-05-18T10:01:51.657594
11,825,0.028528457507491112,2026-05-18T10:01:51.720358
11,826,0.026297546923160553,2026-05-18T10:01:51.784065
11,827,0.026206107810139656,2026-05-18T10:01:51.880433
11,828,0.029262952506542206,2026-05-18T10:01:52.379218
11,829,0.027007311582565308,2026-05-18T10:01:52.442525
11,830,0.023842662572860718,2026-05-18T10:01:52.504849
11,831,0.030995357781648636,2026-05-18T10:01:52.567603
11,832,0.03154371306300163,2026-05-18T10:01:53.168981
11,833,0.027675651013851166,2026-05-18T10:01:53.233428
11,834,0.030856195837259293,2026-05-18T10:01:53.299401
11,835,0.02954728901386261,2026-05-18T10:01:53.364610
11,836,0.02812795341014862,2026-05-18T10:01:53.956256
11,837,0.02976670302450657,2026-05-18T10:01:54.018910
11,838,0.027533182874321938,2026-05-18T10:01:54.081613
11,839,0.02730889804661274,2026-05-18T10:01:54.148517
11,840,0.027511870488524437,2026-05-18T10:01:54.756992
11,841,0.02522599883377552,2026-05-18T10:01:54.820679
11,842,0.024888768792152405,2026-05-18T10:01:54.884628
11,843,0.02901274710893631,2026-05-18T10:01:54.948756
11,844,0.027322588488459587,2026-05-18T10:01:55.472543
11,845,0.027164191007614136,2026-05-18T10:01:55.536326
11,846,0.025066962465643883,2026-05-18T10:01:55.598745
11,847,0.026021551340818405,2026-05-18T10:01:55.664734
11,848,0.028658898547291756,2026-05-18T10:01:56.204341
11,849,0.026859354227781296,2026-05-18T10:01:56.268471
11,850,0.029613390564918518,2026-05-18T10:01:56.332179
11,851,0.027020568028092384,2026-05-18T10:01:56.397275
11,852,0.03277023509144783,2026-05-18T10:01:56.667322
11,853,0.026976536959409714,2026-05-18T10:01:56.732929
11,854,0.027322424575686455,2026-05-18T10:01:56.797219
11,855,0.027058176696300507,2026-05-18T10:01:56.859234
11,856,0.025078896433115005,2026-05-18T10:01:57.289724
11,857,0.0252105463296175,2026-05-18T10:01:57.350215
11,858,0.02588551864027977,2026-05-18T10:01:57.413419
11,859,0.02677655592560768,2026-05-18T10:01:57.475687
11,860,0.025881079956889153,2026-05-18T10:01:58.243875
11,861,0.024433905258774757,2026-05-18T10:01:58.307410
11,862,0.025138668715953827,2026-05-18T10:01:58.373200
11,863,0.02696375548839569,2026-05-18T10:01:58.438323
11,864,0.025404736399650574,2026-05-18T10:01:58.963780
11,865,0.026342201977968216,2026-05-18T10:01:59.025685
11,866,0.027565492317080498,2026-05-18T10:01:59.087726
11,867,0.02602177858352661,2026-05-18T10:01:59.149641
11,868,0.02509874850511551,2026-05-18T10:01:59.803965
11,869,0.03154776617884636,2026-05-18T10:01:59.866969
11,870,0.02809145301580429,2026-05-18T10:01:59.962366
11,871,0.03007296286523342,2026-05-18T10:02:00.025075
11,872,0.025135468691587448,2026-05-18T10:02:00.384354
11,873,0.033773597329854965,2026-05-18T10:02:00.445206
11,874,0.030294256284832954,2026-05-18T10:02:00.507793
11,875,0.027768654748797417,2026-05-18T10:02:00.571770
11,876,0.028552144765853882,2026-05-18T10:02:01.128759
11,877,0.03400908410549164,2026-05-18T10:02:01.190127
11,878,0.026739487424492836,2026-05-18T10:02:01.251351
11,879,0.02592328190803528,2026-05-18T10:02:01.315843
11,880,0.027795035392045975,2026-05-18T10:02:01.800151
11,881,0.028923654928803444,2026-05-18T10:02:01.863508
11,882,0.027375448495149612,2026-05-18T10:02:01.925850
11,883,0.0363672710955143,2026-05-18T10:02:01.987622
11,884,0.025990169495344162,2026-05-18T10:02:02.682276
11,885,0.024832025170326233,2026-05-18T10:02:02.746037
11,886,0.028304260224103928,2026-05-18T10:02:02.811882
11,887,0.029024137184023857,2026-05-18T10:02:02.875764
11,888,0.029505455866456032,2026-05-18T10:02:03.353429
11,889,0.030986594036221504,2026-05-18T10:02:03.416424
11,890,0.02597031556069851,2026-05-18T10:02:03.479865
11,891,0.02332453615963459,2026-05-18T10:02:03.541939
11,892,0.02632990851998329,2026-05-18T10:02:04.027444
11,893,0.026600254699587822,2026-05-18T10:02:04.093432
11,894,0.025299102067947388,2026-05-18T10:02:04.156636
11,895,0.02786114066839218,2026-05-18T10:02:04.220157
11,896,0.02640215866267681,2026-05-18T10:02:04.702205
11,897,0.025557009503245354,2026-05-18T10:02:04.762487
11,898,0.025499576702713966,2026-05-18T10:02:04.825120
11,899,0.030986925587058067,2026-05-18T10:02:04.897256
11,900,0.030473073944449425,2026-05-18T10:02:05.514948
11,901,0.02749885432422161,2026-05-18T10:02:05.578325
11,902,0.030431142076849937,2026-05-18T10:02:05.644136
11,903,0.026687167584896088,2026-05-18T10:02:05.711063
11,904,0.02615278773009777,2026-05-18T10:02:06.322733
11,905,0.025433773174881935,2026-05-18T10:02:06.386562
11,906,0.03170202672481537,2026-05-18T10:02:06.451848
11,907,0.026800770312547684,2026-05-18T10:02:06.516588
11,908,0.029866574332118034,2026-05-18T10:02:06.990771
11,909,0.03142515942454338,2026-05-18T10:02:07.055407
11,910,0.02650781162083149,2026-05-18T10:02:07.120635
11,911,0.026961104944348335,2026-05-18T10:02:07.186941
11,912,0.026369238272309303,2026-05-18T10:02:07.807906
11,913,0.024993350729346275,2026-05-18T10:02:07.873463
11,914,0.027230871841311455,2026-05-18T10:02:07.940053
11,915,0.027473192662000656,2026-05-18T10:02:08.008774
11,916,0.023611783981323242,2026-05-18T10:02:08.579671
11,917,0.027408072724938393,2026-05-18T10:02:08.646313
11,918,0.02870117872953415,2026-05-18T10:02:08.710858
11,919,0.025383833795785904,2026-05-18T10:02:08.775731
11,920,0.036092810332775116,2026-05-18T10:02:09.434291
11,921,0.033917322754859924,2026-05-18T10:02:09.497648
11,922,0.026152126491069794,2026-05-18T10:02:09.561514
11,923,0.026486216112971306,2026-05-18T10:02:09.626116
11,924,0.025373252108693123,2026-05-18T10:02:10.305703
11,925,0.0329621396958828,2026-05-18T10:02:10.366991
11,926,0.03234218433499336,2026-05-18T10:02:10.429196
11,927,0.02856631763279438,2026-05-18T10:02:10.498296
11,928,0.031202184036374092,2026-05-18T10:02:11.070551
11,929,0.03025752492249012,2026-05-18T10:02:11.134131
11,930,0.026068855077028275,2026-05-18T10:02:11.197781
11,931,0.027578240260481834,2026-05-18T10:02:11.261492
11,932,0.025237465277314186,2026-05-18T10:02:11.949455
11,933,0.03000856190919876,2026-05-18T10:02:12.010699
11,934,0.025364236906170845,2026-05-18T10:02:12.073694
11,935,0.027091948315501213,2026-05-18T10:02:12.136515
11,936,0.027207404375076294,2026-05-18T10:02:12.616522
11,937,0.025106510147452354,2026-05-18T10:02:12.677654
11,938,0.024392154067754745,2026-05-18T10:02:12.741325
11,939,0.02821059711277485,2026-05-18T10:02:12.804559
11,940,0.026137182489037514,2026-05-18T10:02:13.330361
11,941,0.02782483585178852,2026-05-18T10:02:13.393845
11,942,0.02854369767010212,2026-05-18T10:02:13.459991
11,943,0.02756834216415882,2026-05-18T10:02:13.524278
11,944,0.02649296447634697,2026-05-18T10:02:14.200004
11,945,0.03059179149568081,2026-05-18T10:02:14.263616
11,946,0.024970760568976402,2026-05-18T10:02:14.325271
11,947,0.027268286794424057,2026-05-18T10:02:14.387971
11,948,0.02787679061293602,2026-05-18T10:02:15.080665
11,949,0.02619057707488537,2026-05-18T10:02:15.145276
11,950,0.028435345739126205,2026-05-18T10:02:15.209043
11,951,0.023636672645807266,2026-05-18T10:02:15.273109
11,952,0.025297867134213448,2026-05-18T10:02:15.869173
11,953,0.02633838728070259,2026-05-18T10:02:15.928900
11,954,0.027901161462068558,2026-05-18T10:02:15.991765
11,955,0.026418613269925117,2026-05-18T10:02:16.054218
11,956,0.02603394165635109,2026-05-18T10:02:16.586480
11,957,0.029120173305273056,2026-05-18T10:02:16.649726
11,958,0.030202390626072884,2026-05-18T10:02:16.714339
11,959,0.033398620784282684,2026-05-18T10:02:16.782523
11,960,0.03097136877477169,2026-05-18T10:02:17.281118
11,961,0.026628702878952026,2026-05-18T10:02:17.341938
11,962,0.02523867040872574,2026-05-18T10:02:17.407486
11,963,0.02658567950129509,2026-05-18T10:02:17.472871
11,964,0.02726110629737377,2026-05-18T10:02:18.150295
11,965,0.027642568573355675,2026-05-18T10:02:18.213586
11,966,0.024363595992326736,2026-05-18T10:02:18.277817
11,967,0.025799650698900223,2026-05-18T10:02:18.342210
11,968,0.02686247229576111,2026-05-18T10:02:18.906514
11,969,0.02598443441092968,2026-05-18T10:02:18.967197
11,970,0.02686009369790554,2026-05-18T10:02:19.063727
11,971,0.026911087334156036,2026-05-18T10:02:19.130517
11,972,0.025884518399834633,2026-05-18T10:02:19.662142
11,973,0.029611602425575256,2026-05-18T10:02:19.724127
11,974,0.029638120904564857,2026-05-18T10:02:19.788560
11,975,0.02662334404885769,2026-05-18T10:02:19.852980
11,976,0.02684393897652626,2026-05-18T10:02:20.559237
11,977,0.03176380693912506,2026-05-18T10:02:20.624684
11,978,0.029223646968603134,2026-05-18T10:02:20.689958
11,979,0.027598505839705467,2026-05-18T10:02:20.755854
11,980,0.02756524831056595,2026-05-18T10:02:21.484353
11,981,0.03023558109998703,2026-05-18T10:02:21.549915
11,982,0.030070969834923744,2026-05-18T10:02:21.616466
11,983,0.026652300730347633,2026-05-18T10:02:21.683120
11,984,0.025968628004193306,2026-05-18T10:02:22.510639
11,985,0.032636918127536774,2026-05-18T10:02:22.576889
11,986,0.026347558945417404,2026-05-18T10:02:22.644292
11,987,0.027724280953407288,2026-05-18T10:02:22.709625
11,988,0.027708159759640694,2026-05-18T10:02:23.481768
11,989,0.024645080789923668,2026-05-18T10:02:23.548503
11,990,0.028667543083429337,2026-05-18T10:02:23.612533
11,991,0.025043446570634842,2026-05-18T10:02:23.678257
11,992,0.024732990190386772,2026-05-18T10:02:24.289267
11,993,0.025639906525611877,2026-05-18T10:02:24.431998
11,994,0.028752926737070084,2026-05-18T10:02:24.499499
11,995,0.027194945141673088,2026-05-18T10:02:24.570575
11,996,0.02798382192850113,2026-05-18T10:02:25.542181
11,997,0.02842092327773571,2026-05-18T10:02:25.617510
11,998,0.030673228204250336,2026-05-18T10:02:25.683915
11,999,0.026990113779902458,2026-05-18T10:02:25.758437
11,1000,0.025769680738449097,2026-05-18T10:02:26.455312
11,1001,0.02332020178437233,2026-05-18T10:02:26.685755
11,1002,0.02742382138967514,2026-05-18T10:02:26.750397
11,1003,0.026776058599352837,2026-05-18T10:02:26.815376
11,1004,0.0324593111872673,2026-05-18T10:02:27.738000
11,1005,0.02538941614329815,2026-05-18T10:02:27.804556
11,1006,0.028001219034194946,2026-05-18T10:02:27.871407
11,1007,0.02587226964533329,2026-05-18T10:02:27.938598
11,1008,0.025593694299459457,2026-05-18T10:02:28.745684
11,1009,0.027317991480231285,2026-05-18T10:02:28.390963
11,1010,0.0275272224098444,2026-05-18T10:02:28.455948
11,1011,0.028590038418769836,2026-05-18T10:02:28.522081
11,1012,0.0296504944562912,2026-05-18T10:02:29.031541
11,1013,0.026803139597177505,2026-05-18T10:02:29.242800
11,1014,0.030729280784726143,2026-05-18T10:02:29.306054
11,1015,0.026474574580788612,2026-05-18T10:02:29.370961
11,1016,0.025856509804725647,2026-05-18T10:02:29.940168
11,1017,0.024889785796403885,2026-05-18T10:02:30.075152
11,1018,0.026248931884765625,2026-05-18T10:02:30.138054
11,1019,0.0324990451335907,2026-05-18T10:02:30.200296
11,1020,0.026482203975319862,2026-05-18T10:02:30.743176
11,1021,0.028787320479750633,2026-05-18T10:02:30.900920
11,1022,0.026392530649900436,2026-05-18T10:02:30.961207
11,1023,0.027316663414239883,2026-05-18T10:02:31.024279
11,1024,0.026159202679991722,2026-05-18T10:02:31.757972
11,1025,0.027102239429950714,2026-05-18T10:02:31.821818
11,1026,0.024410707876086235,2026-05-18T10:02:31.885574
11,1027,0.023159148171544075,2026-05-18T10:02:31.949220
11,1028,0.025108691304922104,2026-05-18T10:02:32.658342
11,1029,0.027796925976872444,2026-05-18T10:02:32.721950
11,1030,0.026233132928609848,2026-05-18T10:02:32.785168
11,1031,0.03241630643606186,2026-05-18T10:02:32.848186
11,1032,0.025590073317289352,2026-05-18T10:02:33.491380
11,1033,0.024353645741939545,2026-05-18T10:02:33.551595
11,1034,0.026552027091383934,2026-05-18T10:02:33.614763
11,1035,0.02549603022634983,2026-05-18T10:02:33.675878
11,1036,0.027206886559724808,2026-05-18T10:02:34.360167
11,1037,0.027324078604578972,2026-05-18T10:02:34.422761
11,1038,0.02768736705183983,2026-05-18T10:02:34.485181
11,1039,0.029165375977754593,2026-05-18T10:02:34.548931
11,1040,0.028225379064679146,2026-05-18T10:02:35.233622
11,1041,0.028014585375785828,2026-05-18T10:02:35.296716
11,1042,0.026045380160212517,2026-05-18T10:02:35.361548
11,1043,0.0287318155169487,2026-05-18T10:02:35.426787
11,1044,0.026353634893894196,2026-05-18T10:02:35.998325
11,1045,0.02875157818198204,2026-05-18T10:02:36.061382
11,1046,0.02240891009569168,2026-05-18T10:02:36.124873
11,1047,0.030162641778588295,2026-05-18T10:02:36.187742
11,1048,0.0249442458152771,2026-05-18T10:02:36.804509
11,1049,0.026767635717988014,2026-05-18T10:02:36.864626
11,1050,0.035042911767959595,2026-05-18T10:02:36.927476
11,1051,0.026900598779320717,2026-05-18T10:02:36.989598
11,1052,0.025625422596931458,2026-05-18T10:02:37.606229
11,1053,0.026839811354875565,2026-05-18T10:02:37.668933
11,1054,0.027456454932689667,2026-05-18T10:02:37.733525
11,1055,0.026483720168471336,2026-05-18T10:02:37.797362
11,1056,0.026920942589640617,2026-05-18T10:02:38.426284
11,1057,0.02753121592104435,2026-05-18T10:02:38.490955
11,1058,0.024523116648197174,2026-05-18T10:02:38.556920
11,1059,0.03122500516474247,2026-05-18T10:02:38.623362
11,1060,0.028268981724977493,2026-05-18T10:02:39.013535
11,1061,0.029069388285279274,2026-05-18T10:02:39.077018
11,1062,0.025686481967568398,2026-05-18T10:02:39.141586
11,1063,0.03157888352870941,2026-05-18T10:02:39.207105
11,1064,0.030656779184937477,2026-05-18T10:02:39.740568
11,1065,0.02749663218855858,2026-05-18T10:02:39.806676
11,1066,0.02765333279967308,2026-05-18T10:02:39.873159
11,1067,0.02809278853237629,2026-05-18T10:02:39.939363
11,1068,0.025227345526218414,2026-05-18T10:02:40.571845
11,1069,0.02746049501001835,2026-05-18T10:02:40.635149
11,1070,0.027865653857588768,2026-05-18T10:02:40.746449
11,1071,0.028499532490968704,2026-05-18T10:02:40.816601
11,1072,0.031181473284959793,2026-05-18T10:02:41.397108
11,1073,0.02501344308257103,2026-05-18T10:02:41.460243
11,1074,0.032784298062324524,2026-05-18T10:02:41.525294
11,1075,0.030065486207604408,2026-05-18T10:02:41.590189
11,1076,0.024286793544888496,2026-05-18T10:02:42.102671
11,1077,0.027051925659179688,2026-05-18T10:02:42.165601
11,1078,0.029044702649116516,2026-05-18T10:02:42.231275
11,1079,0.027947884052991867,2026-05-18T10:02:42.296074
11,1080,0.02951672673225403,2026-05-18T10:02:42.896979
11,1081,0.023965466767549515,2026-05-18T10:02:42.961129
11,1082,0.028865322470664978,2026-05-18T10:02:43.028465
11,1083,0.02424638159573078,2026-05-18T10:02:43.096297
11,1084,0.027662189677357674,2026-05-18T10:02:43.681000
11,1085,0.028460044413805008,2026-05-18T10:02:43.743349
11,1086,0.022472377866506577,2026-05-18T10:02:43.806071
11,1087,0.027227018028497696,2026-05-18T10:02:43.871374
11,1088,0.026703819632530212,2026-05-18T10:02:44.536581
11,1089,0.030204521492123604,2026-05-18T10:02:44.601232
11,1090,0.02618281915783882,2026-05-18T10:02:44.964140
11,1091,0.028016792610287666,2026-05-18T10:02:45.030385
11,1092,0.02781374752521515,2026-05-18T10:02:45.531295
11,1093,0.026967039331793785,2026-05-18T10:02:45.647525
11,1094,0.025770124047994614,2026-05-18T10:02:46.087384
11,1095,0.024332206696271896,2026-05-18T10:02:46.151247
11,1096,0.02804993838071823,2026-05-18T10:02:46.581733
11,1097,0.031585101038217545,2026-05-18T10:02:46.718969
11,1098,0.025125397369265556,2026-05-18T10:02:47.072123
11,1099,0.028324050828814507,2026-05-18T10:02:47.136128
11,1100,0.028125885874032974,2026-05-18T10:02:47.592740
11,1101,0.029520925134420395,2026-05-18T10:02:47.945326
11,1102,0.02968233823776245,2026-05-18T10:02:48.008136
11,1103,0.02757202833890915,2026-05-18T10:02:48.072891
11,1104,0.026096180081367493,2026-05-18T10:02:48.540888
11,1105,0.03063366748392582,2026-05-18T10:02:48.804224
11,1106,0.03377089276909828,2026-05-18T10:02:48.869362
11,1107,0.029045172035694122,2026-05-18T10:02:48.932545
11,1108,0.02855921909213066,2026-05-18T10:02:49.318072
11,1109,0.025321653112769127,2026-05-18T10:02:49.563913
11,1110,0.025867965072393417,2026-05-18T10:02:49.625473
11,1111,0.02558075450360775,2026-05-18T10:02:49.689180
11,1112,0.02696867287158966,2026-05-18T10:02:50.152104
11,1113,0.024412747472524643,2026-05-18T10:02:50.473518
11,1114,0.025505203753709793,2026-05-18T10:02:50.534604
11,1115,0.0261856522411108,2026-05-18T10:02:50.597312
11,1116,0.033125873655080795,2026-05-18T10:02:50.938804
11,1117,0.027360057458281517,2026-05-18T10:02:51.205096
11,1118,0.029203448444604874,2026-05-18T10:02:51.267055
11,1119,0.025403987616300583,2026-05-18T10:02:51.329755
11,1120,0.02423245832324028,2026-05-18T10:02:51.702406
11,1121,0.0302733201533556,2026-05-18T10:02:52.060649
11,1122,0.027382588014006615,2026-05-18T10:02:52.123375
11,1123,0.02344522811472416,2026-05-18T10:02:52.187072
11,1124,0.02598513290286064,2026-05-18T10:02:52.456094
11,1125,0.02351323887705803,2026-05-18T10:02:52.795594
11,1126,0.027985472232103348,2026-05-18T10:02:52.908799
11,1127,0.028122849762439728,2026-05-18T10:02:52.970507
11,1128,0.028734028339385986,2026-05-18T10:02:53.447801
11,1129,0.03149820491671562,2026-05-18T10:02:53.689866
11,1130,0.029382292181253433,2026-05-18T10:02:53.754305
11,1131,0.027742983773350716,2026-05-18T10:02:53.817543
11,1132,0.025690598413348198,2026-05-18T10:02:54.321772
11,1133,0.024638118222355843,2026-05-18T10:02:54.480974
11,1134,0.025814449414610863,2026-05-18T10:02:54.542592
11,1135,0.026999877765774727,2026-05-18T10:02:54.606666
11,1136,0.025937600061297417,2026-05-18T10:02:55.113553
11,1137,0.022389547899365425,2026-05-18T10:02:55.315966
11,1138,0.02679353766143322,2026-05-18T10:02:55.379513
11,1139,0.03226401284337044,2026-05-18T10:02:55.443822
11,1140,0.025739647448062897,2026-05-18T10:02:55.926281
11,1141,0.023163825273513794,2026-05-18T10:02:56.009240
11,1142,0.026102645322680473,2026-05-18T10:02:56.070397
11,1143,0.02861243300139904,2026-05-18T10:02:56.134561
11,1144,0.027355382218956947,2026-05-18T10:02:56.538482
11,1145,0.025494012981653214,2026-05-18T10:02:56.775114
11,1146,0.02492600679397583,2026-05-18T10:02:56.835309
11,1147,0.028137648478150368,2026-05-18T10:02:56.897457
12,0,0.027362912893295288,2026-05-18T10:03:04.220625
12,1,0.02825169824063778,2026-05-18T10:03:04.468401
12,2,0.029398564249277115,2026-05-18T10:03:04.548426
12,3,0.02711983025074005,2026-05-18T10:03:04.626508
12,4,0.02689261920750141,2026-05-18T10:03:04.789478
12,5,0.02800525538623333,2026-05-18T10:03:04.883424
12,6,0.02513543888926506,2026-05-18T10:03:05.171992
12,7,0.025633923709392548,2026-05-18T10:03:05.236315
12,8,0.029128236696124077,2026-05-18T10:03:05.666815
12,9,0.02426418662071228,2026-05-18T10:03:05.731110
12,10,0.030442170798778534,2026-05-18T10:03:06.018728
12,11,0.026024721562862396,2026-05-18T10:03:06.082209
12,12,0.026796281337738037,2026-05-18T10:03:06.318424
12,13,0.027490338310599327,2026-05-18T10:03:06.379540
12,14,0.027270754799246788,2026-05-18T10:03:06.796451
12,15,0.025394221767783165,2026-05-18T10:03:06.858377
12,16,0.026695692911744118,2026-05-18T10:03:07.175400
12,17,0.026597607880830765,2026-05-18T10:03:07.235929
12,18,0.02461976930499077,2026-05-18T10:03:07.515667
12,19,0.02722278982400894,2026-05-18T10:03:07.579486
12,20,0.026236258447170258,2026-05-18T10:03:07.921902
12,21,0.028927287086844444,2026-05-18T10:03:07.983390
12,22,0.030014049261808395,2026-05-18T10:03:08.335834
12,23,0.026271279901266098,2026-05-18T10:03:08.395997
12,24,0.028539495542645454,2026-05-18T10:03:08.646805
12,25,0.027988184243440628,2026-05-18T10:03:08.708240
12,26,0.038686394691467285,2026-05-18T10:03:09.019134
12,27,0.03232095390558243,2026-05-18T10:03:09.082927
12,28,0.030956299975514412,2026-05-18T10:03:09.343795
12,29,0.02605217881500721,2026-05-18T10:03:09.404544
12,30,0.03292154520750046,2026-05-18T10:03:09.824712
12,31,0.030802087858319283,2026-05-18T10:03:09.888660
12,32,0.026871588081121445,2026-05-18T10:03:10.198031
12,33,0.025410424917936325,2026-05-18T10:03:10.262945
12,34,0.028468871489167213,2026-05-18T10:03:10.544880
12,35,0.0269441157579422,2026-05-18T10:03:10.608842
12,36,0.026733608916401863,2026-05-18T10:03:10.855156
12,37,0.028836801648139954,2026-05-18T10:03:10.918414
12,38,0.029990870505571365,2026-05-18T10:03:11.220034
12,39,0.02341330423951149,2026-05-18T10:03:11.283167
12,40,0.025232480838894844,2026-05-18T10:03:11.682880
12,41,0.025281857699155807,2026-05-18T10:03:11.746766
12,42,0.02968907728791237,2026-05-18T10:03:12.026046
12,43,0.030001912266016006,2026-05-18T10:03:12.092498
12,44,0.027356576174497604,2026-05-18T10:03:12.458696
12,45,0.02770204097032547,2026-05-18T10:03:12.526318
12,46,0.023499006405472755,2026-05-18T10:03:12.804428
12,47,0.02589300461113453,2026-05-18T10:03:12.870360
12,48,0.025377431884407997,2026-05-18T10:03:13.359809
12,49,0.030059434473514557,2026-05-18T10:03:13.425279
12,50,0.026183463633060455,2026-05-18T10:03:13.659679
12,51,0.026654191315174103,2026-05-18T10:03:13.721707
12,52,0.027666671201586723,2026-05-18T10:03:14.164402
12,53,0.027459274977445602,2026-05-18T10:03:14.226700
12,54,0.028232663869857788,2026-05-18T10:03:14.491163
12,55,0.028764771297574043,2026-05-18T10:03:14.552653
12,56,0.02526775933802128,2026-05-18T10:03:15.040958
12,57,0.030962074175477028,2026-05-18T10:03:15.105395
12,58,0.029437988996505737,2026-05-18T10:03:15.203888
12,59,0.03225387632846832,2026-05-18T10:03:15.270295
12,60,0.027172550559043884,2026-05-18T10:03:15.786589
12,61,0.026134353131055832,2026-05-18T10:03:15.850082
12,62,0.023120330646634102,2026-05-18T10:03:15.955635
12,63,0.025495663285255432,2026-05-18T10:03:16.016805
12,64,0.026335375383496284,2026-05-18T10:03:16.511033
12,65,0.024623310193419456,2026-05-18T10:03:16.572552
12,66,0.026287242770195007,2026-05-18T10:03:16.712929
12,67,0.0265592560172081,2026-05-18T10:03:16.774435
12,68,0.026402268558740616,2026-05-18T10:03:17.118498
12,69,0.03052424266934395,2026-05-18T10:03:17.234939
12,70,0.027974463999271393,2026-05-18T10:03:17.473597
12,71,0.025659577921032906,2026-05-18T10:03:17.536638
12,72,0.02886176109313965,2026-05-18T10:03:17.789048
12,73,0.029588013887405396,2026-05-18T10:03:18.171522
12,74,0.02938043884932995,2026-05-18T10:03:18.234314
12,75,0.02699262835085392,2026-05-18T10:03:18.297179
12,76,0.02715092897415161,2026-05-18T10:03:18.638449
12,77,0.02753046713769436,2026-05-18T10:03:18.977422
12,78,0.024125441908836365,2026-05-18T10:03:19.039205
12,79,0.025829467922449112,2026-05-18T10:03:19.105592
12,80,0.02587796561419964,2026-05-18T10:03:19.356661
12,81,0.030168721452355385,2026-05-18T10:03:19.788803
12,82,0.026014087721705437,2026-05-18T10:03:19.852069
12,83,0.02547413296997547,2026-05-18T10:03:19.914836
12,84,0.02599075622856617,2026-05-18T10:03:20.183536
12,85,0.024911023676395416,2026-05-18T10:03:20.667071
12,86,0.030466409400105476,2026-05-18T10:03:20.729792
12,87,0.032899484038352966,2026-05-18T10:03:20.793752
12,88,0.024859951809048653,2026-05-18T10:03:20.859867
12,89,0.029988689348101616,2026-05-18T10:03:21.404421
12,90,0.025394828990101814,2026-05-18T10:03:21.467057
12,91,0.025666946545243263,2026-05-18T10:03:21.529775
12,92,0.02784513682126999,2026-05-18T10:03:21.592967
12,93,0.027545033022761345,2026-05-18T10:03:22.129388
12,94,0.028666285797953606,2026-05-18T10:03:22.195936
12,95,0.029264314100146294,2026-05-18T10:03:22.263718
12,96,0.02482171542942524,2026-05-18T10:03:22.329131
12,97,0.02693367749452591,2026-05-18T10:03:22.905502
12,98,0.0268222875893116,2026-05-18T10:03:22.967135
12,99,0.02512536011636257,2026-05-18T10:03:23.032224
12,100,0.0238699521869421,2026-05-18T10:03:23.094568
12,101,0.031193409115076065,2026-05-18T10:03:23.610804
12,102,0.024107016623020172,2026-05-18T10:03:23.673263
12,103,0.025075512006878853,2026-05-18T10:03:23.736911
12,104,0.024658506736159325,2026-05-18T10:03:23.800992
12,105,0.024933474138379097,2026-05-18T10:03:24.269753
12,106,0.02682502195239067,2026-05-18T10:03:24.335083
12,107,0.024087654426693916,2026-05-18T10:03:24.398219
12,108,0.028536491096019745,2026-05-18T10:03:24.549821
12,109,0.02654382959008217,2026-05-18T10:03:25.025588
12,110,0.028422890231013298,2026-05-18T10:03:25.122038
12,111,0.02953343279659748,2026-05-18T10:03:25.183447
12,112,0.026471273973584175,2026-05-18T10:03:25.358070
12,113,0.029831700026988983,2026-05-18T10:03:25.646162
12,114,0.03170061111450195,2026-05-18T10:03:25.890403
12,115,0.0342804454267025,2026-05-18T10:03:25.952727
12,116,0.028539421036839485,2026-05-18T10:03:26.113835
12,117,0.028167983517050743,2026-05-18T10:03:26.409347
12,118,0.031064564362168312,2026-05-18T10:03:26.514539
12,119,0.026745835319161415,2026-05-18T10:03:26.575908
12,120,0.028397798538208008,2026-05-18T10:03:26.826620
12,121,0.03021305240690708,2026-05-18T10:03:27.143908
12,122,0.026867521926760674,2026-05-18T10:03:27.309986
12,123,0.034317076206207275,2026-05-18T10:03:27.372850
12,124,0.026863547042012215,2026-05-18T10:03:27.616117
12,125,0.030426187440752983,2026-05-18T10:03:27.953649
12,126,0.028221404179930687,2026-05-18T10:03:28.083408
12,127,0.026075931265950203,2026-05-18T10:03:28.147983
12,128,0.024759534746408463,2026-05-18T10:03:28.444741
12,129,0.026430660858750343,2026-05-18T10:03:28.757290
12,130,0.026570748537778854,2026-05-18T10:03:28.864563
12,131,0.025318322703242302,2026-05-18T10:03:28.926058
12,132,0.025884315371513367,2026-05-18T10:03:29.337442
12,133,0.02717742882668972,2026-05-18T10:03:29.516498
12,134,0.03139922022819519,2026-05-18T10:03:29.580427
12,135,0.028170766308903694,2026-05-18T10:03:29.644045
12,136,0.02805137448012829,2026-05-18T10:03:30.240290
12,137,0.023925121873617172,2026-05-18T10:03:30.305131
12,138,0.026935819536447525,2026-05-18T10:03:30.373626
12,139,0.027040669694542885,2026-05-18T10:03:30.439725
12,140,0.027703696861863136,2026-05-18T10:03:30.969580
12,141,0.026907969266176224,2026-05-18T10:03:31.084966
12,142,0.027568312361836433,2026-05-18T10:03:31.147337
12,143,0.028724677860736847,2026-05-18T10:03:31.212364
12,144,0.029700372368097305,2026-05-18T10:03:31.643886
12,145,0.028989560902118683,2026-05-18T10:03:31.925233
12,146,0.02716228738427162,2026-05-18T10:03:31.987812
12,147,0.026005819439888,2026-05-18T10:03:32.051748
12,148,0.027415329590439796,2026-05-18T10:03:32.524411
12,149,0.027248669415712357,2026-05-18T10:03:32.756255
12,150,0.02577083744108677,2026-05-18T10:03:32.817627
12,151,0.025684867054224014,2026-05-18T10:03:32.382914
12,152,0.025948416441679,2026-05-18T10:03:32.797182
12,153,0.02851303294301033,2026-05-18T10:03:33.005371
12,154,0.032297149300575256,2026-05-18T10:03:33.194035
12,155,0.02575940638780594,2026-05-18T10:03:33.256030
12,156,0.024419628083705902,2026-05-18T10:03:33.583758
12,157,0.03442034125328064,2026-05-18T10:03:33.735448
12,158,0.029409630224108696,2026-05-18T10:03:33.943827
12,159,0.02869771234691143,2026-05-18T10:03:34.003976
12,160,0.024621451273560524,2026-05-18T10:03:34.346847
12,161,0.027032487094402313,2026-05-18T10:03:34.557404
12,162,0.028080400079488754,2026-05-18T10:03:34.760868
12,163,0.027791297063231468,2026-05-18T10:03:34.822075
12,164,0.029180752113461494,2026-05-18T10:03:35.116748
12,165,0.024614784866571426,2026-05-18T10:03:35.262612
12,166,0.02712293714284897,2026-05-18T10:03:35.533748
12,167,0.0288867074996233,2026-05-18T10:03:35.594194
12,168,0.025201039388775826,2026-05-18T10:03:35.879611
12,169,0.027596034109592438,2026-05-18T10:03:36.014953
12,170,0.02583228424191475,2026-05-18T10:03:36.361064
12,171,0.03257148712873459,2026-05-18T10:03:36.426454
12,172,0.028028016909956932,2026-05-18T10:03:36.545997
12,173,0.027605682611465454,2026-05-18T10:03:36.740848
12,174,0.026166493073105812,2026-05-18T10:03:37.192760
12,175,0.037485573440790176,2026-05-18T10:03:37.256477
12,176,0.024577343836426735,2026-05-18T10:03:37.326472
12,177,0.025422215461730957,2026-05-18T10:03:37.554025
12,178,0.026387982070446014,2026-05-18T10:03:37.826720
12,179,0.02724665217101574,2026-05-18T10:03:37.888760
12,180,0.027989309281110764,2026-05-18T10:03:37.951477
12,181,0.025401774793863297,2026-05-18T10:03:38.338154
12,182,0.032494716346263885,2026-05-18T10:03:38.600962
12,183,0.034984517842531204,2026-05-18T10:03:38.661850
12,184,0.026602260768413544,2026-05-18T10:03:38.759241
12,185,0.025972118601202965,2026-05-18T10:03:39.048110
12,186,0.027479534968733788,2026-05-18T10:03:39.371184
12,187,0.02580409310758114,2026-05-18T10:03:39.432571
12,188,0.026568809524178505,2026-05-18T10:03:39.495065
12,189,0.027677904814481735,2026-05-18T10:03:39.655683
12,190,0.027595549821853638,2026-05-18T10:03:40.179763
12,191,0.026483459398150444,2026-05-18T10:03:40.241477
12,192,0.026009581983089447,2026-05-18T10:03:40.305760
12,193,0.028165273368358612,2026-05-18T10:03:40.492894
12,194,0.02942780964076519,2026-05-18T10:03:40.879509
12,195,0.03186281397938728,2026-05-18T10:03:40.942375
12,196,0.028369922190904617,2026-05-18T10:03:41.006306
12,197,0.025133969262242317,2026-05-18T10:03:41.212550
12,198,0.027192911133170128,2026-05-18T10:03:41.671781
12,199,0.02677018940448761,2026-05-18T10:03:41.732585
12,200,0.029398556798696518,2026-05-18T10:03:41.795998
12,201,0.0247355867177248,2026-05-18T10:03:41.916603
12,202,0.03147650882601738,2026-05-18T10:03:42.430487
12,203,0.028295118361711502,2026-05-18T10:03:42.494362
12,204,0.03259316086769104,2026-05-18T10:03:42.559396
12,205,0.02771175466477871,2026-05-18T10:03:42.624649
12,206,0.024151835590600967,2026-05-18T10:03:43.223159
12,207,0.030105963349342346,2026-05-18T10:03:43.290546
12,208,0.02699054405093193,2026-05-18T10:03:43.355972
12,209,0.02657960169017315,2026-05-18T10:03:43.464237
12,210,0.035135164856910706,2026-05-18T10:03:43.953702
12,211,0.025300147011876106,2026-05-18T10:03:44.020872
12,212,0.029414702206850052,2026-05-18T10:03:44.115044
12,213,0.025432126596570015,2026-05-18T10:03:44.269522
12,214,0.026860620826482773,2026-05-18T10:03:44.822543
12,215,0.024588603526353836,2026-05-18T10:03:44.889093
12,216,0.027916355058550835,2026-05-18T10:03:44.956064
12,217,0.028345871716737747,2026-05-18T10:03:45.159839
12,218,0.0259201992303133,2026-05-18T10:03:45.777209
12,219,0.02581048011779785,2026-05-18T10:03:45.842217
12,220,0.02705598995089531,2026-05-18T10:03:45.907408
12,221,0.025481486693024635,2026-05-18T10:03:45.973220
12,222,0.027997296303510666,2026-05-18T10:03:46.436523
12,223,0.02815607748925686,2026-05-18T10:03:46.498838
12,224,0.027999723330140114,2026-05-18T10:03:46.562545
12,225,0.029096359387040138,2026-05-18T10:03:46.626314
12,226,0.026197524741292,2026-05-18T10:03:47.210417
12,227,0.028235556557774544,2026-05-18T10:03:47.270902
12,228,0.02655075304210186,2026-05-18T10:03:47.335239
12,229,0.026398394256830215,2026-05-18T10:03:47.437401
12,230,0.026956038549542427,2026-05-18T10:03:47.985841
12,231,0.024084556847810745,2026-05-18T10:03:48.047284
12,232,0.027099687606096268,2026-05-18T10:03:48.110074
12,233,0.030653193593025208,2026-05-18T10:03:48.173153
12,234,0.02590474672615528,2026-05-18T10:03:48.787328
12,235,0.026195794343948364,2026-05-18T10:03:48.852378
12,236,0.02721228636801243,2026-05-18T10:03:48.917430
12,237,0.025067970156669617,2026-05-18T10:03:48.983935
12,238,0.02561839111149311,2026-05-18T10:03:49.508019
12,239,0.026736482977867126,2026-05-18T10:03:49.569283
12,240,0.02503446489572525,2026-05-18T10:03:49.633510
12,241,0.027296938002109528,2026-05-18T10:03:49.703338
12,242,0.028435958549380302,2026-05-18T10:03:50.204440
12,243,0.029428357258439064,2026-05-18T10:03:50.266340
12,244,0.023972684517502785,2026-05-18T10:03:50.329772
12,245,0.028963975608348846,2026-05-18T10:03:50.579680
12,246,0.02831054851412773,2026-05-18T10:03:50.954710
12,247,0.024370675906538963,2026-05-18T10:03:51.066593
12,248,0.02694370411336422,2026-05-18T10:03:51.127646
12,249,0.024331601336598396,2026-05-18T10:03:51.445174
12,250,0.029140306636691093,2026-05-18T10:03:51.700216
12,251,0.02912311628460884,2026-05-18T10:03:51.860758
12,252,0.031191563233733177,2026-05-18T10:03:51.923636
12,253,0.0280887670814991,2026-05-18T10:03:52.215217
12,254,0.025466594845056534,2026-05-18T10:03:52.473097
12,255,0.027010714635252953,2026-05-18T10:03:52.614783
12,256,0.02605808712542057,2026-05-18T10:03:52.677243
12,257,0.023684734478592873,2026-05-18T10:03:53.011985
12,258,0.026813488453626633,2026-05-18T10:03:53.238086
12,259,0.025899570435285568,2026-05-18T10:03:53.301902
12,260,0.029668157920241356,2026-05-18T10:03:53.364834
12,261,0.029295537620782852,2026-05-18T10:03:53.863376
12,262,0.027400828897953033,2026-05-18T10:03:54.010473
12,263,0.030637003481388092,2026-05-18T10:03:54.080538
12,264,0.030082769691944122,2026-05-18T10:03:54.142974
12,265,0.026841046288609505,2026-05-18T10:03:54.716975
12,266,0.027886660769581795,2026-05-18T10:03:54.778022
12,267,0.030248843133449554,2026-05-18T10:03:54.841413
12,268,0.025772804394364357,2026-05-18T10:03:54.904753
12,269,0.02880171686410904,2026-05-18T10:03:55.453493
12,270,0.027158383280038834,2026-05-18T10:03:55.515091
12,271,0.02715889923274517,2026-05-18T10:03:55.578378
12,272,0.026512090116739273,2026-05-18T10:03:55.679019
12,273,0.02804999239742756,2026-05-18T10:03:56.209339
12,274,0.028264645487070084,2026-05-18T10:03:56.273385
12,275,0.024785226210951805,2026-05-18T10:03:56.337726
12,276,0.02581581100821495,2026-05-18T10:03:56.402679
12,277,0.028214437887072563,2026-05-18T10:03:56.907628
12,278,0.028359433636069298,2026-05-18T10:03:56.969846
12,279,0.028919799253344536,2026-05-18T10:03:57.037311
12,280,0.024118084460496902,2026-05-18T10:03:57.100536
12,281,0.03150378167629242,2026-05-18T10:03:57.636156
12,282,0.024565568193793297,2026-05-18T10:03:57.752673
12,283,0.024743683636188507,2026-05-18T10:03:57.816673
12,284,0.02638131007552147,2026-05-18T10:03:57.881594
12,285,0.02676405757665634,2026-05-18T10:03:58.444131
12,286,0.028695372864603996,2026-05-18T10:03:58.525653
12,287,0.030093302950263023,2026-05-18T10:03:58.586886
12,288,0.02872699312865734,2026-05-18T10:03:58.650797
12,289,0.02532763034105301,2026-05-18T10:03:59.124788
12,290,0.025149818509817123,2026-05-18T10:03:59.357540
12,291,0.023095961660146713,2026-05-18T10:03:59.418479
12,292,0.028842246159911156,2026-05-18T10:03:59.481248
12,293,0.026234285905957222,2026-05-18T10:03:59.916630
12,294,0.03186773508787155,2026-05-18T10:04:00.075866
12,295,0.026319459080696106,2026-05-18T10:04:00.137670
12,296,0.026823995634913445,2026-05-18T10:04:00.201011
12,297,0.024981558322906494,2026-05-18T10:04:00.855019
12,298,0.027858922258019447,2026-05-18T10:04:00.920064
12,299,0.027368465438485146,2026-05-18T10:04:00.984357
12,300,0.027024880051612854,2026-05-18T10:04:01.051268
12,301,0.02890157699584961,2026-05-18T10:04:01.644772
12,302,0.030375197529792786,2026-05-18T10:04:01.706888
12,303,0.025240251794457436,2026-05-18T10:04:01.771448
12,304,0.025405194610357285,2026-05-18T10:04:01.834900
12,305,0.027782360091805458,2026-05-18T10:04:02.570080
12,306,0.030149618163704872,2026-05-18T10:04:02.633946
12,307,0.026618005707859993,2026-05-18T10:04:02.697749
12,308,0.02787366509437561,2026-05-18T10:04:02.764845
12,309,0.028820153325796127,2026-05-18T10:04:03.302986
12,310,0.028941147029399872,2026-05-18T10:04:03.364637
12,311,0.027853844687342644,2026-05-18T10:04:03.429028
12,312,0.02616584673523903,2026-05-18T10:04:03.491801
12,313,0.025500353425741196,2026-05-18T10:04:04.045848
12,314,0.028518278151750565,2026-05-18T10:04:04.111772
12,315,0.02964324690401554,2026-05-18T10:04:04.181245
12,316,0.027814555913209915,2026-05-18T10:04:04.246367
12,317,0.03000030480325222,2026-05-18T10:04:04.689764
12,318,0.02909744903445244,2026-05-18T10:04:04.750551
12,319,0.024686075747013092,2026-05-18T10:04:04.813976
12,320,0.027047019451856613,2026-05-18T10:04:04.372848
12,321,0.027220873162150383,2026-05-18T10:04:04.979006
12,322,0.03268551453948021,2026-05-18T10:04:05.080841
12,323,0.029694197699427605,2026-05-18T10:04:05.148117
12,324,0.02751399762928486,2026-05-18T10:04:05.212161
12,325,0.026651043444871902,2026-05-18T10:04:05.691705
12,326,0.02525719255208969,2026-05-18T10:04:05.755068
12,327,0.028304696083068848,2026-05-18T10:04:05.818246
12,328,0.0255177803337574,2026-05-18T10:04:05.880832
12,329,0.028378061950206757,2026-05-18T10:04:06.513430
12,330,0.03162998706102371,2026-05-18T10:04:06.578460
12,331,0.025320405140519142,2026-05-18T10:04:06.643467
12,332,0.027107790112495422,2026-05-18T10:04:06.712785
12,333,0.02761709690093994,2026-05-18T10:04:07.276606
12,334,0.026415612548589706,2026-05-18T10:04:07.339110
12,335,0.025087174028158188,2026-05-18T10:04:07.403426
12,336,0.024689001962542534,2026-05-18T10:04:07.474645
12,337,0.029200317338109016,2026-05-18T10:04:08.047382
12,338,0.029085947200655937,2026-05-18T10:04:08.110607
12,339,0.0284372977912426,2026-05-18T10:04:08.174074
12,340,0.026525618508458138,2026-05-18T10:04:08.238410
12,341,0.029417337849736214,2026-05-18T10:04:08.728249
12,342,0.04260074719786644,2026-05-18T10:04:08.791042
12,343,0.02496146410703659,2026-05-18T10:04:08.861606
12,344,0.022995978593826294,2026-05-18T10:04:08.928737
12,345,0.030836710706353188,2026-05-18T10:04:09.466579
12,346,0.026959365233778954,2026-05-18T10:04:09.530468
12,347,0.02805575169622898,2026-05-18T10:04:09.593770
12,348,0.026767654344439507,2026-05-18T10:04:09.658190
12,349,0.025297993794083595,2026-05-18T10:04:10.230128
12,350,0.0264873243868351,2026-05-18T10:04:10.293825
12,351,0.03293784335255623,2026-05-18T10:04:10.357971
12,352,0.026639411225914955,2026-05-18T10:04:10.423020
12,353,0.025775182992219925,2026-05-18T10:04:11.093072
12,354,0.02575366199016571,2026-05-18T10:04:11.157918
12,355,0.027976956218481064,2026-05-18T10:04:11.223138
12,356,0.025639353320002556,2026-05-18T10:04:11.286729
12,357,0.0291451383382082,2026-05-18T10:04:11.849029
12,358,0.0294388048350811,2026-05-18T10:04:11.914744
12,359,0.027105670422315598,2026-05-18T10:04:11.980865
12,360,0.025732889771461487,2026-05-18T10:04:12.045208
12,361,0.02788238786160946,2026-05-18T10:04:12.606461
12,362,0.02685690112411976,2026-05-18T10:04:12.669369
12,363,0.023478586226701736,2026-05-18T10:04:12.730991
12,364,0.03387289121747017,2026-05-18T10:04:12.792382
12,365,0.024780014529824257,2026-05-18T10:04:13.395606
12,366,0.025351224467158318,2026-05-18T10:04:13.459735
12,367,0.025367412716150284,2026-05-18T10:04:13.523453
12,368,0.02601473592221737,2026-05-18T10:04:13.586933
12,369,0.03013252280652523,2026-05-18T10:04:14.008140
12,370,0.03284646198153496,2026-05-18T10:04:14.196542
12,371,0.03037968836724758,2026-05-18T10:04:14.262495
12,372,0.0268593430519104,2026-05-18T10:04:14.373088
12,373,0.02725207433104515,2026-05-18T10:04:14.657828
12,374,0.025330420583486557,2026-05-18T10:04:14.817370
12,375,0.02983749657869339,2026-05-18T10:04:15.137078
12,376,0.027257435023784637,2026-05-18T10:04:15.200279
12,377,0.028987931087613106,2026-05-18T10:04:15.358668
12,378,0.02659674733877182,2026-05-18T10:04:15.738711
12,379,0.025396980345249176,2026-05-18T10:04:16.151976
12,380,0.026448581367731094,2026-05-18T10:04:16.218226
12,381,0.030095670372247696,2026-05-18T10:04:16.283954
12,382,0.026899931952357292,2026-05-18T10:04:16.624098
12,383,0.027151618152856827,2026-05-18T10:04:16.929624
12,384,0.025310741737484932,2026-05-18T10:04:16.994803
12,385,0.028783343732357025,2026-05-18T10:04:17.060990
12,386,0.0284314826130867,2026-05-18T10:04:17.478912
12,387,0.026797210797667503,2026-05-18T10:04:17.747106
12,388,0.02945420891046524,2026-05-18T10:04:17.811819
12,389,0.027246003970503807,2026-05-18T10:04:17.878247
12,390,0.02498703822493553,2026-05-18T10:04:18.323539
12,391,0.02770843170583248,2026-05-18T10:04:18.602869
12,392,0.024815857410430908,2026-05-18T10:04:18.663185
12,393,0.029521986842155457,2026-05-18T10:04:18.726308
12,394,0.027901552617549896,2026-05-18T10:04:19.061562
12,395,0.02721930854022503,2026-05-18T10:04:19.352571
12,396,0.027679799124598503,2026-05-18T10:04:19.413275
12,397,0.024125071242451668,2026-05-18T10:04:19.476241
12,398,0.02852524444460869,2026-05-18T10:04:19.648775
12,399,0.025426605716347694,2026-05-18T10:04:20.151465
12,400,0.0291296374052763,2026-05-18T10:04:20.221741
12,401,0.02647710032761097,2026-05-18T10:04:20.369003
12,402,0.02747768722474575,2026-05-18T10:04:20.681532
12,403,0.03176875039935112,2026-05-18T10:04:20.997076
12,404,0.026955202221870422,2026-05-18T10:04:21.059340
12,405,0.024210426956415176,2026-05-18T10:04:21.241097
12,406,0.02796696498990059,2026-05-18T10:04:21.523568
12,407,0.02515808306634426,2026-05-18T10:04:21.947794
12,408,0.025373661890625954,2026-05-18T10:04:22.014250
12,409,0.03028622269630432,2026-05-18T10:04:22.100704
12,410,0.03136029094457626,2026-05-18T10:04:22.480047
12,411,0.025071971118450165,2026-05-18T10:04:22.947004
12,412,0.02877882309257984,2026-05-18T10:04:23.012063
12,413,0.02573619782924652,2026-05-18T10:04:23.113420
12,414,0.025043025612831116,2026-05-18T10:04:23.349837
12,415,0.03714810311794281,2026-05-18T10:04:23.791060
12,416,0.0248040072619915,2026-05-18T10:04:23.854045
12,417,0.03296989947557449,2026-05-18T10:04:24.051409
12,418,0.02426861971616745,2026-05-18T10:04:24.172875
12,419,0.02679106593132019,2026-05-18T10:04:24.720637
12,420,0.02699805423617363,2026-05-18T10:04:24.786373
12,421,0.026882972568273544,2026-05-18T10:04:24.856349
12,422,0.025914112105965614,2026-05-18T10:04:24.971926
12,423,0.02805456891655922,2026-05-18T10:04:25.616290
12,424,0.025605550035834312,2026-05-18T10:04:25.680331
12,425,0.02701404131948948,2026-05-18T10:04:25.811986
12,426,0.02876482531428337,2026-05-18T10:04:25.999938
12,427,0.030891695991158485,2026-05-18T10:04:26.425613
12,428,0.028143154457211494,2026-05-18T10:04:26.487243
12,429,0.026457572355866432,2026-05-18T10:04:26.591655
12,430,0.025864267721772194,2026-05-18T10:04:26.765157
12,431,0.027681533247232437,2026-05-18T10:04:27.270804
12,432,0.03342583775520325,2026-05-18T10:04:27.336871
12,433,0.025091534480452538,2026-05-18T10:04:27.399928
12,434,0.0251223836094141,2026-05-18T10:04:27.608378
12,435,0.023644397035241127,2026-05-18T10:04:28.122371
12,436,0.02273927815258503,2026-05-18T10:04:28.188051
12,437,0.025972554460167885,2026-05-18T10:04:28.251416
12,438,0.02745569869875908,2026-05-18T10:04:28.317993
12,439,0.030879292637109756,2026-05-18T10:04:28.936297
12,440,0.027055473998188972,2026-05-18T10:04:28.999350
12,441,0.026959318667650223,2026-05-18T10:04:29.062365
12,442,0.02808290347456932,2026-05-18T10:04:29.125910
12,443,0.026021402329206467,2026-05-18T10:04:29.697652
12,444,0.028191901743412018,2026-05-18T10:04:29.759672
12,445,0.025407537817955017,2026-05-18T10:04:29.851744
12,446,0.02955448441207409,2026-05-18T10:04:29.913961
12,447,0.026357021182775497,2026-05-18T10:04:30.547535
12,448,0.02578868344426155,2026-05-18T10:04:30.608731
12,449,0.0228118859231472,2026-05-18T10:04:30.713969
12,450,0.027802113443613052,2026-05-18T10:04:30.775313
12,451,0.02718890644609928,2026-05-18T10:04:31.360187
12,452,0.025928141549229622,2026-05-18T10:04:31.420521
12,453,0.02590404450893402,2026-05-18T10:04:31.501060
12,454,0.027227146551012993,2026-05-18T10:04:31.563498
12,455,0.024303525686264038,2026-05-18T10:04:32.156031
12,456,0.02867126651108265,2026-05-18T10:04:32.216788
12,457,0.029458794742822647,2026-05-18T10:04:32.279167
12,458,0.028231773525476456,2026-05-18T10:04:32.342520
12,459,0.02643659897148609,2026-05-18T10:04:32.989328
12,460,0.028551887720823288,2026-05-18T10:04:33.052200
12,461,0.023886065930128098,2026-05-18T10:04:33.115186
12,462,0.029542524367570877,2026-05-18T10:04:33.178992
12,463,0.03078472800552845,2026-05-18T10:04:33.858442
12,464,0.025363227352499962,2026-05-18T10:04:33.917995
12,465,0.02790629118680954,2026-05-18T10:04:33.979551
12,466,0.026766784489154816,2026-05-18T10:04:34.041195
12,467,0.02664758265018463,2026-05-18T10:04:34.762235
12,468,0.02711205743253231,2026-05-18T10:04:34.827146
12,469,0.032106995582580566,2026-05-18T10:04:34.890394
12,470,0.030672339722514153,2026-05-18T10:04:34.954318
12,471,0.028574075549840927,2026-05-18T10:04:35.390322
12,472,0.027158305048942566,2026-05-18T10:04:35.497111
12,473,0.028874987736344337,2026-05-18T10:04:35.561688
12,474,0.02822759561240673,2026-05-18T10:04:35.624499
12,475,0.02955489046871662,2026-05-18T10:04:36.366910
12,476,0.0251120887696743,2026-05-18T10:04:36.430822
12,477,0.023305531591176987,2026-05-18T10:04:36.494219
12,478,0.024820253252983093,2026-05-18T10:04:36.558070
12,479,0.02704089879989624,2026-05-18T10:04:36.554746
12,480,0.02680712193250656,2026-05-18T10:04:36.615483
12,481,0.02522686868906021,2026-05-18T10:04:36.679201
12,482,0.02476285770535469,2026-05-18T10:04:36.742301
12,483,0.027338026091456413,2026-05-18T10:04:37.155671
12,484,0.03045484609901905,2026-05-18T10:04:37.218108
12,485,0.02996107190847397,2026-05-18T10:04:37.280846
12,486,0.025226972997188568,2026-05-18T10:04:37.344851
12,487,0.028736693784594536,2026-05-18T10:04:37.872357
12,488,0.025058258324861526,2026-05-18T10:04:37.932956
12,489,0.02507508173584938,2026-05-18T10:04:37.996856
12,490,0.024747032672166824,2026-05-18T10:04:38.131243
12,491,0.02919023111462593,2026-05-18T10:04:38.697611
12,492,0.024990450590848923,2026-05-18T10:04:38.759014
12,493,0.028067687526345253,2026-05-18T10:04:38.822764
12,494,0.024015313014388084,2026-05-18T10:04:38.886868
12,495,0.030193114653229713,2026-05-18T10:04:39.713267
12,496,0.028888018801808357,2026-05-18T10:04:39.780688
12,497,0.026657814159989357,2026-05-18T10:04:39.844225
12,498,0.030190303921699524,2026-05-18T10:04:39.910031
12,499,0.02453799732029438,2026-05-18T10:04:40.504913
12,500,0.025739280506968498,2026-05-18T10:04:40.566430
12,501,0.030292944982647896,2026-05-18T10:04:40.629232
12,502,0.025519052520394325,2026-05-18T10:04:40.694128
12,503,0.03209412470459938,2026-05-18T10:04:41.292038
12,504,0.023975471034646034,2026-05-18T10:04:41.352205
12,505,0.027845876291394234,2026-05-18T10:04:41.414287
12,506,0.022816693410277367,2026-05-18T10:04:41.476913
12,507,0.02738695591688156,2026-05-18T10:04:42.099936
12,508,0.027963588014245033,2026-05-18T10:04:42.160924
12,509,0.023482078686356544,2026-05-18T10:04:42.223101
12,510,0.02575434371829033,2026-05-18T10:04:42.286459
12,511,0.03169551119208336,2026-05-18T10:04:42.948770
12,512,0.032118815928697586,2026-05-18T10:04:43.012840
12,513,0.03045484609901905,2026-05-18T10:04:43.077921
12,514,0.023116081953048706,2026-05-18T10:04:43.143264
12,515,0.02656356804072857,2026-05-18T10:04:43.718570
12,516,0.026020564138889313,2026-05-18T10:04:43.779889
12,517,0.027274826541543007,2026-05-18T10:04:43.842538
12,518,0.026374464854598045,2026-05-18T10:04:43.905024
12,519,0.02788609080016613,2026-05-18T10:04:44.451851
12,520,0.02850569225847721,2026-05-18T10:04:44.512245
12,521,0.025419682264328003,2026-05-18T10:04:44.575575
12,522,0.026759637519717216,2026-05-18T10:04:44.674421
12,523,0.02818971686065197,2026-05-18T10:04:45.338673
12,524,0.027610158547759056,2026-05-18T10:04:45.401177
12,525,0.025979099795222282,2026-05-18T10:04:45.464635
12,526,0.026799097657203674,2026-05-18T10:04:45.532596
12,527,0.028973430395126343,2026-05-18T10:04:46.152185
12,528,0.028574684634804726,2026-05-18T10:04:46.217102
12,529,0.02567938156425953,2026-05-18T10:04:46.285597
12,530,0.0233125202357769,2026-05-18T10:04:46.353549
12,531,0.026693347841501236,2026-05-18T10:04:46.879075
12,532,0.026254987344145775,2026-05-18T10:04:46.946180
12,533,0.026475900784134865,2026-05-18T10:04:47.011952
12,534,0.030293146148324013,2026-05-18T10:04:47.078829
12,535,0.024712344631552696,2026-05-18T10:04:47.761207
12,536,0.029423337429761887,2026-05-18T10:04:47.827410
12,537,0.028314046561717987,2026-05-18T10:04:47.895251
12,538,0.029079221189022064,2026-05-18T10:04:47.963530
12,539,0.027933556586503983,2026-05-18T10:04:48.796842
12,540,0.02505079098045826,2026-05-18T10:04:48.864088
12,541,0.030465764924883842,2026-05-18T10:04:48.932161
12,542,0.026028404012322426,2026-05-18T10:04:49.000759
12,543,0.028787368908524513,2026-05-18T10:04:49.667880
12,544,0.025664491578936577,2026-05-18T10:04:49.732204
12,545,0.03374689817428589,2026-05-18T10:04:49.799624
12,546,0.025981448590755463,2026-05-18T10:04:49.866862
12,547,0.031166203320026398,2026-05-18T10:04:50.656155
12,548,0.026343293488025665,2026-05-18T10:04:50.719567
12,549,0.02813749946653843,2026-05-18T10:04:50.785189
12,550,0.023618727922439575,2026-05-18T10:04:50.853632
12,551,0.027413589879870415,2026-05-18T10:04:51.486744
12,552,0.026828723028302193,2026-05-18T10:04:51.550325
12,553,0.029802629724144936,2026-05-18T10:04:51.615956
12,554,0.025058181956410408,2026-05-18T10:04:51.680963
12,555,0.030605586245656013,2026-05-18T10:04:52.411109
12,556,0.027987690642476082,2026-05-18T10:04:52.473061
12,557,0.0291128046810627,2026-05-18T10:04:52.535751
12,558,0.026125673204660416,2026-05-18T10:04:52.600827
12,559,0.024701401591300964,2026-05-18T10:04:53.325926
12,560,0.025437524542212486,2026-05-18T10:04:53.389082
12,561,0.028631405904889107,2026-05-18T10:04:53.454243
12,562,0.02753039076924324,2026-05-18T10:04:53.519508
12,563,0.0254706759005785,2026-05-18T10:04:54.257580
12,564,0.026246769353747368,2026-05-18T10:04:54.320914
12,565,0.028123145923018456,2026-05-18T10:04:54.384556
12,566,0.026245899498462677,2026-05-18T10:04:54.448023
12,567,0.028589075431227684,2026-05-18T10:04:55.006237
12,568,0.03243283927440643,2026-05-18T10:04:55.068807
12,569,0.024685729295015335,2026-05-18T10:04:55.132800
12,570,0.026318037882447243,2026-05-18T10:04:55.198151
12,571,0.027647970244288445,2026-05-18T10:04:55.775440
12,572,0.024041038006544113,2026-05-18T10:04:55.882350
12,573,0.02513045258820057,2026-05-18T10:04:55.946867
12,574,0.02948111481964588,2026-05-18T10:04:56.011902
12,575,0.02951805293560028,2026-05-18T10:04:56.488813
12,576,0.024144630879163742,2026-05-18T10:04:56.550924
12,577,0.025845084339380264,2026-05-18T10:04:56.614090
12,578,0.027636606246232986,2026-05-18T10:04:56.676712
12,579,0.02656792476773262,2026-05-18T10:04:57.295900
12,580,0.028479935601353645,2026-05-18T10:04:57.358943
12,581,0.02974463440477848,2026-05-18T10:04:57.423945
12,582,0.027958447113633156,2026-05-18T10:04:57.488832
12,583,0.022858042269945145,2026-05-18T10:04:58.195154
12,584,0.030012449249625206,2026-05-18T10:04:58.256543
12,585,0.026318557560443878,2026-05-18T10:04:58.318933
12,586,0.02940932661294937,2026-05-18T10:04:58.385181
12,587,0.02810979075729847,2026-05-18T10:04:59.096686
12,588,0.022639406844973564,2026-05-18T10:04:59.160758
12,589,0.02463489957153797,2026-05-18T10:04:59.224765
12,590,0.028376063331961632,2026-05-18T10:04:59.289577
12,591,0.026420684531331062,2026-05-18T10:04:59.950701
12,592,0.027916934341192245,2026-05-18T10:05:00.017470
12,593,0.023760784417390823,2026-05-18T10:05:00.082043
12,594,0.024931663647294044,2026-05-18T10:05:00.149519
12,595,0.029786845669150352,2026-05-18T10:05:00.725955
12,596,0.030672084540128708,2026-05-18T10:05:00.787927
12,597,0.02519112452864647,2026-05-18T10:05:00.852976
12,598,0.027484267950057983,2026-05-18T10:05:00.918368
12,599,0.03414516896009445,2026-05-18T10:05:01.568817
12,600,0.024983203038573265,2026-05-18T10:05:01.632638
12,601,0.025018909946084023,2026-05-18T10:05:01.697213
12,602,0.02457910217344761,2026-05-18T10:05:01.761609
12,603,0.0372750498354435,2026-05-18T10:05:02.471677
12,604,0.028720641508698463,2026-05-18T10:05:02.533691
12,605,0.026740796864032745,2026-05-18T10:05:02.596444
12,606,0.027499321848154068,2026-05-18T10:05:02.658702
12,607,0.026210302487015724,2026-05-18T10:05:03.346783
12,608,0.025943750515580177,2026-05-18T10:05:03.409489
12,609,0.025767695158720016,2026-05-18T10:05:03.474139
12,610,0.023299746215343475,2026-05-18T10:05:03.538441
12,611,0.026830891147255898,2026-05-18T10:05:04.239528
12,612,0.03038003481924534,2026-05-18T10:05:04.304100
12,613,0.023341985419392586,2026-05-18T10:05:04.369627
12,614,0.027094952762126923,2026-05-18T10:05:04.435277
12,615,0.02434147149324417,2026-05-18T10:05:04.990135
12,616,0.025370264425873756,2026-05-18T10:05:05.053196
12,617,0.027204135432839394,2026-05-18T10:05:05.117227
12,618,0.025130223482847214,2026-05-18T10:05:05.180040
12,619,0.024267565459012985,2026-05-18T10:05:05.852647
12,620,0.027277402579784393,2026-05-18T10:05:05.917414
12,621,0.029653282836079597,2026-05-18T10:05:05.982200
12,622,0.02734937146306038,2026-05-18T10:05:06.087243
12,623,0.0275984238833189,2026-05-18T10:05:06.544650
12,624,0.028251413255929947,2026-05-18T10:05:06.616351
12,625,0.02505410835146904,2026-05-18T10:05:06.682460
12,626,0.0375417023897171,2026-05-18T10:05:06.747512
12,627,0.026636801660060883,2026-05-18T10:05:07.673017
12,628,0.026326242834329605,2026-05-18T10:05:07.739103
12,629,0.031686872243881226,2026-05-18T10:05:07.805682
12,630,0.025099657475948334,2026-05-18T10:05:07.871463
12,631,0.02581634745001793,2026-05-18T10:05:08.661684
12,632,0.02805911935865879,2026-05-18T10:05:08.725481
12,633,0.026859741657972336,2026-05-18T10:05:08.790535
12,634,0.03087015263736248,2026-05-18T10:05:08.855723
12,635,0.028425801545381546,2026-05-18T10:05:08.936401
12,636,0.02824164740741253,2026-05-18T10:05:09.000265
12,637,0.029044821858406067,2026-05-18T10:05:09.064725
12,638,0.023492902517318726,2026-05-18T10:05:09.129151
12,639,0.02539735846221447,2026-05-18T10:05:09.864569
12,640,0.029828257858753204,2026-05-18T10:05:09.927859
12,641,0.026636797934770584,2026-05-18T10:05:09.992231
12,642,0.028761297464370728,2026-05-18T10:05:10.057564
12,643,0.02519499696791172,2026-05-18T10:05:10.655382
12,644,0.025186285376548767,2026-05-18T10:05:10.716348
12,645,0.02745075710117817,2026-05-18T10:05:10.779126
12,646,0.025646327063441277,2026-05-18T10:05:10.842762
12,647,0.026259997859597206,2026-05-18T10:05:11.373237
12,648,0.03318732976913452,2026-05-18T10:05:11.437568
12,649,0.026522673666477203,2026-05-18T10:05:11.504036
12,650,0.026440629735589027,2026-05-18T10:05:11.694593
12,651,0.034850187599658966,2026-05-18T10:05:12.125429
12,652,0.023501504212617874,2026-05-18T10:05:12.190211
12,653,0.026518382132053375,2026-05-18T10:05:12.254969
12,654,0.027512645348906517,2026-05-18T10:05:12.667702
12,655,0.02657199651002884,2026-05-18T10:05:13.030485
12,656,0.0276609119027853,2026-05-18T10:05:13.091563
12,657,0.026474865153431892,2026-05-18T10:05:13.155617
12,658,0.030070839449763298,2026-05-18T10:05:13.426214
12,659,0.027407603338360786,2026-05-18T10:05:13.734649
12,660,0.026371724903583527,2026-05-18T10:05:13.797994
12,661,0.029134642332792282,2026-05-18T10:05:13.860743
12,662,0.029997238889336586,2026-05-18T10:05:14.398656
12,663,0.025169193744659424,2026-05-18T10:05:14.483927
12,664,0.027335118502378464,2026-05-18T10:05:14.549426
12,665,0.02828514203429222,2026-05-18T10:05:14.615526
12,666,0.02612898126244545,2026-05-18T10:05:15.241674
12,667,0.026097126305103302,2026-05-18T10:05:15.304814
12,668,0.027985472232103348,2026-05-18T10:05:15.366811
12,669,0.02883029170334339,2026-05-18T10:05:15.430842
12,670,0.028147699311375618,2026-05-18T10:05:16.073698
12,671,0.028286390006542206,2026-05-18T10:05:16.227605
12,672,0.027691524475812912,2026-05-18T10:05:16.340861
12,673,0.025603193789720535,2026-05-18T10:05:16.403177
12,674,0.026499439030885696,2026-05-18T10:05:16.953345
12,675,0.03717038035392761,2026-05-18T10:05:17.117149
12,676,0.031602464616298676,2026-05-18T10:05:17.182505
12,677,0.023769624531269073,2026-05-18T10:05:17.247964
12,678,0.02884821780025959,2026-05-18T10:05:17.733510
12,679,0.032142069190740585,2026-05-18T10:05:17.919469
12,680,0.029587391763925552,2026-05-18T10:05:18.020025
12,681,0.026405323296785355,2026-05-18T10:05:18.085175
12,682,0.02976720966398716,2026-05-18T10:05:18.592251
12,683,0.025531357154250145,2026-05-18T10:05:18.674654
12,684,0.02765519544482231,2026-05-18T10:05:18.772094
12,685,0.027106493711471558,2026-05-18T10:05:18.840222
12,686,0.026779761537909508,2026-05-18T10:05:19.405627
12,687,0.025400212034583092,2026-05-18T10:05:19.681323
12,688,0.027679361402988434,2026-05-18T10:05:19.745832
12,689,0.025551872327923775,2026-05-18T10:05:19.812193
12,690,0.03356621041893959,2026-05-18T10:05:20.227028
12,691,0.027627943083643913,2026-05-18T10:05:20.549453
12,692,0.02980070561170578,2026-05-18T10:05:20.616297
12,693,0.028484445065259933,2026-05-18T10:05:20.683016
12,694,0.024518625810742378,2026-05-18T10:05:21.164365
12,695,0.03467288240790367,2026-05-18T10:05:21.443291
12,696,0.027500223368406296,2026-05-18T10:05:21.535744
12,697,0.027897078543901443,2026-05-18T10:05:21.602259
12,698,0.029889116063714027,2026-05-18T10:05:22.155487
12,699,0.030894700437784195,2026-05-18T10:05:22.219231
12,700,0.02639920264482498,2026-05-18T10:05:22.514715
12,701,0.031270358711481094,2026-05-18T10:05:22.577225
12,702,0.026139872148633003,2026-05-18T10:05:22.914029
12,703,0.02871839888393879,2026-05-18T10:05:23.081030
12,704,0.026400040835142136,2026-05-18T10:05:23.508491
12,705,0.025485916063189507,2026-05-18T10:05:23.572334
12,706,0.02682046964764595,2026-05-18T10:05:23.770451
12,707,0.031043117865920067,2026-05-18T10:05:23.917487
12,708,0.02566070854663849,2026-05-18T10:05:24.295072
12,709,0.02627132087945938,2026-05-18T10:05:24.355985
12,710,0.02896551787853241,2026-05-18T10:05:24.621736
12,711,0.026651958003640175,2026-05-18T10:05:24.741316
12,712,0.025748247280716896,2026-05-18T10:05:24.989717
12,713,0.02761298231780529,2026-05-18T10:05:25.052421
12,714,0.024652278050780296,2026-05-18T10:05:25.378716
12,715,0.0258475448936224,2026-05-18T10:05:25.493355
12,716,0.023623676970601082,2026-05-18T10:05:25.721154
12,717,0.030615046620368958,2026-05-18T10:05:25.782405
12,718,0.031161228194832802,2026-05-18T10:05:26.146754
12,719,0.028841670602560043,2026-05-18T10:05:26.340388
12,720,0.02533537708222866,2026-05-18T10:05:26.629361
12,721,0.026802953332662582,2026-05-18T10:05:26.694914
12,722,0.02701723389327526,2026-05-18T10:05:27.022986
12,723,0.02675311639904976,2026-05-18T10:05:27.087333
12,724,0.022940611466765404,2026-05-18T10:05:27.488716
12,725,0.024546217173337936,2026-05-18T10:05:27.550480
12,726,0.026014581322669983,2026-05-18T10:05:27.984884
12,727,0.025800079107284546,2026-05-18T10:05:28.047538
12,728,0.024212051182985306,2026-05-18T10:05:28.353663
12,729,0.02857458032667637,2026-05-18T10:05:28.415319
12,730,0.03825683891773224,2026-05-18T10:05:28.923896
12,731,0.023896319791674614,2026-05-18T10:05:28.989192
12,732,0.024448029696941376,2026-05-18T10:05:29.185618
12,733,0.027166621759533882,2026-05-18T10:05:29.249779
12,734,0.024763664230704308,2026-05-18T10:05:29.631465
12,735,0.028549978509545326,2026-05-18T10:05:29.692724
12,736,0.028092702850699425,2026-05-18T10:05:30.017168
12,737,0.024597128853201866,2026-05-18T10:05:30.078155
12,738,0.029631981626152992,2026-05-18T10:05:30.531396
12,739,0.028890861198306084,2026-05-18T10:05:30.594621
12,740,0.02921963855624199,2026-05-18T10:05:30.841400
12,741,0.02772880159318447,2026-05-18T10:05:30.902164
12,742,0.026050416752696037,2026-05-18T10:05:31.535789
12,743,0.028921866789460182,2026-05-18T10:05:31.600826
12,744,0.027080116793513298,2026-05-18T10:05:31.665673
12,745,0.02662300132215023,2026-05-18T10:05:31.730166
12,746,0.023742247372865677,2026-05-18T10:05:32.285725
12,747,0.02269143797457218,2026-05-18T10:05:32.346588
12,748,0.02527468465268612,2026-05-18T10:05:32.647816
12,749,0.026395069435238838,2026-05-18T10:05:32.713935
12,750,0.029929500073194504,2026-05-18T10:05:33.034260
12,751,0.024647662416100502,2026-05-18T10:05:33.095538
12,752,0.026225658133625984,2026-05-18T10:05:33.638014
12,753,0.028166748583316803,2026-05-18T10:05:33.700321
12,754,0.027227088809013367,2026-05-18T10:05:33.803718
12,755,0.027686525136232376,2026-05-18T10:05:33.866220
12,756,0.03347613289952278,2026-05-18T10:05:34.361586
12,757,0.02665877714753151,2026-05-18T10:05:34.425114
12,758,0.0257571991533041,2026-05-18T10:05:34.489874
12,759,0.029210776090621948,2026-05-18T10:05:34.554838
12,760,0.02966555394232273,2026-05-18T10:05:35.224270
12,761,0.02731991745531559,2026-05-18T10:05:35.286603
12,762,0.030622104182839394,2026-05-18T10:05:35.416084
12,763,0.028428416699171066,2026-05-18T10:05:35.477437
12,764,0.029778121039271355,2026-05-18T10:05:36.214618
12,765,0.028071971610188484,2026-05-18T10:05:36.280039
12,766,0.030683608725667,2026-05-18T10:05:36.346627
12,767,0.027423156425356865,2026-05-18T10:05:36.410403
12,768,0.03076467476785183,2026-05-18T10:05:37.264025
12,769,0.02480231784284115,2026-05-18T10:05:37.327612
12,770,0.028487293049693108,2026-05-18T10:05:37.391983
12,771,0.02982122078537941,2026-05-18T10:05:37.454794
12,772,0.02852870337665081,2026-05-18T10:05:38.384983
12,773,0.03395475819706917,2026-05-18T10:05:38.448416
12,774,0.02517850138247013,2026-05-18T10:05:38.511080
12,775,0.033239275217056274,2026-05-18T10:05:38.574521
12,776,0.025885457172989845,2026-05-18T10:05:39.086778
12,777,0.024494925513863564,2026-05-18T10:05:39.147295
12,778,0.02979673445224762,2026-05-18T10:05:39.209689
12,779,0.03006363846361637,2026-05-18T10:05:39.273024
12,780,0.025946101173758507,2026-05-18T10:05:39.864492
12,781,0.0253987368196249,2026-05-18T10:05:39.927936
12,782,0.02816390059888363,2026-05-18T10:05:39.992239
12,783,0.029055552557110786,2026-05-18T10:05:40.056498
12,784,0.025187522172927856,2026-05-18T10:05:40.638113
12,785,0.02742065116763115,2026-05-18T10:05:40.700601
12,786,0.025261294096708298,2026-05-18T10:05:40.763352
12,787,0.023998742923140526,2026-05-18T10:05:40.325072
12,788,0.028503157198429108,2026-05-18T10:05:41.099313
12,789,0.032371509820222855,2026-05-18T10:05:41.163099
12,790,0.025390291586518288,2026-05-18T10:05:41.226190
12,791,0.027774838730692863,2026-05-18T10:05:41.290034
12,792,0.026250571012496948,2026-05-18T10:05:42.056615
12,793,0.03194684907793999,2026-05-18T10:05:42.119578
12,794,0.027036814019083977,2026-05-18T10:05:42.182785
12,795,0.028116542845964432,2026-05-18T10:05:42.247278
12,796,0.02801753208041191,2026-05-18T10:05:42.774450
12,797,0.02467522956430912,2026-05-18T10:05:42.838682
12,798,0.027066810056567192,2026-05-18T10:05:42.903656
12,799,0.024269510060548782,2026-05-18T10:05:42.967644
12,800,0.024094626307487488,2026-05-18T10:05:43.749478
12,801,0.030408240854740143,2026-05-18T10:05:43.816905
12,802,0.02883913367986679,2026-05-18T10:05:43.881681
12,803,0.03207182511687279,2026-05-18T10:05:43.947097
12,804,0.026220088824629784,2026-05-18T10:05:44.674250
12,805,0.025482818484306335,2026-05-18T10:05:44.737283
12,806,0.027314452454447746,2026-05-18T10:05:44.801283
12,807,0.026812473312020302,2026-05-18T10:05:44.864928
12,808,0.033557403832674026,2026-05-18T10:05:45.488648
12,809,0.029468240216374397,2026-05-18T10:05:45.551478
12,810,0.02496217004954815,2026-05-18T10:05:45.613626
12,811,0.03133794665336609,2026-05-18T10:05:45.675888
12,812,0.030699800699949265,2026-05-18T10:05:46.378337
12,813,0.0288590919226408,2026-05-18T10:05:46.440464
12,814,0.026721812784671783,2026-05-18T10:05:46.503662
12,815,0.025386791676282883,2026-05-18T10:05:46.568232
12,816,0.02479887753725052,2026-05-18T10:05:47.101479
12,817,0.028690768405795097,2026-05-18T10:05:47.161321
12,818,0.028496570885181427,2026-05-18T10:05:47.222073
12,819,0.02634355053305626,2026-05-18T10:05:47.283533
12,820,0.03073551505804062,2026-05-18T10:05:47.887073
12,821,0.029468238353729248,2026-05-18T10:05:47.948162
12,822,0.027677057310938835,2026-05-18T10:05:48.054099
12,823,0.02703000418841839,2026-05-18T10:05:48.117720
12,824,0.02363681048154831,2026-05-18T10:05:48.686462
12,825,0.024204257875680923,2026-05-18T10:05:48.747046
12,826,0.02651052176952362,2026-05-18T10:05:48.808809
12,827,0.02370426617562771,2026-05-18T10:05:48.870487
12,828,0.026419278234243393,2026-05-18T10:05:49.350415
12,829,0.02408706210553646,2026-05-18T10:05:49.415086
12,830,0.030963169410824776,2026-05-18T10:05:49.478470
12,831,0.028812821954488754,2026-05-18T10:05:49.543928
12,832,0.024669701233506203,2026-05-18T10:05:50.168836
12,833,0.026128947734832764,2026-05-18T10:05:50.233158
12,834,0.029077991843223572,2026-05-18T10:05:50.300178
12,835,0.029572615399956703,2026-05-18T10:05:50.365320
12,836,0.02583821304142475,2026-05-18T10:05:51.031827
12,837,0.025228841230273247,2026-05-18T10:05:51.093117
12,838,0.024788295850157738,2026-05-18T10:05:51.156711
12,839,0.026227205991744995,2026-05-18T10:05:51.221162
12,840,0.02660488151013851,2026-05-18T10:05:51.951580
12,841,0.02926461212337017,2026-05-18T10:05:52.014429
12,842,0.028120307251811028,2026-05-18T10:05:52.078180
12,843,0.02987535670399666,2026-05-18T10:05:52.142913
12,844,0.02700786665081978,2026-05-18T10:05:52.672565
12,845,0.027883756905794144,2026-05-18T10:05:52.733971
12,846,0.024407893419265747,2026-05-18T10:05:52.797598
12,847,0.028391102328896523,2026-05-18T10:05:52.862728
12,848,0.026474524289369583,2026-05-18T10:05:53.470001
12,849,0.02525077387690544,2026-05-18T10:05:53.535453
12,850,0.028009934350848198,2026-05-18T10:05:53.601579
12,851,0.033438488841056824,2026-05-18T10:05:53.670980
12,852,0.024836203083395958,2026-05-18T10:05:54.254271
12,853,0.02786579355597496,2026-05-18T10:05:54.319013
12,854,0.02580494061112404,2026-05-18T10:05:54.383094
12,855,0.028267454355955124,2026-05-18T10:05:54.446258
12,856,0.02836506813764572,2026-05-18T10:05:55.076030
12,857,0.028297891840338707,2026-05-18T10:05:55.139243
12,858,0.02635032869875431,2026-05-18T10:05:55.203986
12,859,0.026132425293326378,2026-05-18T10:05:55.269211
12,860,0.030949264764785767,2026-05-18T10:05:55.994076
12,861,0.02782955765724182,2026-05-18T10:05:56.057019
12,862,0.028956035152077675,2026-05-18T10:05:56.122239
12,863,0.02501852996647358,2026-05-18T10:05:56.186135
12,864,0.026808489114046097,2026-05-18T10:05:56.737699
12,865,0.02843749150633812,2026-05-18T10:05:56.800208
12,866,0.02812390960752964,2026-05-18T10:05:56.865688
12,867,0.02507145330309868,2026-05-18T10:05:56.927650
12,868,0.02775675058364868,2026-05-18T10:05:57.432490
12,869,0.02743598446249962,2026-05-18T10:05:57.496335
12,870,0.03207946568727493,2026-05-18T10:05:57.561721
12,871,0.028882091864943504,2026-05-18T10:05:57.631231
12,872,0.028113476932048798,2026-05-18T10:05:58.163695
12,873,0.026564836502075195,2026-05-18T10:05:58.225637
12,874,0.02587001584470272,2026-05-18T10:05:58.289808
12,875,0.030575424432754517,2026-05-18T10:05:58.353328
12,876,0.03727790713310242,2026-05-18T10:05:58.939327
12,877,0.02638414315879345,2026-05-18T10:05:59.003064
12,878,0.024861101061105728,2026-05-18T10:05:59.069245
12,879,0.024925384670495987,2026-05-18T10:05:59.133010
12,880,0.025950739160180092,2026-05-18T10:05:59.663059
12,881,0.026458684355020523,2026-05-18T10:05:59.725447
12,882,0.02942843735218048,2026-05-18T10:05:59.793978
12,883,0.025962693616747856,2026-05-18T10:05:59.857068
12,884,0.02635539509356022,2026-05-18T10:06:00.432932
12,885,0.026125408709049225,2026-05-18T10:06:00.610936
12,886,0.024564551189541817,2026-05-18T10:06:00.671798
12,887,0.03052842803299427,2026-05-18T10:06:00.735642
12,888,0.023680325597524643,2026-05-18T10:06:01.030880
12,889,0.025287320837378502,2026-05-18T10:06:01.290777
12,890,0.025533171370625496,2026-05-18T10:06:01.352630
12,891,0.025773994624614716,2026-05-18T10:06:01.416084
12,892,0.022150272503495216,2026-05-18T10:06:01.797948
12,893,0.028285551816225052,2026-05-18T10:06:02.044605
12,894,0.02763388119637966,2026-05-18T10:06:02.110165
12,895,0.027055751532316208,2026-05-18T10:06:02.175165
12,896,0.026686351746320724,2026-05-18T10:06:02.750011
12,897,0.02793138660490513,2026-05-18T10:06:02.823031
12,898,0.024623190984129906,2026-05-18T10:06:02.886265
12,899,0.025286512449383736,2026-05-18T10:06:02.954243
12,900,0.0276784710586071,2026-05-18T10:06:03.251386
12,901,0.030721070244908333,2026-05-18T10:06:03.651950
12,902,0.027926018461585045,2026-05-18T10:06:03.763669
12,903,0.029871832579374313,2026-05-18T10:06:03.825196
12,904,0.026796141639351845,2026-05-18T10:06:04.067087
12,905,0.0278715118765831,2026-05-18T10:06:04.461022
12,906,0.025788210332393646,2026-05-18T10:06:04.537227
12,907,0.029225457459688187,2026-05-18T10:06:04.599207
12,908,0.025011561810970306,2026-05-18T10:06:04.890502
12,909,0.02954229712486267,2026-05-18T10:06:05.118547
12,910,0.02619059942662716,2026-05-18T10:06:05.353435
12,911,0.030393393710255623,2026-05-18T10:06:05.417438
12,912,0.024879811331629753,2026-05-18T10:06:05.672618
12,913,0.027404410764575005,2026-05-18T10:06:05.930768
12,914,0.027620412409305573,2026-05-18T10:06:06.267960
12,915,0.026533400639891624,2026-05-18T10:06:06.331183
12,916,0.027406828477978706,2026-05-18T10:06:06.679046
12,917,0.03128065541386604,2026-05-18T10:06:06.743885
12,918,0.027656374499201775,2026-05-18T10:06:07.022871
12,919,0.025069206953048706,2026-05-18T10:06:07.086136
12,920,0.030843567103147507,2026-05-18T10:06:07.481356
12,921,0.02749292179942131,2026-05-18T10:06:07.577947
12,922,0.027087116613984108,2026-05-18T10:06:07.772350
12,923,0.029828736558556557,2026-05-18T10:06:07.835078
12,924,0.023344842717051506,2026-05-18T10:06:08.376417
12,925,0.02492089383304119,2026-05-18T10:06:08.446161
12,926,0.02486797794699669,2026-05-18T10:06:08.547711
12,927,0.02512923814356327,2026-05-18T10:06:08.610966
12,928,0.025926558300852776,2026-05-18T10:06:09.317640
12,929,0.026807157322764397,2026-05-18T10:06:09.378845
12,930,0.025224702432751656,2026-05-18T10:06:09.442490
12,931,0.027872180566191673,2026-05-18T10:06:09.505554
12,932,0.025274112820625305,2026-05-18T10:06:10.186060
12,933,0.025166373699903488,2026-05-18T10:06:10.251215
12,934,0.026821134611964226,2026-05-18T10:06:10.315673
12,935,0.02780526503920555,2026-05-18T10:06:10.380504
12,936,0.0256061814725399,2026-05-18T10:06:11.082147
12,937,0.026456866413354874,2026-05-18T10:06:11.146278
12,938,0.030636737123131752,2026-05-18T10:06:11.210921
12,939,0.028522277250885963,2026-05-18T10:06:11.276949
12,940,0.029433945193886757,2026-05-18T10:06:11.872757
12,941,0.023701468482613564,2026-05-18T10:06:11.936280
12,942,0.025505611672997475,2026-05-18T10:06:12.000629
12,943,0.027171583846211433,2026-05-18T10:06:12.064586
12,944,0.026232337579131126,2026-05-18T10:06:12.608341
12,945,0.02581978403031826,2026-05-18T10:06:12.746783
12,946,0.02365916408598423,2026-05-18T10:06:12.810365
12,947,0.02442396990954876,2026-05-18T10:06:12.875835
12,948,0.028297457844018936,2026-05-18T10:06:13.351836
12,949,0.03148263320326805,2026-05-18T10:06:13.478241
12,950,0.0256689190864563,2026-05-18T10:06:13.688235
12,951,0.02688385173678398,2026-05-18T10:06:13.748553
12,952,0.02815590426325798,2026-05-18T10:06:14.118749
12,953,0.023740991950035095,2026-05-18T10:06:14.193816
12,954,0.02928350120782852,2026-05-18T10:06:14.389327
12,955,0.023839207366108894,2026-05-18T10:06:14.450526
12,956,0.023263614624738693,2026-05-18T10:06:14.992180
12,957,0.02646094560623169,2026-05-18T10:06:15.246164
12,958,0.028970947489142418,2026-05-18T10:06:15.311613
12,959,0.02648603729903698,2026-05-18T10:06:15.375444
12,960,0.027428459376096725,2026-05-18T10:06:15.822523
12,961,0.02692561224102974,2026-05-18T10:06:16.182991
12,962,0.02391517534852028,2026-05-18T10:06:16.245258
12,963,0.031785544008016586,2026-05-18T10:06:16.310447
12,964,0.02609870582818985,2026-05-18T10:06:16.674954
12,965,0.02687039226293564,2026-05-18T10:06:17.141859
12,966,0.02786552533507347,2026-05-18T10:06:17.204994
12,967,0.030522678047418594,2026-05-18T10:06:17.269740
12,968,0.025107039138674736,2026-05-18T10:06:17.421969
12,969,0.025420304387807846,2026-05-18T10:06:17.947536
12,970,0.027518706396222115,2026-05-18T10:06:18.009926
12,971,0.025122830644249916,2026-05-18T10:06:18.073378
12,972,0.03002074360847473,2026-05-18T10:06:18.460535
12,973,0.030483251437544823,2026-05-18T10:06:18.816145
12,974,0.0299285389482975,2026-05-18T10:06:18.878736
12,975,0.02846311219036579,2026-05-18T10:06:18.941873
12,976,0.024796107783913612,2026-05-18T10:06:19.476661
12,977,0.02949003130197525,2026-05-18T10:06:19.740349
12,978,0.025136226788163185,2026-05-18T10:06:19.803092
12,979,0.02573661506175995,2026-05-18T10:06:19.868491
12,980,0.02994929626584053,2026-05-18T10:06:20.584726
12,981,0.027843628078699112,2026-05-18T10:06:20.664057
12,982,0.028141215443611145,2026-05-18T10:06:20.830635
12,983,0.030656389892101288,2026-05-18T10:06:20.894113
12,984,0.031181110069155693,2026-05-18T10:06:21.580954
12,985,0.02905220165848732,2026-05-18T10:06:21.647629
12,986,0.02885250560939312,2026-05-18T10:06:21.713503
12,987,0.02526151016354561,2026-05-18T10:06:21.778821
12,988,0.029069118201732635,2026-05-18T10:06:22.255878
12,989,0.024999544024467468,2026-05-18T10:06:22.555591
12,990,0.026341378688812256,2026-05-18T10:06:22.617006
12,991,0.02837061882019043,2026-05-18T10:06:22.679630
12,992,0.03146233782172203,2026-05-18T10:06:23.210368
12,993,0.025360696017742157,2026-05-18T10:06:23.311781
12,994,0.02415737323462963,2026-05-18T10:06:23.374601
12,995,0.029533525928854942,2026-05-18T10:06:23.437559
12,996,0.029851671308279037,2026-05-18T10:06:23.942101
12,997,0.02649586834013462,2026-05-18T10:06:24.172313
12,998,0.028141748160123825,2026-05-18T10:06:24.319716
12,999,0.025076700374484062,2026-05-18T10:06:24.381799
12,1000,0.0264473594725132,2026-05-18T10:06:24.812858
12,1001,0.028355857357382774,2026-05-18T10:06:24.966466
12,1002,0.030109215527772903,2026-05-18T10:06:25.091492
12,1003,0.02860482595860958,2026-05-18T10:06:25.154075
12,1004,0.030105039477348328,2026-05-18T10:06:25.670827
12,1005,0.028592979535460472,2026-05-18T10:06:25.734533
12,1006,0.024035900831222534,2026-05-18T10:06:25.906147
12,1007,0.025249287486076355,2026-05-18T10:06:25.968131
12,1008,0.02654252201318741,2026-05-18T10:06:26.323168
12,1009,0.026664404198527336,2026-05-18T10:06:26.456370
12,1010,0.029291203245520592,2026-05-18T10:06:26.638679
12,1011,0.027186859399080276,2026-05-18T10:06:26.699513
12,1012,0.028300127014517784,2026-05-18T10:06:27.182125
12,1013,0.029869742691516876,2026-05-18T10:06:27.245525
12,1014,0.0254196934401989,2026-05-18T10:06:27.524028
12,1015,0.026255076751112938,2026-05-18T10:06:27.588614
12,1016,0.03052588179707527,2026-05-18T10:06:28.060192
12,1017,0.02495199255645275,2026-05-18T10:06:28.224324
12,1018,0.026772044599056244,2026-05-18T10:06:28.441068
12,1019,0.03316120430827141,2026-05-18T10:06:28.505563
12,1020,0.029587844386696815,2026-05-18T10:06:28.976225
12,1021,0.03074190951883793,2026-05-18T10:06:29.072188
12,1022,0.02380700781941414,2026-05-18T10:06:29.415242
12,1023,0.028357837349176407,2026-05-18T10:06:29.477354
12,1024,0.02493107132613659,2026-05-18T10:06:29.819941
12,1025,0.026233162730932236,2026-05-18T10:06:29.948616
12,1026,0.026253866031765938,2026-05-18T10:06:30.041719
12,1027,0.025977594777941704,2026-05-18T10:06:30.103278
12,1028,0.030924545601010323,2026-05-18T10:06:30.754372
12,1029,0.02749648503959179,2026-05-18T10:06:30.989853
12,1030,0.024618295952677727,2026-05-18T10:06:31.066235
12,1031,0.02834455482661724,2026-05-18T10:06:31.131524
12,1032,0.02652987651526928,2026-05-18T10:06:31.704703
12,1033,0.025565287098288536,2026-05-18T10:06:31.916986
12,1034,0.027368338778614998,2026-05-18T10:06:32.043430
12,1035,0.02799396775662899,2026-05-18T10:06:32.106606
12,1036,0.029506761580705643,2026-05-18T10:06:32.606772
12,1037,0.027720971032977104,2026-05-18T10:06:32.786362
12,1038,0.023610711097717285,2026-05-18T10:06:32.970024
12,1039,0.02877410687506199,2026-05-18T10:06:33.032710
12,1040,0.030474282801151276,2026-05-18T10:06:33.360831
12,1041,0.025024430826306343,2026-05-18T10:06:33.742367
12,1042,0.02899686060845852,2026-05-18T10:06:33.943944
12,1043,0.032661907374858856,2026-05-18T10:06:34.011452
12,1044,0.03343219310045242,2026-05-18T10:06:34.563720
12,1045,0.026813292875885963,2026-05-18T10:06:34.793061
12,1046,0.030609603971242905,2026-05-18T10:06:35.050913
12,1047,0.02857317589223385,2026-05-18T10:06:35.129238
12,1048,0.025377176702022552,2026-05-18T10:06:35.686912
12,1049,0.026439031586050987,2026-05-18T10:06:35.902767
12,1050,0.024486331269145012,2026-05-18T10:06:36.191448
12,1051,0.02611449919641018,2026-05-18T10:06:36.253832
12,1052,0.025118747726082802,2026-05-18T10:06:36.664487
12,1053,0.026063883677124977,2026-05-18T10:06:36.789345
12,1054,0.028315460309386253,2026-05-18T10:06:37.210151
12,1055,0.02572997473180294,2026-05-18T10:06:37.272220
12,1056,0.026286309584975243,2026-05-18T10:06:37.624899
12,1057,0.027957575395703316,2026-05-18T10:06:37.686701
12,1058,0.02837180159986019,2026-05-18T10:06:38.178571
12,1059,0.02739533595740795,2026-05-18T10:06:38.241174
12,1060,0.026527658104896545,2026-05-18T10:06:38.516191
12,1061,0.02477419190108776,2026-05-18T10:06:38.579112
12,1062,0.02443343587219715,2026-05-18T10:06:39.182847
12,1063,0.02760823257267475,2026-05-18T10:06:39.247719
12,1064,0.02741803228855133,2026-05-18T10:06:39.547400
12,1065,0.02655181847512722,2026-05-18T10:06:39.634701
12,1066,0.025832733139395714,2026-05-18T10:06:40.109811
12,1067,0.025943424552679062,2026-05-18T10:06:40.171188
12,1068,0.02744942158460617,2026-05-18T10:06:40.372088
12,1069,0.026367126032710075,2026-05-18T10:06:40.640664
12,1070,0.02504616416990757,2026-05-18T10:06:40.989338
12,1071,0.030425526201725006,2026-05-18T10:06:41.051781
12,1072,0.026197250932455063,2026-05-18T10:06:41.306173
12,1073,0.02662629447877407,2026-05-18T10:06:41.367509
12,1074,0.0355905257165432,2026-05-18T10:06:41.856566
12,1075,0.026831166818737984,2026-05-18T10:06:41.917057
12,1076,0.026550117880105972,2026-05-18T10:06:42.084513
12,1077,0.026915956288576126,2026-05-18T10:06:42.146480
12,1078,0.02704455517232418,2026-05-18T10:06:42.766643
12,1079,0.025808151811361313,2026-05-18T10:06:42.830134
12,1080,0.025740517303347588,2026-05-18T10:06:43.010853
12,1081,0.032872725278139114,2026-05-18T10:06:43.077358
12,1082,0.029052190482616425,2026-05-18T10:06:43.501978
12,1083,0.025029689073562622,2026-05-18T10:06:43.563733
12,1084,0.028111165389418602,2026-05-18T10:06:43.876337
12,1085,0.02741043083369732,2026-05-18T10:06:43.938898
12,1086,0.025283027440309525,2026-05-18T10:06:44.323662
12,1087,0.024877430871129036,2026-05-18T10:06:44.385266
12,1088,0.028687600046396255,2026-05-18T10:06:44.682588
12,1089,0.02946988120675087,2026-05-18T10:06:44.744619
12,1090,0.024420037865638733,2026-05-18T10:06:45.157119
12,1091,0.02703661099076271,2026-05-18T10:06:45.218819
12,1092,0.029055099934339523,2026-05-18T10:06:45.223177
12,1093,0.02422415278851986,2026-05-18T10:06:45.287443
12,1094,0.030196089297533035,2026-05-18T10:06:45.693080
12,1095,0.025615135207772255,2026-05-18T10:06:45.753628
12,1096,0.029790891334414482,2026-05-18T10:06:45.970951
12,1097,0.0286317877471447,2026-05-18T10:06:46.032576
12,1098,0.024703769013285637,2026-05-18T10:06:46.428836
12,1099,0.0261298269033432,2026-05-18T10:06:46.489428
12,1100,0.02759244106709957,2026-05-18T10:06:46.855596
12,1101,0.027857741340994835,2026-05-18T10:06:46.916248
12,1102,0.027942273765802383,2026-05-18T10:06:47.228496
12,1103,0.03326128423213959,2026-05-18T10:06:47.292034
12,1104,0.03463178128004074,2026-05-18T10:06:47.645103
12,1105,0.028027264401316643,2026-05-18T10:06:47.706322
12,1106,0.029984913766384125,2026-05-18T10:06:47.973283
12,1107,0.027294868603348732,2026-05-18T10:06:48.033664
12,1108,0.0279824361205101,2026-05-18T10:06:48.326498
12,1109,0.028822632506489754,2026-05-18T10:06:48.387630
12,1110,0.024912439286708832,2026-05-18T10:06:48.796488
12,1111,0.025992782786488533,2026-05-18T10:06:48.860334
12,1112,0.027462095022201538,2026-05-18T10:06:49.100743
12,1113,0.02534346468746662,2026-05-18T10:06:49.162885
12,1114,0.02765202708542347,2026-05-18T10:06:49.532991
12,1115,0.031392887234687805,2026-05-18T10:06:49.594585
12,1116,0.025615639984607697,2026-05-18T10:06:49.802418
12,1117,0.029815511777997017,2026-05-18T10:06:50.037305
12,1118,0.028727801516652107,2026-05-18T10:06:50.404524
12,1119,0.027169475331902504,2026-05-18T10:06:50.465853
12,1120,0.032223764806985855,2026-05-18T10:06:50.553919
12,1121,0.027601314708590508,2026-05-18T10:06:50.856150
12,1122,0.030609359964728355,2026-05-18T10:06:51.078835
12,1123,0.02479739673435688,2026-05-18T10:06:51.140228
12,1124,0.025247208774089813,2026-05-18T10:06:51.508274
12,1125,0.025786910206079483,2026-05-18T10:06:51.583923
12,1126,0.02678566426038742,2026-05-18T10:06:51.709798
12,1127,0.02714337781071663,2026-05-18T10:06:51.771161
12,1128,0.024820376187562943,2026-05-18T10:06:52.276191
12,1129,0.024759314954280853,2026-05-18T10:06:52.337252
12,1130,0.028677934780716896,2026-05-18T10:06:52.586321
12,1131,0.025325540453195572,2026-05-18T10:06:52.648038
12,1132,0.023006770759820938,2026-05-18T10:06:53.157613
12,1133,0.025425108149647713,2026-05-18T10:06:53.220458
12,1134,0.02697034738957882,2026-05-18T10:06:53.344831
12,1135,0.03603615239262581,2026-05-18T10:06:53.408220
12,1136,0.02517390251159668,2026-05-18T10:06:53.796668
12,1137,0.02801498956978321,2026-05-18T10:06:54.153743
12,1138,0.027051469311118126,2026-05-18T10:06:54.276421
12,1139,0.025637008249759674,2026-05-18T10:06:54.339941
12,1140,0.027583973482251167,2026-05-18T10:06:54.698616
12,1141,0.02409939281642437,2026-05-18T10:06:54.900309
12,1142,0.024890201166272163,2026-05-18T10:06:55.085708
12,1143,0.026907261461019516,2026-05-18T10:06:55.146583
12,1144,0.026162315160036087,2026-05-18T10:06:55.562276
12,1145,0.023738136515021324,2026-05-18T10:06:55.860742
12,1146,0.023839116096496582,2026-05-18T10:06:55.922132
12,1147,0.027323227375745773,2026-05-18T10:06:55.985217
13,0,0.027993004769086838,2026-05-18T10:07:02.886719
13,1,0.021999197080731392,2026-05-18T10:07:02.993862
13,2,0.02562396228313446,2026-05-18T10:07:03.068435
13,3,0.02874940261244774,2026-05-18T10:07:03.140500
13,4,0.02687789313495159,2026-05-18T10:07:03.478532
13,5,0.02683829516172409,2026-05-18T10:07:03.540367
13,6,0.024210279807448387,2026-05-18T10:07:03.603711
13,7,0.025732629001140594,2026-05-18T10:07:03.666342
13,8,0.02897888980805874,2026-05-18T10:07:04.238526
13,9,0.0250947754830122,2026-05-18T10:07:04.302087
13,10,0.02428312972187996,2026-05-18T10:07:04.365710
13,11,0.030078653246164322,2026-05-18T10:07:04.430701
13,12,0.02967870980501175,2026-05-18T10:07:05.036638
13,13,0.03332291543483734,2026-05-18T10:07:05.097670
13,14,0.02488081343472004,2026-05-18T10:07:05.160417
13,15,0.025041993707418442,2026-05-18T10:07:05.224462
13,16,0.025052228942513466,2026-05-18T10:07:05.886417
13,17,0.026066815480589867,2026-05-18T10:07:05.950126
13,18,0.02619326300919056,2026-05-18T10:07:06.012894
13,19,0.02854146435856819,2026-05-18T10:07:06.077027
13,20,0.02506249025464058,2026-05-18T10:07:06.666225
13,21,0.029429074376821518,2026-05-18T10:07:06.731826
13,22,0.02874339558184147,2026-05-18T10:07:06.795923
13,23,0.024204552173614502,2026-05-18T10:07:06.865281
13,24,0.023733865469694138,2026-05-18T10:07:07.392979
13,25,0.024926895275712013,2026-05-18T10:07:07.458654
13,26,0.0315714031457901,2026-05-18T10:07:07.521858
13,27,0.036677371710538864,2026-05-18T10:07:07.585614
13,28,0.028242722153663635,2026-05-18T10:07:08.162894
13,29,0.025964614003896713,2026-05-18T10:07:08.224548
13,30,0.028816338628530502,2026-05-18T10:07:08.288882
13,31,0.025226067751646042,2026-05-18T10:07:08.351843
13,32,0.027349473908543587,2026-05-18T10:07:08.803751
13,33,0.023912953212857246,2026-05-18T10:07:08.866487
13,34,0.027393557131290436,2026-05-18T10:07:08.931651
13,35,0.026207761839032173,2026-05-18T10:07:08.997641
13,36,0.028107669204473495,2026-05-18T10:07:09.694745
13,37,0.030859114602208138,2026-05-18T10:07:09.759086
13,38,0.02616114355623722,2026-05-18T10:07:09.826461
13,39,0.032680362462997437,2026-05-18T10:07:09.892124
13,40,0.025208739563822746,2026-05-18T10:07:10.475541
13,41,0.030150005593895912,2026-05-18T10:07:10.537939
13,42,0.026807894930243492,2026-05-18T10:07:10.602304
13,43,0.026293808594346046,2026-05-18T10:07:10.666301
13,44,0.02443079650402069,2026-05-18T10:07:11.251453
13,45,0.02705411985516548,2026-05-18T10:07:11.315455
13,46,0.024664321914315224,2026-05-18T10:07:11.380314
13,47,0.028975235298275948,2026-05-18T10:07:11.445798
13,48,0.029702330008149147,2026-05-18T10:07:12.013564
13,49,0.03152308613061905,2026-05-18T10:07:12.074538
13,50,0.029975347220897675,2026-05-18T10:07:12.140634
13,51,0.02674724906682968,2026-05-18T10:07:12.204706
13,52,0.02688591368496418,2026-05-18T10:07:12.715297
13,53,0.02512364834547043,2026-05-18T10:07:12.832319
13,54,0.029506655409932137,2026-05-18T10:07:12.897590
13,55,0.03134145960211754,2026-05-18T10:07:12.961173
13,56,0.028482526540756226,2026-05-18T10:07:13.466513
13,57,0.027546476572752,2026-05-18T10:07:13.643691
13,58,0.032442860305309296,2026-05-18T10:07:13.707120
13,59,0.03301874175667763,2026-05-18T10:07:13.775835
13,60,0.029986795037984848,2026-05-18T10:07:14.306077
13,61,0.02450917474925518,2026-05-18T10:07:14.369346
13,62,0.027943091467022896,2026-05-18T10:07:14.433122
13,63,0.027641654014587402,2026-05-18T10:07:14.496344
13,64,0.025802575051784515,2026-05-18T10:07:15.202898
13,65,0.02818487212061882,2026-05-18T10:07:15.266004
13,66,0.02881655842065811,2026-05-18T10:07:15.330485
13,67,0.026439780369400978,2026-05-18T10:07:15.396275
13,68,0.023181907832622528,2026-05-18T10:07:16.012428
13,69,0.02617400698363781,2026-05-18T10:07:16.075565
13,70,0.024559635668992996,2026-05-18T10:07:16.140213
13,71,0.02937914803624153,2026-05-18T10:07:16.203771
13,72,0.02525770291686058,2026-05-18T10:07:16.732393
13,73,0.027141539379954338,2026-05-18T10:07:16.796799
13,74,0.027264432981610298,2026-05-18T10:07:16.905134
13,75,0.025360360741615295,2026-05-18T10:07:16.969767
13,76,0.028141967952251434,2026-05-18T10:07:17.064645
13,77,0.031134823337197304,2026-05-18T10:07:17.126718
13,78,0.030754007399082184,2026-05-18T10:07:17.189714
13,79,0.028202662244439125,2026-05-18T10:07:17.253100
13,80,0.030059590935707092,2026-05-18T10:07:17.695601
13,81,0.023983154445886612,2026-05-18T10:07:17.801087
13,82,0.026789093390107155,2026-05-18T10:07:17.863852
13,83,0.025662561878561974,2026-05-18T10:07:17.926421
13,84,0.029251184314489365,2026-05-18T10:07:18.296443
13,85,0.02751922607421875,2026-05-18T10:07:18.540957
13,86,0.030229680240154266,2026-05-18T10:07:18.604671
13,87,0.025272304192185402,2026-05-18T10:07:18.668136
13,88,0.026499439030885696,2026-05-18T10:07:18.989394
13,89,0.027993908151984215,2026-05-18T10:07:19.313661
13,90,0.0269564650952816,2026-05-18T10:07:19.374958
13,91,0.02528228610754013,2026-05-18T10:07:19.437251
13,92,0.03249097615480423,2026-05-18T10:07:19.701090
13,93,0.02787270024418831,2026-05-18T10:07:20.057370
13,94,0.027014460414648056,2026-05-18T10:07:20.117559
13,95,0.028611423447728157,2026-05-18T10:07:20.180054
13,96,0.028494883328676224,2026-05-18T10:07:20.487142
13,97,0.026527533307671547,2026-05-18T10:07:20.777399
13,98,0.031102322041988373,2026-05-18T10:07:20.838598
13,99,0.024002691730856895,2026-05-18T10:07:20.902198
13,100,0.028371209278702736,2026-05-18T10:07:21.268339
13,101,0.027727818116545677,2026-05-18T10:07:21.445128
13,102,0.031333740800619125,2026-05-18T10:07:21.506455
13,103,0.028955690562725067,2026-05-18T10:07:21.570113
13,104,0.024858815595507622,2026-05-18T10:07:22.090297
13,105,0.02752736769616604,2026-05-18T10:07:22.153234
13,106,0.027201220393180847,2026-05-18T10:07:22.216311
13,107,0.024630332365632057,2026-05-18T10:07:22.279370
13,108,0.02663940191268921,2026-05-18T10:07:22.888526
13,109,0.028173062950372696,2026-05-18T10:07:22.954237
13,110,0.028311556205153465,2026-05-18T10:07:23.017825
13,111,0.028100628405809402,2026-05-18T10:07:23.081515
13,112,0.0317419059574604,2026-05-18T10:07:23.644925
13,113,0.026976175606250763,2026-05-18T10:07:23.925980
13,114,0.02701811119914055,2026-05-18T10:07:23.986954
13,115,0.03017042949795723,2026-05-18T10:07:24.050351
13,116,0.024073606356978416,2026-05-18T10:07:24.264981
13,117,0.026381270959973335,2026-05-18T10:07:24.861935
13,118,0.025511229410767555,2026-05-18T10:07:24.926694
13,119,0.026539631187915802,2026-05-18T10:07:24.990948
13,120,0.02810979261994362,2026-05-18T10:07:25.059179
13,121,0.028293393552303314,2026-05-18T10:07:25.675748
13,122,0.02605428732931614,2026-05-18T10:07:25.737553
13,123,0.027678905054926872,2026-05-18T10:07:25.800645
13,124,0.024642713367938995,2026-05-18T10:07:25.903354
13,125,0.02573673613369465,2026-05-18T10:07:26.342728
13,126,0.027695292606949806,2026-05-18T10:07:26.404729
13,127,0.027814755216240883,2026-05-18T10:07:26.468814
13,128,0.027811577543616295,2026-05-18T10:07:26.533748
13,129,0.025130635127425194,2026-05-18T10:07:27.112421
13,130,0.028690645471215248,2026-05-18T10:07:27.176367
13,131,0.029781997203826904,2026-05-18T10:07:27.242638
13,132,0.02662114053964615,2026-05-18T10:07:27.307257
13,133,0.027309397235512733,2026-05-18T10:07:27.964703
13,134,0.027788400650024414,2026-05-18T10:07:28.026633
13,135,0.026950856670737267,2026-05-18T10:07:28.091519
13,136,0.02265462838113308,2026-05-18T10:07:28.156975
13,137,0.030317047610878944,2026-05-18T10:07:28.753640
13,138,0.03161967545747757,2026-05-18T10:07:28.821402
13,139,0.02236276865005493,2026-05-18T10:07:28.888308
13,140,0.02633243426680565,2026-05-18T10:07:28.958336
13,141,0.023981841281056404,2026-05-18T10:07:29.578939
13,142,0.030518129467964172,2026-05-18T10:07:29.640408
13,143,0.025393059477210045,2026-05-18T10:07:29.704272
13,144,0.024071963503956795,2026-05-18T10:07:29.768557
13,145,0.02927916869521141,2026-05-18T10:07:30.339142
13,146,0.026012836024165154,2026-05-18T10:07:30.403663
13,147,0.024813009425997734,2026-05-18T10:07:30.467993
13,148,0.028393059968948364,2026-05-18T10:07:30.533033
13,149,0.023233020678162575,2026-05-18T10:07:31.075907
13,150,0.030540477484464645,2026-05-18T10:07:31.137797
13,151,0.028339827433228493,2026-05-18T10:07:31.201444
13,152,0.03174001723527908,2026-05-18T10:07:31.265693
13,153,0.025526810437440872,2026-05-18T10:07:31.895008
13,154,0.025241287425160408,2026-05-18T10:07:31.959694
13,155,0.024430667981505394,2026-05-18T10:07:32.024779
13,156,0.02567523717880249,2026-05-18T10:07:32.090244
13,157,0.02368748188018799,2026-05-18T10:07:32.560486
13,158,0.024777347221970558,2026-05-18T10:07:32.622890
13,159,0.026102600619196892,2026-05-18T10:07:32.690561
13,160,0.02821151539683342,2026-05-18T10:07:32.753744
13,161,0.028656329959630966,2026-05-18T10:07:33.170253
13,162,0.02947756089270115,2026-05-18T10:07:33.233551
13,163,0.026459073647856712,2026-05-18T10:07:33.348005
13,164,0.026634661480784416,2026-05-18T10:07:33.593635
13,165,0.02489827200770378,2026-05-18T10:07:34.125786
13,166,0.02673972211778164,2026-05-18T10:07:34.189541
13,167,0.02751823700964451,2026-05-18T10:07:34.256818
13,168,0.027546964585781097,2026-05-18T10:07:34.407322
13,169,0.028079116716980934,2026-05-18T10:07:34.753544
13,170,0.02588779293000698,2026-05-18T10:07:34.817051
13,171,0.02639099955558777,2026-05-18T10:07:34.881358
13,172,0.025330284610390663,2026-05-18T10:07:35.179835
13,173,0.029062293469905853,2026-05-18T10:07:35.645440
13,174,0.026382993906736374,2026-05-18T10:07:35.756385
13,175,0.025661064311861992,2026-05-18T10:07:35.821991
13,176,0.029821116477251053,2026-05-18T10:07:36.040062
13,177,0.024189002811908722,2026-05-18T10:07:36.589499
13,178,0.026832647621631622,2026-05-18T10:07:36.653401
13,179,0.02905530296266079,2026-05-18T10:07:36.718772
13,180,0.029179349541664124,2026-05-18T10:07:36.864013
13,181,0.02708003669977188,2026-05-18T10:07:37.323033
13,182,0.027292734012007713,2026-05-18T10:07:37.385827
13,183,0.027453046292066574,2026-05-18T10:07:37.503790
13,184,0.025164324790239334,2026-05-18T10:07:37.678333
13,185,0.028022926300764084,2026-05-18T10:07:38.035313
13,186,0.027245771139860153,2026-05-18T10:07:38.097801
13,187,0.025036977604031563,2026-05-18T10:07:38.252114
13,188,0.026151489466428757,2026-05-18T10:07:38.514530
13,189,0.024583859369158745,2026-05-18T10:07:38.841745
13,190,0.026980316266417503,2026-05-18T10:07:38.902897
13,191,0.026509180665016174,2026-05-18T10:07:39.111763
13,192,0.02721426822245121,2026-05-18T10:07:39.350286
13,193,0.02398025430738926,2026-05-18T10:07:39.634925
13,194,0.0295561496168375,2026-05-18T10:07:39.695332
13,195,0.027410637587308884,2026-05-18T10:07:39.992655
13,196,0.027658049017190933,2026-05-18T10:07:40.142183
13,197,0.02466687187552452,2026-05-18T10:07:40.336870
13,198,0.0253572016954422,2026-05-18T10:07:40.399666
13,199,0.026755839586257935,2026-05-18T10:07:40.546112
13,200,0.025446703657507896,2026-05-18T10:07:40.964486
13,201,0.04209410399198532,2026-05-18T10:07:41.025528
13,202,0.030165517702698708,2026-05-18T10:07:41.089046
13,203,0.022492144256830215,2026-05-18T10:07:41.290303
13,204,0.029308635741472244,2026-05-18T10:07:41.892646
13,205,0.027532797306776047,2026-05-18T10:07:41.956523
13,206,0.0278933085501194,2026-05-18T10:07:42.020572
13,207,0.030011402443051338,2026-05-18T10:07:42.087629
13,208,0.02505008690059185,2026-05-18T10:07:42.705115
13,209,0.028548050671815872,2026-05-18T10:07:42.766659
13,210,0.030269866809248924,2026-05-18T10:07:42.829530
13,211,0.027806047350168228,2026-05-18T10:07:42.901807
13,212,0.0241046454757452,2026-05-18T10:07:43.449065
13,213,0.028408508747816086,2026-05-18T10:07:43.514862
13,214,0.027257852256298065,2026-05-18T10:07:43.578959
13,215,0.027595367282629013,2026-05-18T10:07:43.643480
13,216,0.02820459008216858,2026-05-18T10:07:44.246104
13,217,0.025632468983530998,2026-05-18T10:07:44.308225
13,218,0.02844817563891411,2026-05-18T10:07:44.370143
13,219,0.024021003395318985,2026-05-18T10:07:44.433860
13,220,0.032080456614494324,2026-05-18T10:07:45.070651
13,221,0.025174133479595184,2026-05-18T10:07:45.134413
13,222,0.027364417910575867,2026-05-18T10:07:45.199674
13,223,0.03102119453251362,2026-05-18T10:07:45.266828
13,224,0.02800906077027321,2026-05-18T10:07:46.046289
13,225,0.02502431720495224,2026-05-18T10:07:46.109880
13,226,0.03145816922187805,2026-05-18T10:07:46.179120
13,227,0.02749338373541832,2026-05-18T10:07:46.248776
13,228,0.02437436208128929,2026-05-18T10:07:46.957857
13,229,0.025333896279335022,2026-05-18T10:07:47.022885
13,230,0.022003203630447388,2026-05-18T10:07:47.090633
13,231,0.0265145692974329,2026-05-18T10:07:47.165260
13,232,0.030872033908963203,2026-05-18T10:07:47.965152
13,233,0.026351800188422203,2026-05-18T10:07:48.029435
13,234,0.02440907433629036,2026-05-18T10:07:48.105530
13,235,0.027265004813671112,2026-05-18T10:07:48.178535
13,236,0.028020476922392845,2026-05-18T10:07:48.816192
13,237,0.024102944880723953,2026-05-18T10:07:48.880689
13,238,0.025717245414853096,2026-05-18T10:07:48.944093
13,239,0.029778342694044113,2026-05-18T10:07:49.009321
13,240,0.028995594009757042,2026-05-18T10:07:49.150266
13,241,0.02628144808113575,2026-05-18T10:07:49.214947
13,242,0.025349697098135948,2026-05-18T10:07:49.279140
13,243,0.02891043946146965,2026-05-18T10:07:49.344141
13,244,0.03138646110892296,2026-05-18T10:07:50.079779
13,245,0.026631196960806847,2026-05-18T10:07:50.142322
13,246,0.026907481253147125,2026-05-18T10:07:50.205682
13,247,0.025761393830180168,2026-05-18T10:07:50.267574
13,248,0.02721918746829033,2026-05-18T10:07:50.778244
13,249,0.028063461184501648,2026-05-18T10:07:50.841569
13,250,0.026154551655054092,2026-05-18T10:07:50.904397
13,251,0.0288093239068985,2026-05-18T10:07:50.967757
13,252,0.02491540089249611,2026-05-18T10:07:51.500884
13,253,0.027930285781621933,2026-05-18T10:07:51.563346
13,254,0.0265143271535635,2026-05-18T10:07:51.627516
13,255,0.02473270520567894,2026-05-18T10:07:51.690613
13,256,0.024474598467350006,2026-05-18T10:07:52.283693
13,257,0.033303458243608475,2026-05-18T10:07:52.345953
13,258,0.02873477153480053,2026-05-18T10:07:52.410710
13,259,0.030055275186896324,2026-05-18T10:07:52.476149
13,260,0.0285720806568861,2026-05-18T10:07:53.091081
13,261,0.03128458932042122,2026-05-18T10:07:53.156742
13,262,0.024748705327510834,2026-05-18T10:07:53.223890
13,263,0.03160225227475166,2026-05-18T10:07:53.291243
13,264,0.02802949771285057,2026-05-18T10:07:54.018602
13,265,0.029947759583592415,2026-05-18T10:07:54.084349
13,266,0.027707267552614212,2026-05-18T10:07:54.148091
13,267,0.02407146617770195,2026-05-18T10:07:54.215563
13,268,0.026201820001006126,2026-05-18T10:07:54.732019
13,269,0.03001219779253006,2026-05-18T10:07:54.795298
13,270,0.030543144792318344,2026-05-18T10:07:54.861588
13,271,0.027570392936468124,2026-05-18T10:07:54.927066
13,272,0.028038576245307922,2026-05-18T10:07:55.593339
13,273,0.023673895746469498,2026-05-18T10:07:55.658113
13,274,0.02685024030506611,2026-05-18T10:07:55.772884
13,275,0.025849785655736923,2026-05-18T10:07:55.838286
13,276,0.028114495798945427,2026-05-18T10:07:56.370757
13,277,0.02687043882906437,2026-05-18T10:07:56.430806
13,278,0.026522111147642136,2026-05-18T10:07:56.492533
13,279,0.02679525874555111,2026-05-18T10:07:56.555102
13,280,0.025001078844070435,2026-05-18T10:07:56.960003
13,281,0.026069536805152893,2026-05-18T10:07:57.020994
13,282,0.02511773630976677,2026-05-18T10:07:57.084112
13,283,0.02607744373381138,2026-05-18T10:07:57.155992
13,284,0.026106661185622215,2026-05-18T10:07:57.734823
13,285,0.02763565629720688,2026-05-18T10:07:57.858293
13,286,0.028164314106106758,2026-05-18T10:07:57.917889
13,287,0.024146171286702156,2026-05-18T10:07:57.980747
13,288,0.031295593827962875,2026-05-18T10:07:58.629084
13,289,0.025560783222317696,2026-05-18T10:07:58.692362
13,290,0.027560854330658913,2026-05-18T10:07:58.758578
13,291,0.03719058632850647,2026-05-18T10:07:58.826955
13,292,0.02461494691669941,2026-05-18T10:07:59.516953
13,293,0.030941473320126534,2026-05-18T10:07:59.583263
13,294,0.026134779676795006,2026-05-18T10:07:59.648759
13,295,0.03269129991531372,2026-05-18T10:07:59.715069
13,296,0.030004704371094704,2026-05-18T10:08:00.349837
13,297,0.026895785704255104,2026-05-18T10:08:00.415978
13,298,0.032003022730350494,2026-05-18T10:08:00.482892
13,299,0.028816021978855133,2026-05-18T10:08:00.548946
13,300,0.029413418844342232,2026-05-18T10:08:01.208854
13,301,0.026980416849255562,2026-05-18T10:08:01.271107
13,302,0.02797740325331688,2026-05-18T10:08:01.334566
13,303,0.02922733686864376,2026-05-18T10:08:01.397769
13,304,0.024454882368445396,2026-05-18T10:08:01.980799
13,305,0.026417167857289314,2026-05-18T10:08:02.045611
13,306,0.028111422434449196,2026-05-18T10:08:02.110761
13,307,0.025317521765828133,2026-05-18T10:08:02.175804
13,308,0.02731357328593731,2026-05-18T10:08:02.650633
13,309,0.026135731488466263,2026-05-18T10:08:02.712841
13,310,0.02873048186302185,2026-05-18T10:08:02.775895
13,311,0.02774488739669323,2026-05-18T10:08:02.839068
13,312,0.026111770421266556,2026-05-18T10:08:03.444108
13,313,0.02629557065665722,2026-05-18T10:08:03.507490
13,314,0.02774389460682869,2026-05-18T10:08:03.573115
13,315,0.029674984514713287,2026-05-18T10:08:03.638434
13,316,0.025163806974887848,2026-05-18T10:08:04.097099
13,317,0.023967772722244263,2026-05-18T10:08:04.160146
13,318,0.023998918011784554,2026-05-18T10:08:04.223882
13,319,0.0238342247903347,2026-05-18T10:08:04.367076
13,320,0.02499375119805336,2026-05-18T10:08:04.935308
13,321,0.02306811884045601,2026-05-18T10:08:04.999045
13,322,0.025971699506044388,2026-05-18T10:08:05.064008
13,323,0.027944305911660194,2026-05-18T10:08:05.180928
13,324,0.02744690701365471,2026-05-18T10:08:05.747901
13,325,0.030509386211633682,2026-05-18T10:08:05.810330
13,326,0.028376776725053787,2026-05-18T10:08:05.874052
13,327,0.02704710140824318,2026-05-18T10:08:06.158823
13,328,0.025917761027812958,2026-05-18T10:08:06.572585
13,329,0.027097854763269424,2026-05-18T10:08:06.634222
13,330,0.026373235508799553,2026-05-18T10:08:06.698555
13,331,0.028151078149676323,2026-05-18T10:08:07.082953
13,332,0.027482958510518074,2026-05-18T10:08:07.405350
13,333,0.028842417523264885,2026-05-18T10:08:07.466192
13,334,0.025758186355233192,2026-05-18T10:08:07.529173
13,335,0.0318281464278698,2026-05-18T10:08:07.841852
13,336,0.026416894048452377,2026-05-18T10:08:08.201272
13,337,0.02999408356845379,2026-05-18T10:08:08.263456
13,338,0.028577597811818123,2026-05-18T10:08:08.327623
13,339,0.027363095432519913,2026-05-18T10:08:08.680386
13,340,0.02797950804233551,2026-05-18T10:08:09.162150
13,341,0.02943776175379753,2026-05-18T10:08:09.225684
13,342,0.03031243570148945,2026-05-18T10:08:09.289605
13,343,0.02652151510119438,2026-05-18T10:08:09.487804
13,344,0.026505213230848312,2026-05-18T10:08:09.916980
13,345,0.027514278888702393,2026-05-18T10:08:09.978807
13,346,0.02521546557545662,2026-05-18T10:08:10.040950
13,347,0.02523505873978138,2026-05-18T10:08:10.385909
13,348,0.030528709292411804,2026-05-18T10:08:10.648986
13,349,0.023877646774053574,2026-05-18T10:08:10.716949
13,350,0.02576860412955284,2026-05-18T10:08:10.778068
13,351,0.03540497273206711,2026-05-18T10:08:11.198540
13,352,0.02368372119963169,2026-05-18T10:08:11.315604
13,353,0.027730494737625122,2026-05-18T10:08:11.548348
13,354,0.030140727758407593,2026-05-18T10:08:11.608481
13,355,0.025380520150065422,2026-05-18T10:08:11.907077
13,356,0.024739010259509087,2026-05-18T10:08:12.190244
13,357,0.025607425719499588,2026-05-18T10:08:12.462263
13,358,0.028137100860476494,2026-05-18T10:08:12.522901
13,359,0.029983781278133392,2026-05-18T10:08:12.761624
13,360,0.026339903473854065,2026-05-18T10:08:12.901162
13,361,0.03206096217036247,2026-05-18T10:08:13.164371
13,362,0.02524186484515667,2026-05-18T10:08:13.226771
13,363,0.024617603048682213,2026-05-18T10:08:13.604737
13,364,0.02464323490858078,2026-05-18T10:08:13.859400
13,365,0.023252971470355988,2026-05-18T10:08:13.921805
13,366,0.028961103409528732,2026-05-18T10:08:13.987119
13,367,0.02836158126592636,2026-05-18T10:08:14.409308
13,368,0.02419966831803322,2026-05-18T10:08:14.736142
13,369,0.031130140647292137,2026-05-18T10:08:14.799750
13,370,0.02894570864737034,2026-05-18T10:08:14.862141
13,371,0.025106512010097504,2026-05-18T10:08:15.083735
13,372,0.02626119926571846,2026-05-18T10:08:15.646561
13,373,0.02722069062292576,2026-05-18T10:08:15.709952
13,374,0.027437182143330574,2026-05-18T10:08:15.819602
13,375,0.028429951518774033,2026-05-18T10:08:15.916967
13,376,0.023539140820503235,2026-05-18T10:08:16.429941
13,377,0.024515023455023766,2026-05-18T10:08:16.490152
13,378,0.023768266662955284,2026-05-18T10:08:16.556045
13,379,0.027020419016480446,2026-05-18T10:08:16.695264
13,380,0.024569300934672356,2026-05-18T10:08:17.394418
13,381,0.026429619640111923,2026-05-18T10:08:17.457959
13,382,0.030457429587841034,2026-05-18T10:08:17.522225
13,383,0.026318637654185295,2026-05-18T10:08:17.586105
13,384,0.028852926567196846,2026-05-18T10:08:18.121405
13,385,0.02860952727496624,2026-05-18T10:08:18.183092
13,386,0.025442931801080704,2026-05-18T10:08:18.245125
13,387,0.028331661596894264,2026-05-18T10:08:18.307149
13,388,0.026495400816202164,2026-05-18T10:08:18.900384
13,389,0.023648906499147415,2026-05-18T10:08:18.963641
13,390,0.02537773922085762,2026-05-18T10:08:19.027266
13,391,0.02580816112458706,2026-05-18T10:08:19.092238
13,392,0.026397699490189552,2026-05-18T10:08:19.728837
13,393,0.02722659520804882,2026-05-18T10:08:19.790182
13,394,0.025900766253471375,2026-05-18T10:08:19.853293
13,395,0.02992936596274376,2026-05-18T10:08:19.916220
13,396,0.029247339814901352,2026-05-18T10:08:20.524422
13,397,0.02404613234102726,2026-05-18T10:08:20.587336
13,398,0.028089255094528198,2026-05-18T10:08:20.650328
13,399,0.029095085337758064,2026-05-18T10:08:20.712973
13,400,0.025905488058924675,2026-05-18T10:08:21.365590
13,401,0.024941302835941315,2026-05-18T10:08:21.426343
13,402,0.026607519015669823,2026-05-18T10:08:21.047730
13,403,0.0350450798869133,2026-05-18T10:08:21.110199
13,404,0.0322081632912159,2026-05-18T10:08:21.540286
13,405,0.02547377720475197,2026-05-18T10:08:21.600545
13,406,0.030116870999336243,2026-05-18T10:08:21.665926
13,407,0.029178103432059288,2026-05-18T10:08:21.806959
13,408,0.024644847959280014,2026-05-18T10:08:22.240379
13,409,0.025319652631878853,2026-05-18T10:08:22.304651
13,410,0.02917851135134697,2026-05-18T10:08:22.366565
13,411,0.025592323392629623,2026-05-18T10:08:22.445487
13,412,0.031133752316236496,2026-05-18T10:08:22.918686
13,413,0.02606109529733658,2026-05-18T10:08:22.980048
13,414,0.026716409251093864,2026-05-18T10:08:23.042728
13,415,0.02858518250286579,2026-05-18T10:08:23.316133
13,416,0.027084587141871452,2026-05-18T10:08:23.741692
13,417,0.024902116507291794,2026-05-18T10:08:23.802977
13,418,0.026546835899353027,2026-05-18T10:08:23.865803
13,419,0.03149563446640968,2026-05-18T10:08:24.154582
13,420,0.028241688385605812,2026-05-18T10:08:24.546143
13,421,0.027635905891656876,2026-05-18T10:08:24.607946
13,422,0.028361506760120392,2026-05-18T10:08:24.672444
13,423,0.026722224429249763,2026-05-18T10:08:24.909980
13,424,0.026126451790332794,2026-05-18T10:08:25.285611
13,425,0.025857605040073395,2026-05-18T10:08:25.346720
13,426,0.028103768825531006,2026-05-18T10:08:25.409393
13,427,0.027412403374910355,2026-05-18T10:08:25.710775
13,428,0.0299326591193676,2026-05-18T10:08:26.094581
13,429,0.027794312685728073,2026-05-18T10:08:26.155336
13,430,0.028601108118891716,2026-05-18T10:08:26.215357
13,431,0.025144565850496292,2026-05-18T10:08:26.537852
13,432,0.025960134342312813,2026-05-18T10:08:27.094489
13,433,0.02333296649158001,2026-05-18T10:08:27.154421
13,434,0.027050472795963287,2026-05-18T10:08:27.218114
13,435,0.025032611563801765,2026-05-18T10:08:27.279076
13,436,0.027622893452644348,2026-05-18T10:08:27.846760
13,437,0.027437016367912292,2026-05-18T10:08:27.910434
13,438,0.02580491080880165,2026-05-18T10:08:27.973121
13,439,0.02670527622103691,2026-05-18T10:08:28.093571
13,440,0.025153230875730515,2026-05-18T10:08:28.608985
13,441,0.02517561800777912,2026-05-18T10:08:28.673090
13,442,0.02819359302520752,2026-05-18T10:08:28.734608
13,443,0.026233959943056107,2026-05-18T10:08:28.840256
13,444,0.025984643027186394,2026-05-18T10:08:29.429233
13,445,0.03197575360536575,2026-05-18T10:08:29.491586
13,446,0.0243997722864151,2026-05-18T10:08:29.554709
13,447,0.02667435258626938,2026-05-18T10:08:29.622597
13,448,0.02752843126654625,2026-05-18T10:08:30.238532
13,449,0.03196241334080696,2026-05-18T10:08:30.299396
13,450,0.025759251788258553,2026-05-18T10:08:30.362820
13,451,0.030936338007450104,2026-05-18T10:08:30.526809
13,452,0.027583202347159386,2026-05-18T10:08:30.946328
13,453,0.02985340915620327,2026-05-18T10:08:31.007185
13,454,0.026242999359965324,2026-05-18T10:08:31.071442
13,455,0.03677288070321083,2026-05-18T10:08:31.233697
13,456,0.027039598673582077,2026-05-18T10:08:31.651473
13,457,0.03054412268102169,2026-05-18T10:08:31.714037
13,458,0.026186373084783554,2026-05-18T10:08:31.776723
13,459,0.027147267013788223,2026-05-18T10:08:31.900378
13,460,0.027694346383213997,2026-05-18T10:08:32.407467
13,461,0.02465813048183918,2026-05-18T10:08:32.468952
13,462,0.025051187723875046,2026-05-18T10:08:32.531088
13,463,0.024758197367191315,2026-05-18T10:08:32.768184
13,464,0.024186909198760986,2026-05-18T10:08:33.122223
13,465,0.026840465143322945,2026-05-18T10:08:33.205198
13,466,0.027706729248166084,2026-05-18T10:08:33.266373
13,467,0.02863776870071888,2026-05-18T10:08:33.460375
13,468,0.030450301244854927,2026-05-18T10:08:33.863543
13,469,0.024531906470656395,2026-05-18T10:08:33.928997
13,470,0.031648971140384674,2026-05-18T10:08:33.990465
13,471,0.025687148794531822,2026-05-18T10:08:34.139057
13,472,0.02615378424525261,2026-05-18T10:08:34.787733
13,473,0.025004032999277115,2026-05-18T10:08:34.857103
13,474,0.027538830414414406,2026-05-18T10:08:34.973175
13,475,0.02980726771056652,2026-05-18T10:08:35.084735
13,476,0.027125395834445953,2026-05-18T10:08:35.857435
13,477,0.028333475813269615,2026-05-18T10:08:35.924469
13,478,0.03490746393799782,2026-05-18T10:08:35.994456
13,479,0.030838090926408768,2026-05-18T10:08:36.218403
13,480,0.029288917779922485,2026-05-18T10:08:36.621266
13,481,0.026525311172008514,2026-05-18T10:08:36.682813
13,482,0.028875842690467834,2026-05-18T10:08:36.746506
13,483,0.024334799498319626,2026-05-18T10:08:37.048485
13,484,0.024778977036476135,2026-05-18T10:08:37.475379
13,485,0.026072900742292404,2026-05-18T10:08:37.536949
13,486,0.027983283624053,2026-05-18T10:08:37.600673
13,487,0.02716412954032421,2026-05-18T10:08:38.063081
13,488,0.025587137788534164,2026-05-18T10:08:38.243532
13,489,0.02524801902472973,2026-05-18T10:08:38.304191
13,490,0.023644568398594856,2026-05-18T10:08:38.369494
13,491,0.02812620997428894,2026-05-18T10:08:38.935874
13,492,0.027269015088677406,2026-05-18T10:08:39.114778
13,493,0.025468777865171432,2026-05-18T10:08:39.177826
13,494,0.02986152470111847,2026-05-18T10:08:39.245984
13,495,0.03245321288704872,2026-05-18T10:08:39.627707
13,496,0.02922987751662731,2026-05-18T10:08:39.946724
13,497,0.027171988040208817,2026-05-18T10:08:40.008792
13,498,0.028843196108937263,2026-05-18T10:08:40.073503
13,499,0.028838805854320526,2026-05-18T10:08:40.550228
13,500,0.024354279041290283,2026-05-18T10:08:40.959626
13,501,0.028030075132846832,2026-05-18T10:08:41.025720
13,502,0.0282911267131567,2026-05-18T10:08:41.090294
13,503,0.025082876905798912,2026-05-18T10:08:41.278365
13,504,0.02674737386405468,2026-05-18T10:08:41.901620
13,505,0.027537714689970016,2026-05-18T10:08:41.965393
13,506,0.026111824437975883,2026-05-18T10:08:42.031511
13,507,0.025638369843363762,2026-05-18T10:08:42.168525
13,508,0.02448940835893154,2026-05-18T10:08:42.714368
13,509,0.028996283188462257,2026-05-18T10:08:42.776451
13,510,0.030177665874361992,2026-05-18T10:08:42.840201
13,511,0.02466404438018799,2026-05-18T10:08:42.912232
13,512,0.025095507502555847,2026-05-18T10:08:43.593676
13,513,0.027184581384062767,2026-05-18T10:08:43.658060
13,514,0.029504768550395966,2026-05-18T10:08:43.724823
13,515,0.02774476818740368,2026-05-18T10:08:43.789646
13,516,0.027754798531532288,2026-05-18T10:08:44.568173
13,517,0.02649928815662861,2026-05-18T10:08:44.632632
13,518,0.026372794061899185,2026-05-18T10:08:44.701055
13,519,0.027243170887231827,2026-05-18T10:08:44.765578
13,520,0.029261989519000053,2026-05-18T10:08:45.417481
13,521,0.03190874680876732,2026-05-18T10:08:45.480750
13,522,0.026911897584795952,2026-05-18T10:08:45.544202
13,523,0.026696670800447464,2026-05-18T10:08:45.607502
13,524,0.025503873825073242,2026-05-18T10:08:46.195460
13,525,0.026809265837073326,2026-05-18T10:08:46.256506
13,526,0.02475779317319393,2026-05-18T10:08:46.319197
13,527,0.03338541463017464,2026-05-18T10:08:46.383993
13,528,0.02598458155989647,2026-05-18T10:08:47.040371
13,529,0.03504102677106857,2026-05-18T10:08:47.109980
13,530,0.02856828086078167,2026-05-18T10:08:47.175280
13,531,0.024298841133713722,2026-05-18T10:08:47.242553
13,532,0.03137511759996414,2026-05-18T10:08:47.741157
13,533,0.028632504865527153,2026-05-18T10:08:47.803171
13,534,0.023454003036022186,2026-05-18T10:08:47.866657
13,535,0.027380244806408882,2026-05-18T10:08:47.929897
13,536,0.029560664668679237,2026-05-18T10:08:48.717073
13,537,0.02599196322262287,2026-05-18T10:08:48.780176
13,538,0.02709960751235485,2026-05-18T10:08:48.845112
13,539,0.027323411777615547,2026-05-18T10:08:48.907847
13,540,0.02731996215879917,2026-05-18T10:08:49.542785
13,541,0.030240686610341072,2026-05-18T10:08:49.606734
13,542,0.029525985941290855,2026-05-18T10:08:49.674926
13,543,0.023993175476789474,2026-05-18T10:08:49.742529
13,544,0.02728131040930748,2026-05-18T10:08:50.279906
13,545,0.024892417713999748,2026-05-18T10:08:50.342633
13,546,0.02674439735710621,2026-05-18T10:08:50.404897
13,547,0.03530122712254524,2026-05-18T10:08:50.468160
13,548,0.025555551052093506,2026-05-18T10:08:51.123505
13,549,0.024075273424386978,2026-05-18T10:08:51.187279
13,550,0.02549670822918415,2026-05-18T10:08:51.253898
13,551,0.030518976971507072,2026-05-18T10:08:51.321432
13,552,0.030598361045122147,2026-05-18T10:08:52.088862
13,553,0.027496416121721268,2026-05-18T10:08:52.151850
13,554,0.026939282193779945,2026-05-18T10:08:52.216511
13,555,0.026664776727557182,2026-05-18T10:08:52.280932
13,556,0.02930387482047081,2026-05-18T10:08:52.832565
13,557,0.027438746765255928,2026-05-18T10:08:52.896768
13,558,0.027064094319939613,2026-05-18T10:08:52.959593
13,559,0.02348674088716507,2026-05-18T10:08:53.022366
13,560,0.024401890113949776,2026-05-18T10:08:53.494764
13,561,0.02550034411251545,2026-05-18T10:08:53.102150
13,562,0.027154503390192986,2026-05-18T10:08:53.165459
13,563,0.02721603587269783,2026-05-18T10:08:53.228617
13,564,0.026332339271903038,2026-05-18T10:08:53.791728
13,565,0.02848001755774021,2026-05-18T10:08:53.852529
13,566,0.024692578241229057,2026-05-18T10:08:53.914945
13,567,0.025061914697289467,2026-05-18T10:08:53.977884
13,568,0.02519635297358036,2026-05-18T10:08:54.456765
13,569,0.026435397565364838,2026-05-18T10:08:54.517524
13,570,0.025338871404528618,2026-05-18T10:08:54.580627
13,571,0.027918415144085884,2026-05-18T10:08:54.643654
13,572,0.028350764885544777,2026-05-18T10:08:55.361010
13,573,0.028559161350131035,2026-05-18T10:08:55.424065
13,574,0.026945900171995163,2026-05-18T10:08:55.528518
13,575,0.02904137782752514,2026-05-18T10:08:55.593304
13,576,0.02616293542087078,2026-05-18T10:08:56.222533
13,577,0.02377401851117611,2026-05-18T10:08:56.282019
13,578,0.024639595299959183,2026-05-18T10:08:56.343974
13,579,0.029179846867918968,2026-05-18T10:08:56.408348
13,580,0.02898084744811058,2026-05-18T10:08:57.072116
13,581,0.023529978469014168,2026-05-18T10:08:57.136900
13,582,0.02673223428428173,2026-05-18T10:08:57.200284
13,583,0.03279969468712807,2026-05-18T10:08:57.264378
13,584,0.029898880049586296,2026-05-18T10:08:57.982656
13,585,0.025852499529719353,2026-05-18T10:08:58.045277
13,586,0.030832985416054726,2026-05-18T10:08:58.109064
13,587,0.024397743865847588,2026-05-18T10:08:58.173816
13,588,0.027880311012268066,2026-05-18T10:08:58.901308
13,589,0.025574054569005966,2026-05-18T10:08:58.963291
13,590,0.023564698174595833,2026-05-18T10:08:59.026427
13,591,0.029913589358329773,2026-05-18T10:08:59.089786
13,592,0.023807961493730545,2026-05-18T10:08:59.781790
13,593,0.025231508538126945,2026-05-18T10:08:59.849246
13,594,0.027188416570425034,2026-05-18T10:08:59.916584
13,595,0.03207475692033768,2026-05-18T10:08:59.982428
13,596,0.026463128626346588,2026-05-18T10:09:00.553311
13,597,0.026049813255667686,2026-05-18T10:09:00.614241
13,598,0.025663670152425766,2026-05-18T10:09:00.677690
13,599,0.024903245270252228,2026-05-18T10:09:00.742432
13,600,0.02667182870209217,2026-05-18T10:09:01.188330
13,601,0.027487853541970253,2026-05-18T10:09:01.250951
13,602,0.02613203600049019,2026-05-18T10:09:01.316222
13,603,0.030800187960267067,2026-05-18T10:09:01.384955
13,604,0.0281014796346426,2026-05-18T10:09:01.970197
13,605,0.028294289484620094,2026-05-18T10:09:02.036656
13,606,0.023847928270697594,2026-05-18T10:09:02.100906
13,607,0.023044664412736893,2026-05-18T10:09:02.165511
13,608,0.026102449744939804,2026-05-18T10:09:02.694948
13,609,0.027972500771284103,2026-05-18T10:09:02.757113
13,610,0.02639329992234707,2026-05-18T10:09:02.820919
13,611,0.029843993484973907,2026-05-18T10:09:02.886064
13,612,0.025080207735300064,2026-05-18T10:09:03.576473
13,613,0.02752119116485119,2026-05-18T10:09:03.640519
13,614,0.026911422610282898,2026-05-18T10:09:03.705325
13,615,0.027567489072680473,2026-05-18T10:09:03.769797
13,616,0.027527732774615288,2026-05-18T10:09:04.359818
13,617,0.026148835197091103,2026-05-18T10:09:04.420249
13,618,0.026619207113981247,2026-05-18T10:09:04.482659
13,619,0.02503317967057228,2026-05-18T10:09:04.547346
13,620,0.02893606387078762,2026-05-18T10:09:05.070639
13,621,0.02611297369003296,2026-05-18T10:09:05.132112
13,622,0.02599736489355564,2026-05-18T10:09:05.194136
13,623,0.027580494061112404,2026-05-18T10:09:05.256657
13,624,0.024201981723308563,2026-05-18T10:09:05.860929
13,625,0.030002623796463013,2026-05-18T10:09:05.924453
13,626,0.02579154446721077,2026-05-18T10:09:05.991806
13,627,0.026549430564045906,2026-05-18T10:09:06.058115
13,628,0.028439128771424294,2026-05-18T10:09:06.929094
13,629,0.023408448323607445,2026-05-18T10:09:06.992456
13,630,0.026324624195694923,2026-05-18T10:09:07.055890
13,631,0.025062663480639458,2026-05-18T10:09:07.119537
13,632,0.025269294157624245,2026-05-18T10:09:07.771392
13,633,0.02980664372444153,2026-05-18T10:09:07.833179
13,634,0.02415269799530506,2026-05-18T10:09:07.894780
13,635,0.027947695925831795,2026-05-18T10:09:07.957736
13,636,0.03083796612918377,2026-05-18T10:09:08.719122
13,637,0.029223917052149773,2026-05-18T10:09:08.783246
13,638,0.026324879378080368,2026-05-18T10:09:08.848656
13,639,0.02842278778553009,2026-05-18T10:09:08.910867
13,640,0.024283703416585922,2026-05-18T10:09:09.433206
13,641,0.03442409634590149,2026-05-18T10:09:09.495668
13,642,0.02627604641020298,2026-05-18T10:09:09.558423
13,643,0.028771888464689255,2026-05-18T10:09:09.621453
13,644,0.025326699018478394,2026-05-18T10:09:10.081829
13,645,0.029695946723222733,2026-05-18T10:09:10.142758
13,646,0.02588128298521042,2026-05-18T10:09:10.205105
13,647,0.030171412974596024,2026-05-18T10:09:10.269586
13,648,0.029236216098070145,2026-05-18T10:09:11.085202
13,649,0.025449978187680244,2026-05-18T10:09:11.149328
13,650,0.026689045131206512,2026-05-18T10:09:11.213233
13,651,0.028249917551875114,2026-05-18T10:09:11.277381
13,652,0.024984082207083702,2026-05-18T10:09:11.737553
13,653,0.030987100675702095,2026-05-18T10:09:11.800846
13,654,0.024415070191025734,2026-05-18T10:09:11.863458
13,655,0.026699567213654518,2026-05-18T10:09:11.926003
13,656,0.02560325898230076,2026-05-18T10:09:12.473280
13,657,0.025415286421775818,2026-05-18T10:09:12.533782
13,658,0.022932911291718483,2026-05-18T10:09:12.597607
13,659,0.02664092183113098,2026-05-18T10:09:12.660795
13,660,0.029077356681227684,2026-05-18T10:09:13.173489
13,661,0.02424980327486992,2026-05-18T10:09:13.237188
13,662,0.03265630453824997,2026-05-18T10:09:13.302028
13,663,0.0281458031386137,2026-05-18T10:09:13.367599
13,664,0.027092542499303818,2026-05-18T10:09:13.706513
13,665,0.027342719957232475,2026-05-18T10:09:13.860189
13,666,0.02567940205335617,2026-05-18T10:09:14.060215
13,667,0.02510344609618187,2026-05-18T10:09:14.143025
13,668,0.03264479711651802,2026-05-18T10:09:14.575445
13,669,0.028175555169582367,2026-05-18T10:09:14.639071
13,670,0.027906928211450577,2026-05-18T10:09:14.821376
13,671,0.0261246208101511,2026-05-18T10:09:15.004845
13,672,0.028629744425415993,2026-05-18T10:09:15.376267
13,673,0.023757068440318108,2026-05-18T10:09:15.438476
13,674,0.026393048465251923,2026-05-18T10:09:15.613185
13,675,0.027362508699297905,2026-05-18T10:09:15.946728
13,676,0.023869656026363373,2026-05-18T10:09:16.138386
13,677,0.02971997857093811,2026-05-18T10:09:16.220020
13,678,0.02691073715686798,2026-05-18T10:09:16.645558
13,679,0.028146468102931976,2026-05-18T10:09:16.812551
13,680,0.027764497324824333,2026-05-18T10:09:17.150773
13,681,0.02648031711578369,2026-05-18T10:09:17.211320
13,682,0.02605191059410572,2026-05-18T10:09:17.506142
13,683,0.02478824183344841,2026-05-18T10:09:17.568771
13,684,0.02546592429280281,2026-05-18T10:09:17.996215
13,685,0.025964729487895966,2026-05-18T10:09:18.056751
13,686,0.027984999120235443,2026-05-18T10:09:18.163166
13,687,0.02448626235127449,2026-05-18T10:09:18.224892
13,688,0.026402801275253296,2026-05-18T10:09:18.811211
13,689,0.023182077333331108,2026-05-18T10:09:18.874895
13,690,0.025952545925974846,2026-05-18T10:09:18.939149
13,691,0.02534632198512554,2026-05-18T10:09:19.158871
13,692,0.027235515415668488,2026-05-18T10:09:19.667480
13,693,0.026856815442442894,2026-05-18T10:09:19.729358
13,694,0.026013780385255814,2026-05-18T10:09:19.841362
13,695,0.03254738077521324,2026-05-18T10:09:19.902228
13,696,0.033986929804086685,2026-05-18T10:09:20.512572
13,697,0.027893662452697754,2026-05-18T10:09:20.576012
13,698,0.02385828271508217,2026-05-18T10:09:20.658199
13,699,0.027294982224702835,2026-05-18T10:09:20.858656
13,700,0.02472805045545101,2026-05-18T10:09:21.460534
13,701,0.02943926490843296,2026-05-18T10:09:21.524142
13,702,0.02774331532418728,2026-05-18T10:09:21.587800
13,703,0.024561932310461998,2026-05-18T10:09:21.687499
13,704,0.02490547113120556,2026-05-18T10:09:22.264410
13,705,0.02807430922985077,2026-05-18T10:09:22.327684
13,706,0.027109889313578606,2026-05-18T10:09:22.390351
13,707,0.030257724225521088,2026-05-18T10:09:22.466747
13,708,0.028531083837151527,2026-05-18T10:09:23.057541
13,709,0.026930132880806923,2026-05-18T10:09:23.170525
13,710,0.025508735328912735,2026-05-18T10:09:23.233511
13,711,0.0433291457593441,2026-05-18T10:09:23.303732
13,712,0.02871561236679554,2026-05-18T10:09:23.947626
13,713,0.029362715780735016,2026-05-18T10:09:24.009201
13,714,0.026412541046738625,2026-05-18T10:09:24.072678
13,715,0.025074144825339317,2026-05-18T10:09:24.191970
13,716,0.028399154543876648,2026-05-18T10:09:24.810855
13,717,0.02536715380847454,2026-05-18T10:09:24.874449
13,718,0.02723325788974762,2026-05-18T10:09:24.938344
13,719,0.02557462453842163,2026-05-18T10:09:25.003734
13,720,0.027024511247873306,2026-05-18T10:09:25.129614
13,721,0.024775860831141472,2026-05-18T10:09:25.193979
13,722,0.027626296505331993,2026-05-18T10:09:25.257009
13,723,0.03134448826313019,2026-05-18T10:09:25.320937
13,724,0.025852082297205925,2026-05-18T10:09:25.840258
13,725,0.030523082241415977,2026-05-18T10:09:25.920688
13,726,0.025746842846274376,2026-05-18T10:09:25.982258
13,727,0.02786972187459469,2026-05-18T10:09:26.047420
13,728,0.035253822803497314,2026-05-18T10:09:26.724679
13,729,0.02637518011033535,2026-05-18T10:09:26.787801
13,730,0.02915538288652897,2026-05-18T10:09:26.853891
13,731,0.02489311434328556,2026-05-18T10:09:26.918922
13,732,0.02574213221669197,2026-05-18T10:09:27.542903
13,733,0.02690414898097515,2026-05-18T10:09:27.749995
13,734,0.0322943739593029,2026-05-18T10:09:27.811189
13,735,0.027108289301395416,2026-05-18T10:09:27.873662
13,736,0.025374222546815872,2026-05-18T10:09:28.412632
13,737,0.025420332327485085,2026-05-18T10:09:28.527231
13,738,0.02583402954041958,2026-05-18T10:09:28.588400
13,739,0.028766082599759102,2026-05-18T10:09:28.652927
13,740,0.027173740789294243,2026-05-18T10:09:29.552664
13,741,0.024898314848542213,2026-05-18T10:09:29.618162
13,742,0.027135107666254044,2026-05-18T10:09:29.685125
13,743,0.027153750881552696,2026-05-18T10:09:29.749389
13,744,0.027473999187350273,2026-05-18T10:09:30.474313
13,745,0.026609474793076515,2026-05-18T10:09:30.537506
13,746,0.02477208524942398,2026-05-18T10:09:30.602478
13,747,0.028195586055517197,2026-05-18T10:09:30.666745
13,748,0.030694743618369102,2026-05-18T10:09:31.322572
13,749,0.029466090723872185,2026-05-18T10:09:31.386904
13,750,0.030156148597598076,2026-05-18T10:09:31.452609
13,751,0.02584208734333515,2026-05-18T10:09:31.518736
13,752,0.026587126776576042,2026-05-18T10:09:32.078834
13,753,0.03152359649538994,2026-05-18T10:09:32.141725
13,754,0.028638839721679688,2026-05-18T10:09:32.204842
13,755,0.03153882548213005,2026-05-18T10:09:32.268196
13,756,0.026370273903012276,2026-05-18T10:09:32.949534
13,757,0.03021499142050743,2026-05-18T10:09:33.012993
13,758,0.02565174177289009,2026-05-18T10:09:33.077273
13,759,0.026632577180862427,2026-05-18T10:09:33.141405
13,760,0.02612776681780815,2026-05-18T10:09:33.719029
13,761,0.02251911722123623,2026-05-18T10:09:33.780037
13,762,0.027853749692440033,2026-05-18T10:09:33.842657
13,763,0.025956615805625916,2026-05-18T10:09:33.906135
13,764,0.03383040800690651,2026-05-18T10:09:34.523794
13,765,0.025780441239476204,2026-05-18T10:09:34.585714
13,766,0.0260037612169981,2026-05-18T10:09:34.650338
13,767,0.027735810726881027,2026-05-18T10:09:34.715242
13,768,0.03187163546681404,2026-05-18T10:09:35.193795
13,769,0.02528994344174862,2026-05-18T10:09:35.372708
13,770,0.026689928025007248,2026-05-18T10:09:35.437796
13,771,0.0270809605717659,2026-05-18T10:09:35.503650
13,772,0.025072988122701645,2026-05-18T10:09:36.045622
13,773,0.02609618753194809,2026-05-18T10:09:36.222063
13,774,0.026581866666674614,2026-05-18T10:09:36.328515
13,775,0.03375794366002083,2026-05-18T10:09:36.392742
13,776,0.025419553741812706,2026-05-18T10:09:36.957064
13,777,0.0250328928232193,2026-05-18T10:09:37.086784
13,778,0.029119456186890602,2026-05-18T10:09:37.149661
13,779,0.02797739952802658,2026-05-18T10:09:37.212994
13,780,0.029401205480098724,2026-05-18T10:09:37.589333
13,781,0.024141212925314903,2026-05-18T10:09:38.048587
13,782,0.025043142959475517,2026-05-18T10:09:38.110033
13,783,0.023721473291516304,2026-05-18T10:09:38.173129
13,784,0.02602323889732361,2026-05-18T10:09:38.382146
13,785,0.02710467018187046,2026-05-18T10:09:38.848603
13,786,0.025890838354825974,2026-05-18T10:09:38.911510
13,787,0.026354370638728142,2026-05-18T10:09:38.974966
13,788,0.02842920459806919,2026-05-18T10:09:39.213947
13,789,0.025288019329309464,2026-05-18T10:09:39.571161
13,790,0.025507858023047447,2026-05-18T10:09:39.632347
13,791,0.025942448526620865,2026-05-18T10:09:39.696183
13,792,0.026572173461318016,2026-05-18T10:09:40.051748
13,793,0.025584524497389793,2026-05-18T10:09:40.356226
13,794,0.025517772883176804,2026-05-18T10:09:40.420975
13,795,0.029961135238409042,2026-05-18T10:09:40.484110
13,796,0.025658629834651947,2026-05-18T10:09:40.841809
13,797,0.02792571671307087,2026-05-18T10:09:41.222404
13,798,0.02578313648700714,2026-05-18T10:09:41.284000
13,799,0.024095356464385986,2026-05-18T10:09:41.347634
13,800,0.026078246533870697,2026-05-18T10:09:41.701651
13,801,0.029284024611115456,2026-05-18T10:09:42.075737
13,802,0.025889253243803978,2026-05-18T10:09:42.136801
13,803,0.025301050394773483,2026-05-18T10:09:42.199690
13,804,0.03350665420293808,2026-05-18T10:09:42.590257
13,805,0.028046291321516037,2026-05-18T10:09:42.893447
13,806,0.028449658304452896,2026-05-18T10:09:42.954991
13,807,0.026779869571328163,2026-05-18T10:09:43.017355
13,808,0.024122852832078934,2026-05-18T10:09:43.392238
13,809,0.03833184763789177,2026-05-18T10:09:43.691156
13,810,0.025638263672590256,2026-05-18T10:09:43.752596
13,811,0.024601321667432785,2026-05-18T10:09:43.814628
13,812,0.028315121307969093,2026-05-18T10:09:44.151678
13,813,0.026667680591344833,2026-05-18T10:09:44.564234
13,814,0.02523912489414215,2026-05-18T10:09:44.625514
13,815,0.028852231800556183,2026-05-18T10:09:44.688335
13,816,0.029636580497026443,2026-05-18T10:09:44.823740
13,817,0.024695230647921562,2026-05-18T10:09:45.261744
13,818,0.030933083966374397,2026-05-18T10:09:45.323219
13,819,0.032938648015260696,2026-05-18T10:09:45.386243
13,820,0.027470920234918594,2026-05-18T10:09:45.592487
13,821,0.025507429614663124,2026-05-18T10:09:45.937628
13,822,0.028687801212072372,2026-05-18T10:09:45.999217
13,823,0.025748202577233315,2026-05-18T10:09:46.061210
13,824,0.028491133823990822,2026-05-18T10:09:46.363545
13,825,0.029201526194810867,2026-05-18T10:09:46.806519
13,826,0.026772014796733856,2026-05-18T10:09:46.868790
13,827,0.02423265017569065,2026-05-18T10:09:46.931751
13,828,0.03100448288023472,2026-05-18T10:09:47.271497
13,829,0.02639000304043293,2026-05-18T10:09:47.559947
13,830,0.025595180690288544,2026-05-18T10:09:47.621154
13,831,0.02568097412586212,2026-05-18T10:09:47.684285
13,832,0.026402482762932777,2026-05-18T10:09:48.075465
13,833,0.026917966082692146,2026-05-18T10:09:48.424933
13,834,0.02492584101855755,2026-05-18T10:09:48.485898
13,835,0.02598624862730503,2026-05-18T10:09:48.548009
13,836,0.028065698221325874,2026-05-18T10:09:48.941147
13,837,0.025356631726026535,2026-05-18T10:09:49.329075
13,838,0.026400698348879814,2026-05-18T10:09:49.390986
13,839,0.023717204108834267,2026-05-18T10:09:49.454016
13,840,0.029200417920947075,2026-05-18T10:09:49.857851
13,841,0.024527419358491898,2026-05-18T10:09:50.132972
13,842,0.023973893374204636,2026-05-18T10:09:50.194395
13,843,0.029927901923656464,2026-05-18T10:09:50.256917
13,844,0.02669135481119156,2026-05-18T10:09:50.710047
13,845,0.025086412206292152,2026-05-18T10:09:50.869586
13,846,0.029321718961000443,2026-05-18T10:09:50.930449
13,847,0.02623060531914234,2026-05-18T10:09:50.992608
13,848,0.025270814076066017,2026-05-18T10:09:51.567476
13,849,0.02418948896229267,2026-05-18T10:09:51.779453
13,850,0.028255093842744827,2026-05-18T10:09:51.840760
13,851,0.02521372027695179,2026-05-18T10:09:51.902799
13,852,0.026400551199913025,2026-05-18T10:09:52.398858
13,853,0.026667391881346703,2026-05-18T10:09:52.491283
13,854,0.02469625324010849,2026-05-18T10:09:52.551593
13,855,0.034130219370126724,2026-05-18T10:09:52.613752
13,856,0.023571932688355446,2026-05-18T10:09:53.186239
13,857,0.024572741240262985,2026-05-18T10:09:53.248323
13,858,0.025929709896445274,2026-05-18T10:09:53.313175
13,859,0.029814863577485085,2026-05-18T10:09:53.375658
13,860,0.024223364889621735,2026-05-18T10:09:53.938621
13,861,0.030019769445061684,2026-05-18T10:09:54.078395
13,862,0.026611046865582466,2026-05-18T10:09:54.143057
13,863,0.025915443897247314,2026-05-18T10:09:54.206896
13,864,0.027340760454535484,2026-05-18T10:09:54.855911
13,865,0.02390294335782528,2026-05-18T10:09:54.920422
13,866,0.02627810835838318,2026-05-18T10:09:54.985537
13,867,0.0293036587536335,2026-05-18T10:09:55.051713
13,868,0.02950434572994709,2026-05-18T10:09:55.569521
13,869,0.02909591607749462,2026-05-18T10:09:55.648062
13,870,0.024789273738861084,2026-05-18T10:09:55.709772
13,871,0.02781524509191513,2026-05-18T10:09:55.773630
13,872,0.028605878353118896,2026-05-18T10:09:56.338803
13,873,0.027081068605184555,2026-05-18T10:09:56.551960
13,874,0.029489118605852127,2026-05-18T10:09:56.666736
13,875,0.025275662541389465,2026-05-18T10:09:56.730953
13,876,0.0328107513487339,2026-05-18T10:09:57.179392
13,877,0.027019398286938667,2026-05-18T10:09:57.475810
13,878,0.027019774541258812,2026-05-18T10:09:57.538375
13,879,0.0371117889881134,2026-05-18T10:09:57.602231
13,880,0.024641448631882668,2026-05-18T10:09:58.182269
13,881,0.031063664704561234,2026-05-18T10:09:58.517657
13,882,0.02565203420817852,2026-05-18T10:09:58.580425
13,883,0.026164406910538673,2026-05-18T10:09:58.644844
13,884,0.02850612811744213,2026-05-18T10:09:58.948941
13,885,0.026408780366182327,2026-05-18T10:09:59.233799
13,886,0.02627922222018242,2026-05-18T10:09:59.295210
13,887,0.02627667970955372,2026-05-18T10:09:59.357819
13,888,0.025527099147439003,2026-05-18T10:09:59.697787
13,889,0.02599247358739376,2026-05-18T10:10:00.048818
13,890,0.025705581530928612,2026-05-18T10:10:00.109454
13,891,0.027495823800563812,2026-05-18T10:10:00.172225
13,892,0.028178147971630096,2026-05-18T10:10:00.474230
13,893,0.025312276557087898,2026-05-18T10:10:00.971384
13,894,0.029939088970422745,2026-05-18T10:10:01.036368
13,895,0.025834422558546066,2026-05-18T10:10:01.100355
13,896,0.025829678401350975,2026-05-18T10:10:01.296873
13,897,0.026118671521544456,2026-05-18T10:10:01.892640
13,898,0.026106195524334908,2026-05-18T10:10:01.955770
13,899,0.024038556963205338,2026-05-18T10:10:02.017889
13,900,0.02736998349428177,2026-05-18T10:10:02.219161
13,901,0.030963800847530365,2026-05-18T10:10:02.811132
13,902,0.024835897609591484,2026-05-18T10:10:02.874241
13,903,0.026572108268737793,2026-05-18T10:10:02.939660
13,904,0.031515683978796005,2026-05-18T10:10:03.004979
13,905,0.028437454253435135,2026-05-18T10:10:03.652761
13,906,0.026699479669332504,2026-05-18T10:10:03.714734
13,907,0.03155294805765152,2026-05-18T10:10:03.776769
13,908,0.02501990832388401,2026-05-18T10:10:03.841624
13,909,0.02401377260684967,2026-05-18T10:10:04.552639
13,910,0.02711692824959755,2026-05-18T10:10:04.617194
13,911,0.028534067794680595,2026-05-18T10:10:04.681730
13,912,0.028445491567254066,2026-05-18T10:10:04.748376
13,913,0.029984407126903534,2026-05-18T10:10:05.369137
13,914,0.029441112652420998,2026-05-18T10:10:05.430308
13,915,0.021595902740955353,2026-05-18T10:10:05.495316
13,916,0.02430044114589691,2026-05-18T10:10:05.561224
13,917,0.025598794221878052,2026-05-18T10:10:06.460493
13,918,0.025913488119840622,2026-05-18T10:10:06.527130
13,919,0.02574138343334198,2026-05-18T10:10:06.593651
13,920,0.031937066465616226,2026-05-18T10:10:06.660167
13,921,0.02838866226375103,2026-05-18T10:10:07.591962
13,922,0.02610751986503601,2026-05-18T10:10:07.657718
13,923,0.02258121967315674,2026-05-18T10:10:07.720417
13,924,0.03441239520907402,2026-05-18T10:10:07.845674
13,925,0.02929503098130226,2026-05-18T10:10:08.639042
13,926,0.026849770918488503,2026-05-18T10:10:08.702542
13,927,0.02517981082201004,2026-05-18T10:10:08.767543
13,928,0.026336967945098877,2026-05-18T10:10:08.831412
13,929,0.026659710332751274,2026-05-18T10:10:09.655852
13,930,0.025810107588768005,2026-05-18T10:10:09.718889
13,931,0.026152947917580605,2026-05-18T10:10:09.784213
13,932,0.025849025696516037,2026-05-18T10:10:09.853829
13,933,0.03034118004143238,2026-05-18T10:10:10.649223
13,934,0.029263872653245926,2026-05-18T10:10:10.715439
13,935,0.028276871889829636,2026-05-18T10:10:10.779866
13,936,0.02526610530912876,2026-05-18T10:10:10.843845
13,937,0.02748865634202957,2026-05-18T10:10:11.447709
13,938,0.026410384103655815,2026-05-18T10:10:11.512485
13,939,0.029131654649972916,2026-05-18T10:10:11.577268
13,940,0.030287425965070724,2026-05-18T10:10:11.641249
13,941,0.02937828190624714,2026-05-18T10:10:12.091312
13,942,0.02723248116672039,2026-05-18T10:10:12.151159
13,943,0.025405069813132286,2026-05-18T10:10:12.213689
13,944,0.026944447308778763,2026-05-18T10:10:12.276306
13,945,0.02978653274476528,2026-05-18T10:10:12.863907
13,946,0.02980780228972435,2026-05-18T10:10:12.303609
13,947,0.026170920580625534,2026-05-18T10:10:12.374040
13,948,0.026285609230399132,2026-05-18T10:10:12.443924
13,949,0.027209913358092308,2026-05-18T10:10:13.277373
13,950,0.029027266427874565,2026-05-18T10:10:13.342063
13,951,0.02845091000199318,2026-05-18T10:10:13.407843
13,952,0.029160909354686737,2026-05-18T10:10:13.473627
13,953,0.02997157722711563,2026-05-18T10:10:14.209907
13,954,0.030892357230186462,2026-05-18T10:10:14.272561
13,955,0.02492191083729267,2026-05-18T10:10:14.337155
13,956,0.027903147041797638,2026-05-18T10:10:14.400557
13,957,0.026190845295786858,2026-05-18T10:10:15.060985
13,958,0.028754977509379387,2026-05-18T10:10:15.124783
13,959,0.032109279185533524,2026-05-18T10:10:15.189947
13,960,0.026413703337311745,2026-05-18T10:10:15.255096
13,961,0.028108647093176842,2026-05-18T10:10:16.027286
13,962,0.025066973641514778,2026-05-18T10:10:16.091036
13,963,0.023886479437351227,2026-05-18T10:10:16.154646
13,964,0.030080918222665787,2026-05-18T10:10:16.218091
13,965,0.02494213357567787,2026-05-18T10:10:16.977306
13,966,0.0265654344111681,2026-05-18T10:10:17.041831
13,967,0.028172897174954414,2026-05-18T10:10:17.105738
13,968,0.026752058416604996,2026-05-18T10:10:17.167116
13,969,0.027755245566368103,2026-05-18T10:10:17.798638
13,970,0.029146680608391762,2026-05-18T10:10:17.864792
13,971,0.026072202250361443,2026-05-18T10:10:17.929571
13,972,0.03148205950856209,2026-05-18T10:10:17.994559
13,973,0.026158908382058144,2026-05-18T10:10:18.693309
13,974,0.0263997670263052,2026-05-18T10:10:18.817447
13,975,0.03003322333097458,2026-05-18T10:10:18.879010
13,976,0.026660291478037834,2026-05-18T10:10:18.941507
13,977,0.02828269824385643,2026-05-18T10:10:19.537903
13,978,0.02917315997183323,2026-05-18T10:10:19.601651
13,979,0.027100028470158577,2026-05-18T10:10:19.667984
13,980,0.027028430253267288,2026-05-18T10:10:19.733246
13,981,0.024083830416202545,2026-05-18T10:10:20.641444
13,982,0.025030143558979034,2026-05-18T10:10:20.708030
13,983,0.03054635412991047,2026-05-18T10:10:20.780220
13,984,0.029645884409546852,2026-05-18T10:10:20.847156
13,985,0.030266808345913887,2026-05-18T10:10:21.742169
13,986,0.028221074491739273,2026-05-18T10:10:21.806531
13,987,0.030315551906824112,2026-05-18T10:10:21.875448
13,988,0.025641707703471184,2026-05-18T10:10:21.942112
13,989,0.02718711830675602,2026-05-18T10:10:22.682801
13,990,0.02630501613020897,2026-05-18T10:10:22.745408
13,991,0.029397152364253998,2026-05-18T10:10:22.813041
13,992,0.03284582123160362,2026-05-18T10:10:22.879131
13,993,0.026531629264354706,2026-05-18T10:10:23.561311
13,994,0.026065969839692116,2026-05-18T10:10:23.625891
13,995,0.024275338277220726,2026-05-18T10:10:23.688278
13,996,0.0270034521818161,2026-05-18T10:10:23.759782
13,997,0.026428379118442535,2026-05-18T10:10:24.501543
13,998,0.02700396254658699,2026-05-18T10:10:24.566197
13,999,0.024616343900561333,2026-05-18T10:10:24.630076
13,1000,0.02488698810338974,2026-05-18T10:10:24.692344
13,1001,0.02791237086057663,2026-05-18T10:10:25.517342
13,1002,0.028465183451771736,2026-05-18T10:10:25.583285
13,1003,0.023894857615232468,2026-05-18T10:10:25.651101
13,1004,0.028965413570404053,2026-05-18T10:10:25.716154
13,1005,0.02640615962445736,2026-05-18T10:10:26.231808
13,1006,0.027067357674241066,2026-05-18T10:10:26.295785
13,1007,0.024640748277306557,2026-05-18T10:10:26.360110
13,1008,0.028197551146149635,2026-05-18T10:10:26.425482
13,1009,0.025045044720172882,2026-05-18T10:10:27.085926
13,1010,0.02602486126124859,2026-05-18T10:10:27.151178
13,1011,0.03185677155852318,2026-05-18T10:10:27.215118
13,1012,0.02954183891415596,2026-05-18T10:10:27.277745
13,1013,0.02423432096838951,2026-05-18T10:10:28.122695
13,1014,0.026741569861769676,2026-05-18T10:10:28.187769
13,1015,0.024170367047190666,2026-05-18T10:10:28.250974
13,1016,0.02719394490122795,2026-05-18T10:10:28.314160
13,1017,0.02785400114953518,2026-05-18T10:10:28.984977
13,1018,0.027038108557462692,2026-05-18T10:10:29.051043
13,1019,0.02496618777513504,2026-05-18T10:10:29.115590
13,1020,0.02447645552456379,2026-05-18T10:10:29.178721
13,1021,0.02445409819483757,2026-05-18T10:10:29.910389
13,1022,0.021971436217427254,2026-05-18T10:10:29.973898
13,1023,0.028343116864562035,2026-05-18T10:10:30.038625
13,1024,0.02715662680566311,2026-05-18T10:10:30.181453
13,1025,0.025903712958097458,2026-05-18T10:10:30.673815
13,1026,0.030872974544763565,2026-05-18T10:10:30.742563
13,1027,0.026393350213766098,2026-05-18T10:10:30.805746
13,1028,0.0280749574303627,2026-05-18T10:10:30.872068
13,1029,0.030359569936990738,2026-05-18T10:10:31.598752
13,1030,0.02355695515871048,2026-05-18T10:10:31.664666
13,1031,0.02745211496949196,2026-05-18T10:10:31.730884
13,1032,0.028470488265156746,2026-05-18T10:10:31.794572
13,1033,0.030688947066664696,2026-05-18T10:10:32.471229
13,1034,0.031727299094200134,2026-05-18T10:10:32.536838
13,1035,0.030447611585259438,2026-05-18T10:10:32.600031
13,1036,0.02802356891334057,2026-05-18T10:10:32.665853
13,1037,0.028331313282251358,2026-05-18T10:10:33.362698
13,1038,0.02799886092543602,2026-05-18T10:10:33.423137
13,1039,0.02829536609351635,2026-05-18T10:10:33.485033
13,1040,0.028167538344860077,2026-05-18T10:10:33.546121
13,1041,0.02682558447122574,2026-05-18T10:10:34.338259
13,1042,0.025742297992110252,2026-05-18T10:10:34.401862
13,1043,0.02493327669799328,2026-05-18T10:10:34.465691
13,1044,0.027720240876078606,2026-05-18T10:10:34.530156
13,1045,0.024913648143410683,2026-05-18T10:10:35.155484
13,1046,0.023767953738570213,2026-05-18T10:10:35.218867
13,1047,0.026433223858475685,2026-05-18T10:10:35.282831
13,1048,0.02485596016049385,2026-05-18T10:10:35.348428
13,1049,0.025999678298830986,2026-05-18T10:10:36.233754
13,1050,0.02854844368994236,2026-05-18T10:10:36.296068
13,1051,0.03064071387052536,2026-05-18T10:10:36.359920
13,1052,0.024343715980648994,2026-05-18T10:10:36.422532
13,1053,0.025549642741680145,2026-05-18T10:10:36.970731
13,1054,0.027327416464686394,2026-05-18T10:10:37.032670
13,1055,0.026124486699700356,2026-05-18T10:10:37.093238
13,1056,0.025782085955142975,2026-05-18T10:10:37.158794
13,1057,0.026332516223192215,2026-05-18T10:10:37.793333
13,1058,0.02715357020497322,2026-05-18T10:10:37.857659
13,1059,0.03161203861236572,2026-05-18T10:10:37.921839
13,1060,0.030119922012090683,2026-05-18T10:10:37.988389
13,1061,0.026593180373311043,2026-05-18T10:10:38.697382
13,1062,0.02951895259320736,2026-05-18T10:10:38.757110
13,1063,0.029314499348402023,2026-05-18T10:10:38.818655
13,1064,0.02947954833507538,2026-05-18T10:10:38.880459
13,1065,0.02579258754849434,2026-05-18T10:10:39.670273
13,1066,0.025164106860756874,2026-05-18T10:10:39.734442
13,1067,0.02501075342297554,2026-05-18T10:10:39.800125
13,1068,0.028262143954634666,2026-05-18T10:10:39.864041
13,1069,0.028300544247031212,2026-05-18T10:10:40.450577
13,1070,0.025116929784417152,2026-05-18T10:10:40.512594
13,1071,0.027119847014546394,2026-05-18T10:10:40.578072
13,1072,0.030526407063007355,2026-05-18T10:10:40.640350
13,1073,0.03355250507593155,2026-05-18T10:10:41.261206
13,1074,0.026753675192594528,2026-05-18T10:10:41.398920
13,1075,0.027265876531600952,2026-05-18T10:10:41.467383
13,1076,0.030429063364863396,2026-05-18T10:10:41.532569
13,1077,0.02759905718266964,2026-05-18T10:10:42.214526
13,1078,0.02412513829767704,2026-05-18T10:10:42.278459
13,1079,0.025033272802829742,2026-05-18T10:10:42.341402
13,1080,0.024457992985844612,2026-05-18T10:10:42.404515
13,1081,0.02950838766992092,2026-05-18T10:10:42.955733
13,1082,0.027027009055018425,2026-05-18T10:10:43.016249
13,1083,0.033376485109329224,2026-05-18T10:10:43.080744
13,1084,0.027160607278347015,2026-05-18T10:10:43.142437
13,1085,0.024429598823189735,2026-05-18T10:10:43.965130
13,1086,0.026707155629992485,2026-05-18T10:10:44.028243
13,1087,0.02960299327969551,2026-05-18T10:10:44.093912
13,1088,0.027741512283682823,2026-05-18T10:10:44.160796
13,1089,0.02903446927666664,2026-05-18T10:10:44.933089
13,1090,0.028442926704883575,2026-05-18T10:10:44.999193
13,1091,0.02755633182823658,2026-05-18T10:10:45.063063
13,1092,0.02674148604273796,2026-05-18T10:10:45.125707
13,1093,0.022882752120494843,2026-05-18T10:10:45.883834
13,1094,0.026880832388997078,2026-05-18T10:10:45.945158
13,1095,0.027362151071429253,2026-05-18T10:10:46.008494
13,1096,0.030098790302872658,2026-05-18T10:10:46.073447
13,1097,0.030231337994337082,2026-05-18T10:10:46.787370
13,1098,0.02561851218342781,2026-05-18T10:10:46.850233
13,1099,0.028582250699400902,2026-05-18T10:10:46.916170
13,1100,0.02854081802070141,2026-05-18T10:10:46.981015
13,1101,0.025258395820856094,2026-05-18T10:10:47.659863
13,1102,0.030601462349295616,2026-05-18T10:10:47.723639
13,1103,0.02490595169365406,2026-05-18T10:10:47.794750
13,1104,0.02792992629110813,2026-05-18T10:10:47.856661
13,1105,0.024437492713332176,2026-05-18T10:10:48.624627
13,1106,0.03247940167784691,2026-05-18T10:10:48.687803
13,1107,0.031033264473080635,2026-05-18T10:10:48.751145
13,1108,0.028389928862452507,2026-05-18T10:10:48.815324
13,1109,0.0253856610506773,2026-05-18T10:10:49.436644
13,1110,0.030978791415691376,2026-05-18T10:10:49.496640
13,1111,0.03087623044848442,2026-05-18T10:10:49.567210
13,1112,0.02609916776418686,2026-05-18T10:10:49.631706
13,1113,0.026107413694262505,2026-05-18T10:10:50.329883
13,1114,0.025422900915145874,2026-05-18T10:10:50.393624
13,1115,0.024478957056999207,2026-05-18T10:10:50.455650
13,1116,0.026175519451498985,2026-05-18T10:10:50.518051
13,1117,0.025415893644094467,2026-05-18T10:10:51.311775
13,1118,0.024783127009868622,2026-05-18T10:10:51.376031
13,1119,0.02770901657640934,2026-05-18T10:10:51.440035
13,1120,0.027347132563591003,2026-05-18T10:10:51.503616
13,1121,0.026709580793976784,2026-05-18T10:10:52.159022
13,1122,0.024035047739744186,2026-05-18T10:10:52.218744
13,1123,0.02455562725663185,2026-05-18T10:10:52.280507
13,1124,0.0270079392939806,2026-05-18T10:10:52.433405
13,1125,0.02618870511651039,2026-05-18T10:10:52.968083
13,1126,0.02857881784439087,2026-05-18T10:10:53.027592
13,1127,0.03125879541039467,2026-05-18T10:10:53.089332
13,1128,0.02803327701985836,2026-05-18T10:10:53.150448
13,1129,0.026018796488642693,2026-05-18T10:10:53.766705
13,1130,0.02460670843720436,2026-05-18T10:10:53.829963
13,1131,0.0236448273062706,2026-05-18T10:10:53.892958
13,1132,0.027442285791039467,2026-05-18T10:10:53.956576
13,1133,0.02588004246354103,2026-05-18T10:10:54.541742
13,1134,0.02604389376938343,2026-05-18T10:10:54.600830
13,1135,0.02356084994971752,2026-05-18T10:10:54.661942
13,1136,0.023498956114053726,2026-05-18T10:10:54.767971
13,1137,0.026094188913702965,2026-05-18T10:10:55.384497
13,1138,0.02600262314081192,2026-05-18T10:10:55.447742
13,1139,0.02453458495438099,2026-05-18T10:10:55.512882
13,1140,0.027375373989343643,2026-05-18T10:10:55.592310
13,1141,0.02451322413980961,2026-05-18T10:10:56.203657
13,1142,0.026279516518115997,2026-05-18T10:10:56.262488
13,1143,0.02617616020143032,2026-05-18T10:10:56.399549
13,1144,0.028766870498657227,2026-05-18T10:10:56.461379
13,1145,0.02462923899292946,2026-05-18T10:10:56.935007
13,1146,0.026499930769205093,2026-05-18T10:10:56.993571
13,1147,0.026168348267674446,2026-05-18T10:10:57.364656
14,0,0.025892866775393486,2026-05-18T10:11:04.605499
14,1,0.0274670273065567,2026-05-18T10:11:04.760805
14,2,0.027029914781451225,2026-05-18T10:11:04.836317
14,3,0.028305821120738983,2026-05-18T10:11:04.908563
14,4,0.026262307539582253,2026-05-18T10:11:05.236163
14,5,0.02572539448738098,2026-05-18T10:11:05.297101
14,6,0.02597583644092083,2026-05-18T10:11:05.359551
14,7,0.028130605816841125,2026-05-18T10:11:05.422207
14,8,0.024895066395401955,2026-05-18T10:11:06.095172
14,9,0.029385292902588844,2026-05-18T10:11:06.215681
14,10,0.02637866884469986,2026-05-18T10:11:06.280516
14,11,0.025431621819734573,2026-05-18T10:11:06.345689
14,12,0.031327985227108,2026-05-18T10:11:07.064315
14,13,0.026458317413926125,2026-05-18T10:11:07.134282
14,14,0.0308985635638237,2026-05-18T10:11:07.200978
14,15,0.029299357905983925,2026-05-18T10:11:07.268523
14,16,0.026514148339629173,2026-05-18T10:11:07.927002
14,17,0.027497516945004463,2026-05-18T10:11:07.991525
14,18,0.02426746115088463,2026-05-18T10:11:08.057708
14,19,0.03398064523935318,2026-05-18T10:11:08.123395
14,20,0.026075756177306175,2026-05-18T10:11:08.813285
14,21,0.02794584631919861,2026-05-18T10:11:08.875215
14,22,0.02569052390754223,2026-05-18T10:11:08.940863
14,23,0.02658589743077755,2026-05-18T10:11:09.003979
14,24,0.026689009740948677,2026-05-18T10:11:09.765490
14,25,0.02600981295108795,2026-05-18T10:11:09.829549
14,26,0.02689512073993683,2026-05-18T10:11:09.965240
14,27,0.028162570670247078,2026-05-18T10:11:10.028616
14,28,0.028644315898418427,2026-05-18T10:11:10.969662
14,29,0.02709721028804779,2026-05-18T10:11:11.032776
14,30,0.030795227736234665,2026-05-18T10:11:11.096702
14,31,0.025815308094024658,2026-05-18T10:11:11.160722
14,32,0.027433820068836212,2026-05-18T10:11:11.771814
14,33,0.031001877039670944,2026-05-18T10:11:11.837677
14,34,0.034005533903837204,2026-05-18T10:11:11.905615
14,35,0.025442849844694138,2026-05-18T10:11:11.970867
14,36,0.027450567111372948,2026-05-18T10:11:12.484902
14,37,0.02852916531264782,2026-05-18T10:11:12.545656
14,38,0.029501797631382942,2026-05-18T10:11:12.608349
14,39,0.027479836717247963,2026-05-18T10:11:12.673068
14,40,0.02440718747675419,2026-05-18T10:11:13.420331
14,41,0.027651531621813774,2026-05-18T10:11:13.483417
14,42,0.03621665760874748,2026-05-18T10:11:13.547975
14,43,0.03053130954504013,2026-05-18T10:11:13.612096
14,44,0.02342972904443741,2026-05-18T10:11:14.262954
14,45,0.0237878505140543,2026-05-18T10:11:14.327764
14,46,0.025219257920980453,2026-05-18T10:11:14.393298
14,47,0.02635209634900093,2026-05-18T10:11:14.457614
14,48,0.025095732882618904,2026-05-18T10:11:14.944398
14,49,0.025283822789788246,2026-05-18T10:11:15.004895
14,50,0.02475390024483204,2026-05-18T10:11:15.067236
14,51,0.027270345017313957,2026-05-18T10:11:15.131767
14,52,0.02742549031972885,2026-05-18T10:11:15.817808
14,53,0.026147358119487762,2026-05-18T10:11:15.885759
14,54,0.02471039444208145,2026-05-18T10:11:15.951737
14,55,0.029476167634129524,2026-05-18T10:11:16.018429
14,56,0.028609460219740868,2026-05-18T10:11:16.947397
14,57,0.02563338354229927,2026-05-18T10:11:17.011529
14,58,0.027497131377458572,2026-05-18T10:11:17.077559
14,59,0.029953546822071075,2026-05-18T10:11:17.141796
14,60,0.027496397495269775,2026-05-18T10:11:17.244180
14,61,0.026283595710992813,2026-05-18T10:11:17.307348
14,62,0.02847418002784252,2026-05-18T10:11:17.371214
14,63,0.028679385781288147,2026-05-18T10:11:17.438437
14,64,0.02743162028491497,2026-05-18T10:11:18.244058
14,65,0.03267700970172882,2026-05-18T10:11:18.306762
14,66,0.028917500749230385,2026-05-18T10:11:18.369629
14,67,0.025826470926404,2026-05-18T10:11:18.433289
14,68,0.026511788368225098,2026-05-18T10:11:19.006068
14,69,0.023550212383270264,2026-05-18T10:11:19.066549
14,70,0.026949569582939148,2026-05-18T10:11:19.130483
14,71,0.026923315599560738,2026-05-18T10:11:19.192166
14,72,0.027089186012744904,2026-05-18T10:11:19.766794
14,73,0.02353021129965782,2026-05-18T10:11:19.826967
14,74,0.025833209976553917,2026-05-18T10:11:19.902782
14,75,0.024948451668024063,2026-05-18T10:11:19.966440
14,76,0.027348799630999565,2026-05-18T10:11:20.718668
14,77,0.02592066116631031,2026-05-18T10:11:20.782400
14,78,0.025142421945929527,2026-05-18T10:11:20.895034
14,79,0.025284605100750923,2026-05-18T10:11:20.961292
14,80,0.027399638667702675,2026-05-18T10:11:21.773020
14,81,0.02792654000222683,2026-05-18T10:11:21.837092
14,82,0.026190748438239098,2026-05-18T10:11:21.904759
14,83,0.02483825758099556,2026-05-18T10:11:21.975169
14,84,0.024402905255556107,2026-05-18T10:11:22.739832
14,85,0.026858601719141006,2026-05-18T10:11:22.806960
14,86,0.027489125728607178,2026-05-18T10:11:22.871108
14,87,0.02623632550239563,2026-05-18T10:11:22.936362
14,88,0.025115765631198883,2026-05-18T10:11:23.531952
14,89,0.027619482949376106,2026-05-18T10:11:23.593479
14,90,0.023831894621253014,2026-05-18T10:11:23.657601
14,91,0.023646874353289604,2026-05-18T10:11:23.719419
14,92,0.02793610468506813,2026-05-18T10:11:24.382546
14,93,0.03056424669921398,2026-05-18T10:11:24.447022
14,94,0.02654484286904335,2026-05-18T10:11:24.510625
14,95,0.028754455968737602,2026-05-18T10:11:24.578546
14,96,0.02443885989487171,2026-05-18T10:11:25.190294
14,97,0.030559813603758812,2026-05-18T10:11:25.251697
14,98,0.02756236307322979,2026-05-18T10:11:25.314561
14,99,0.027449438348412514,2026-05-18T10:11:25.377656
14,100,0.024420740082859993,2026-05-18T10:11:25.992740
14,101,0.02716856077313423,2026-05-18T10:11:26.056016
14,102,0.02809854783117771,2026-05-18T10:11:26.128268
14,103,0.024617526680231094,2026-05-18T10:11:26.191326
14,104,0.023735450580716133,2026-05-18T10:11:26.927680
14,105,0.024836979806423187,2026-05-18T10:11:26.988052
14,106,0.02555030956864357,2026-05-18T10:11:27.051486
14,107,0.029904020950198174,2026-05-18T10:11:27.113312
14,108,0.027054257690906525,2026-05-18T10:11:27.678200
14,109,0.024433353915810585,2026-05-18T10:11:27.742995
14,110,0.03074701689183712,2026-05-18T10:11:27.808824
14,111,0.029425783082842827,2026-05-18T10:11:27.871240
14,112,0.03060140460729599,2026-05-18T10:11:28.510896
14,113,0.0238462183624506,2026-05-18T10:11:28.575531
14,114,0.028612973168492317,2026-05-18T10:11:28.640255
14,115,0.029527848586440086,2026-05-18T10:11:28.705321
14,116,0.02916056476533413,2026-05-18T10:11:29.306391
14,117,0.025250516831874847,2026-05-18T10:11:29.367611
14,118,0.026840412989258766,2026-05-18T10:11:29.432906
14,119,0.02501703053712845,2026-05-18T10:11:29.494743
14,120,0.027969952672719955,2026-05-18T10:11:30.176455
14,121,0.025036796927452087,2026-05-18T10:11:30.242011
14,122,0.026029368862509727,2026-05-18T10:11:30.305992
14,123,0.024193016812205315,2026-05-18T10:11:30.373305
14,124,0.023968074470758438,2026-05-18T10:11:31.104283
14,125,0.028219986706972122,2026-05-18T10:11:31.167641
14,126,0.024817006662487984,2026-05-18T10:11:31.284366
14,127,0.027452653273940086,2026-05-18T10:11:31.350104
14,128,0.03275100514292717,2026-05-18T10:11:31.900323
14,129,0.027284177020192146,2026-05-18T10:11:31.963718
14,130,0.025912852957844734,2026-05-18T10:11:32.024831
14,131,0.025241496041417122,2026-05-18T10:11:32.089659
14,132,0.027020219713449478,2026-05-18T10:11:32.671378
14,133,0.02770264819264412,2026-05-18T10:11:32.735599
14,134,0.025914568454027176,2026-05-18T10:11:32.804189
14,135,0.028996102511882782,2026-05-18T10:11:32.868597
14,136,0.025948375463485718,2026-05-18T10:11:33.700019
14,137,0.0250390712171793,2026-05-18T10:11:33.764281
14,138,0.027433542534708977,2026-05-18T10:11:33.829196
14,139,0.02490725927054882,2026-05-18T10:11:33.893349
14,140,0.026892397552728653,2026-05-18T10:11:34.605932
14,141,0.027178917080163956,2026-05-18T10:11:34.669934
14,142,0.02494281530380249,2026-05-18T10:11:34.734449
14,143,0.026459435001015663,2026-05-18T10:11:34.798488
14,144,0.026958052068948746,2026-05-18T10:11:35.481769
14,145,0.028549453243613243,2026-05-18T10:11:35.545577
14,146,0.023424679413437843,2026-05-18T10:11:35.610102
14,147,0.026521118357777596,2026-05-18T10:11:35.676438
14,148,0.028940916061401367,2026-05-18T10:11:36.464601
14,149,0.026769941672682762,2026-05-18T10:11:36.528065
14,150,0.022734979167580605,2026-05-18T10:11:36.591348
14,151,0.023522062227129936,2026-05-18T10:11:36.655720
14,152,0.028152044862508774,2026-05-18T10:11:37.172324
14,153,0.03142643719911575,2026-05-18T10:11:37.237130
14,154,0.026792393997311592,2026-05-18T10:11:37.300568
14,155,0.027375925332307816,2026-05-18T10:11:37.363266
14,156,0.026335541158914566,2026-05-18T10:11:38.028411
14,157,0.029189012944698334,2026-05-18T10:11:38.090658
14,158,0.026189615949988365,2026-05-18T10:11:38.153381
14,159,0.02815760299563408,2026-05-18T10:11:38.218842
14,160,0.024631187319755554,2026-05-18T10:11:38.952159
14,161,0.027164334431290627,2026-05-18T10:11:39.018193
14,162,0.026991160586476326,2026-05-18T10:11:39.082131
14,163,0.02348317950963974,2026-05-18T10:11:39.145420
14,164,0.025608621537685394,2026-05-18T10:11:39.654781
14,165,0.024239782243967056,2026-05-18T10:11:39.717994
14,166,0.028285399079322815,2026-05-18T10:11:39.781094
14,167,0.027335623279213905,2026-05-18T10:11:39.844556
14,168,0.028258390724658966,2026-05-18T10:11:40.543710
14,169,0.024092478677630424,2026-05-18T10:11:40.607563
14,170,0.02960781566798687,2026-05-18T10:11:40.673498
14,171,0.025495219975709915,2026-05-18T10:11:40.737826
14,172,0.023722069337964058,2026-05-18T10:11:41.412706
14,173,0.027915935963392258,2026-05-18T10:11:41.480616
14,174,0.023403478786349297,2026-05-18T10:11:41.546410
14,175,0.02837803214788437,2026-05-18T10:11:41.610659
14,176,0.02651423215866089,2026-05-18T10:11:42.189137
14,177,0.026241201907396317,2026-05-18T10:11:42.249713
14,178,0.031010707840323448,2026-05-18T10:11:42.311691
14,179,0.028069503605365753,2026-05-18T10:11:42.374526
14,180,0.025969062000513077,2026-05-18T10:11:43.168772
14,181,0.02521667629480362,2026-05-18T10:11:43.233620
14,182,0.03267952427268028,2026-05-18T10:11:43.296947
14,183,0.027090637013316154,2026-05-18T10:11:43.360764
14,184,0.02576841413974762,2026-05-18T10:11:44.194788
14,185,0.024906707927584648,2026-05-18T10:11:44.259055
14,186,0.02952592447400093,2026-05-18T10:11:44.323567
14,187,0.024525577202439308,2026-05-18T10:11:44.387641
14,188,0.027750110253691673,2026-05-18T10:11:45.103092
14,189,0.026834342628717422,2026-05-18T10:11:45.166767
14,190,0.028850732371211052,2026-05-18T10:11:45.234272
14,191,0.029620172455906868,2026-05-18T10:11:45.299125
14,192,0.025272876024246216,2026-05-18T10:11:45.976198
14,193,0.026289695873856544,2026-05-18T10:11:46.040816
14,194,0.024731595069169998,2026-05-18T10:11:46.104810
14,195,0.023376494646072388,2026-05-18T10:11:46.169046
14,196,0.0286469254642725,2026-05-18T10:11:46.771773
14,197,0.02841646783053875,2026-05-18T10:11:46.833418
14,198,0.027287594974040985,2026-05-18T10:11:46.895055
14,199,0.02831953950226307,2026-05-18T10:11:46.961152
14,200,0.026098456233739853,2026-05-18T10:11:47.695282
14,201,0.02661304548382759,2026-05-18T10:11:47.757853
14,202,0.02711651660501957,2026-05-18T10:11:47.826075
14,203,0.027546068653464317,2026-05-18T10:11:47.889423
14,204,0.026401467621326447,2026-05-18T10:11:48.665547
14,205,0.030014637857675552,2026-05-18T10:11:48.730035
14,206,0.028777221217751503,2026-05-18T10:11:48.792740
14,207,0.02734440378844738,2026-05-18T10:11:48.856557
14,208,0.02998337894678116,2026-05-18T10:11:49.082455
14,209,0.026261474937200546,2026-05-18T10:11:49.143455
14,210,0.024925515055656433,2026-05-18T10:11:49.205954
14,211,0.025247324258089066,2026-05-18T10:11:49.268944
14,212,0.030878640711307526,2026-05-18T10:11:49.955884
14,213,0.029878508299589157,2026-05-18T10:11:50.020496
14,214,0.024577729403972626,2026-05-18T10:11:50.085364
14,215,0.027291439473628998,2026-05-18T10:11:50.148473
14,216,0.02641265280544758,2026-05-18T10:11:50.791391
14,217,0.02550886571407318,2026-05-18T10:11:50.852033
14,218,0.03257128596305847,2026-05-18T10:11:50.917194
14,219,0.027070458978414536,2026-05-18T10:11:50.979426
14,220,0.02430708520114422,2026-05-18T10:11:51.548869
14,221,0.02613549493253231,2026-05-18T10:11:51.609185
14,222,0.029982687905430794,2026-05-18T10:11:51.670761
14,223,0.02807222679257393,2026-05-18T10:11:51.732714
14,224,0.028877712786197662,2026-05-18T10:11:52.460182
14,225,0.024642672389745712,2026-05-18T10:11:52.524329
14,226,0.02824055217206478,2026-05-18T10:11:52.636273
14,227,0.02788195013999939,2026-05-18T10:11:52.700380
14,228,0.025403639301657677,2026-05-18T10:11:53.280122
14,229,0.0263837818056345,2026-05-18T10:11:53.344418
14,230,0.02914229966700077,2026-05-18T10:11:53.408896
14,231,0.02809007652103901,2026-05-18T10:11:53.473296
14,232,0.028031975030899048,2026-05-18T10:11:54.132677
14,233,0.02612471953034401,2026-05-18T10:11:54.195219
14,234,0.023786358535289764,2026-05-18T10:11:54.260922
14,235,0.03423793986439705,2026-05-18T10:11:54.323275
14,236,0.02549739181995392,2026-05-18T10:11:54.785578
14,237,0.026104846969246864,2026-05-18T10:11:54.846439
14,238,0.02402617037296295,2026-05-18T10:11:54.908124
14,239,0.02936437912285328,2026-05-18T10:11:54.969733
14,240,0.02765953540802002,2026-05-18T10:11:55.706893
14,241,0.0251710694283247,2026-05-18T10:11:55.769649
14,242,0.027612229809165,2026-05-18T10:11:55.835233
14,243,0.02466839738190174,2026-05-18T10:11:55.898073
14,244,0.02618783339858055,2026-05-18T10:11:56.647423
14,245,0.025478417053818703,2026-05-18T10:11:56.710941
14,246,0.033087242394685745,2026-05-18T10:11:56.775240
14,247,0.024062953889369965,2026-05-18T10:11:56.838580
14,248,0.023965949192643166,2026-05-18T10:11:57.507928
14,249,0.02850732021033764,2026-05-18T10:11:57.570243
14,250,0.026243003085255623,2026-05-18T10:11:57.634324
14,251,0.027661491185426712,2026-05-18T10:11:57.698634
14,252,0.02721756510436535,2026-05-18T10:11:58.327685
14,253,0.026006774976849556,2026-05-18T10:11:58.387384
14,254,0.024647612124681473,2026-05-18T10:11:58.452894
14,255,0.028361933305859566,2026-05-18T10:11:58.514061
14,256,0.02453610487282276,2026-05-18T10:11:59.146215
14,257,0.029497375711798668,2026-05-18T10:11:59.209227
14,258,0.035517338663339615,2026-05-18T10:11:59.272742
14,259,0.02949593774974346,2026-05-18T10:11:59.340374
14,260,0.024797823280096054,2026-05-18T10:11:59.982207
14,261,0.024289393797516823,2026-05-18T10:12:00.044105
14,262,0.028291620314121246,2026-05-18T10:12:00.107330
14,263,0.03171096742153168,2026-05-18T10:12:00.170448
14,264,0.026790697127580643,2026-05-18T10:12:00.827495
14,265,0.024003561586141586,2026-05-18T10:12:00.891120
14,266,0.02825073152780533,2026-05-18T10:12:00.955641
14,267,0.031078694388270378,2026-05-18T10:12:01.021198
14,268,0.026276731863617897,2026-05-18T10:12:01.655988
14,269,0.02661353349685669,2026-05-18T10:12:01.717248
14,270,0.02557801455259323,2026-05-18T10:12:01.779444
14,271,0.033324915915727615,2026-05-18T10:12:01.846400
14,272,0.03018445521593094,2026-05-18T10:12:02.474152
14,273,0.027070535346865654,2026-05-18T10:12:02.537339
14,274,0.024859780445694923,2026-05-18T10:12:02.601423
14,275,0.02900175005197525,2026-05-18T10:12:02.665150
14,276,0.029469408094882965,2026-05-18T10:12:03.342494
14,277,0.0293566957116127,2026-05-18T10:12:03.403082
14,278,0.02681807242333889,2026-05-18T10:12:03.465493
14,279,0.028385542333126068,2026-05-18T10:12:03.529374
14,280,0.02924514189362526,2026-05-18T10:12:04.218855
14,281,0.025757545605301857,2026-05-18T10:12:04.282486
14,282,0.026250606402754784,2026-05-18T10:12:04.345899
14,283,0.02578556165099144,2026-05-18T10:12:04.409890
14,284,0.026340359821915627,2026-05-18T10:12:05.003348
14,285,0.02887270785868168,2026-05-18T10:12:05.063956
14,286,0.026283061131834984,2026-05-18T10:12:05.126382
14,287,0.02745865099132061,2026-05-18T10:12:05.188876
14,288,0.03028080426156521,2026-05-18T10:12:05.881630
14,289,0.028243523091077805,2026-05-18T10:12:05.945153
14,290,0.02663516253232956,2026-05-18T10:12:06.011675
14,291,0.024784578010439873,2026-05-18T10:12:06.075783
14,292,0.027678512036800385,2026-05-18T10:12:06.760733
14,293,0.026578200981020927,2026-05-18T10:12:06.821319
14,294,0.025760319083929062,2026-05-18T10:12:06.883065
14,295,0.024894390255212784,2026-05-18T10:12:06.945513
14,296,0.0271992739289999,2026-05-18T10:12:07.749522
14,297,0.028225909918546677,2026-05-18T10:12:07.816293
14,298,0.025388244539499283,2026-05-18T10:12:07.879345
14,299,0.032234493643045425,2026-05-18T10:12:07.940787
14,300,0.03125234320759773,2026-05-18T10:12:08.656052
14,301,0.024030275642871857,2026-05-18T10:12:08.719955
14,302,0.028084028512239456,2026-05-18T10:12:08.784194
14,303,0.024878589436411858,2026-05-18T10:12:08.849207
14,304,0.02550049126148224,2026-05-18T10:12:09.382245
14,305,0.025717835873365402,2026-05-18T10:12:09.444150
14,306,0.023704025894403458,2026-05-18T10:12:09.508815
14,307,0.02668459713459015,2026-05-18T10:12:09.569589
14,308,0.02742006629705429,2026-05-18T10:12:10.204019
14,309,0.027725141495466232,2026-05-18T10:12:10.267548
14,310,0.03029029816389084,2026-05-18T10:12:10.333247
14,311,0.02653222158551216,2026-05-18T10:12:10.401595
14,312,0.031702861189842224,2026-05-18T10:12:11.307351
14,313,0.029155418276786804,2026-05-18T10:12:11.375713
14,314,0.024796197190880775,2026-05-18T10:12:11.440718
14,315,0.024024225771427155,2026-05-18T10:12:11.507436
14,316,0.02851821854710579,2026-05-18T10:12:12.376229
14,317,0.03167961165308952,2026-05-18T10:12:12.442195
14,318,0.02488069236278534,2026-05-18T10:12:12.507422
14,319,0.028593529015779495,2026-05-18T10:12:12.571881
14,320,0.03177427127957344,2026-05-18T10:12:13.234299
14,321,0.02844543755054474,2026-05-18T10:12:13.299965
14,322,0.028215564787387848,2026-05-18T10:12:13.369310
14,323,0.028215128928422928,2026-05-18T10:12:13.438475
14,324,0.027489369735121727,2026-05-18T10:12:14.444738
14,325,0.028213288635015488,2026-05-18T10:12:14.510755
14,326,0.02800849638879299,2026-05-18T10:12:14.630504
14,327,0.02786216326057911,2026-05-18T10:12:14.695138
14,328,0.025141717866063118,2026-05-18T10:12:15.480966
14,329,0.03365648165345192,2026-05-18T10:12:15.544269
14,330,0.02439805679023266,2026-05-18T10:12:15.610337
14,331,0.030072089284658432,2026-05-18T10:12:15.674682
14,332,0.024240674450993538,2026-05-18T10:12:16.257481
14,333,0.02712824195623398,2026-05-18T10:12:16.324381
14,334,0.02731792815029621,2026-05-18T10:12:16.388968
14,335,0.03493570536375046,2026-05-18T10:12:16.454109
14,336,0.027819735929369926,2026-05-18T10:12:17.157400
14,337,0.027022328227758408,2026-05-18T10:12:17.221508
14,338,0.02446371130645275,2026-05-18T10:12:17.285243
14,339,0.028467856347560883,2026-05-18T10:12:17.348225
14,340,0.026433253660798073,2026-05-18T10:12:18.005333
14,341,0.026569845154881477,2026-05-18T10:12:18.068567
14,342,0.029703879728913307,2026-05-18T10:12:18.132288
14,343,0.03278445079922676,2026-05-18T10:12:18.195992
14,344,0.027893079444766045,2026-05-18T10:12:18.892871
14,345,0.029091833159327507,2026-05-18T10:12:18.954050
14,346,0.028110429644584656,2026-05-18T10:12:19.016732
14,347,0.03150440752506256,2026-05-18T10:12:19.079935
14,348,0.026618637144565582,2026-05-18T10:12:19.709937
14,349,0.02750740759074688,2026-05-18T10:12:19.773721
14,350,0.025337543338537216,2026-05-18T10:12:19.839008
14,351,0.030126698315143585,2026-05-18T10:12:19.904488
14,352,0.029634777456521988,2026-05-18T10:12:20.773958
14,353,0.025583766400814056,2026-05-18T10:12:20.841236
14,354,0.03598088398575783,2026-05-18T10:12:20.909797
14,355,0.025068065151572227,2026-05-18T10:12:20.976223
14,356,0.02462714910507202,2026-05-18T10:12:21.430434
14,357,0.027269935235381126,2026-05-18T10:12:21.497600
14,358,0.02610769309103489,2026-05-18T10:12:21.563479
14,359,0.0237739235162735,2026-05-18T10:12:21.628845
14,360,0.024897564202547073,2026-05-18T10:12:22.249869
14,361,0.023608127608895302,2026-05-18T10:12:22.314969
14,362,0.030388234183192253,2026-05-18T10:12:22.379528
14,363,0.035832665860652924,2026-05-18T10:12:22.445115
14,364,0.02570892497897148,2026-05-18T10:12:23.119304
14,365,0.026752319186925888,2026-05-18T10:12:23.180536
14,366,0.025009246543049812,2026-05-18T10:12:23.243398
14,367,0.025624148547649384,2026-05-18T10:12:23.308218
14,368,0.02468710020184517,2026-05-18T10:12:24.021589
14,369,0.027338718995451927,2026-05-18T10:12:24.085356
14,370,0.028485780581831932,2026-05-18T10:12:24.149786
14,371,0.026835467666387558,2026-05-18T10:12:24.213569
14,372,0.025231724604964256,2026-05-18T10:12:24.913786
14,373,0.026866283267736435,2026-05-18T10:12:24.976718
14,374,0.026832500472664833,2026-05-18T10:12:25.044210
14,375,0.0241067036986351,2026-05-18T10:12:25.107870
14,376,0.025661326944828033,2026-05-18T10:12:25.783727
14,377,0.027386097237467766,2026-05-18T10:12:25.847053
14,378,0.023853976279497147,2026-05-18T10:12:25.918846
14,379,0.026157425716519356,2026-05-18T10:12:25.983935
14,380,0.025172237306833267,2026-05-18T10:12:26.648472
14,381,0.02606966905295849,2026-05-18T10:12:26.718291
14,382,0.02560400404036045,2026-05-18T10:12:26.809490
14,383,0.02588280849158764,2026-05-18T10:12:26.879295
14,384,0.023318927735090256,2026-05-18T10:12:27.790060
14,385,0.026835288852453232,2026-05-18T10:12:27.854580
14,386,0.026697266846895218,2026-05-18T10:12:27.920408
14,387,0.025271523743867874,2026-05-18T10:12:27.984094
14,388,0.0278838649392128,2026-05-18T10:12:28.698395
14,389,0.025726627558469772,2026-05-18T10:12:28.762592
14,390,0.027809150516986847,2026-05-18T10:12:28.827017
14,391,0.026502270251512527,2026-05-18T10:12:28.891365
14,392,0.02565627731382847,2026-05-18T10:12:29.636938
14,393,0.02611508220434189,2026-05-18T10:12:29.699507
14,394,0.029330309480428696,2026-05-18T10:12:29.763167
14,395,0.027799932286143303,2026-05-18T10:12:29.827355
14,396,0.026743479073047638,2026-05-18T10:12:30.488076
14,397,0.03584027290344238,2026-05-18T10:12:30.549977
14,398,0.023609215393662453,2026-05-18T10:12:30.612878
14,399,0.028913110494613647,2026-05-18T10:12:30.674880
14,400,0.026626640930771828,2026-05-18T10:12:31.392750
14,401,0.02273242175579071,2026-05-18T10:12:31.455745
14,402,0.02616233192384243,2026-05-18T10:12:31.522145
14,403,0.026749342679977417,2026-05-18T10:12:31.586168
14,404,0.02672649174928665,2026-05-18T10:12:32.223324
14,405,0.023273229598999023,2026-05-18T10:12:32.284911
14,406,0.03207589313387871,2026-05-18T10:12:32.348274
14,407,0.030170926824212074,2026-05-18T10:12:32.409756
14,408,0.027826836332678795,2026-05-18T10:12:33.029362
14,409,0.029602916911244392,2026-05-18T10:12:33.093200
14,410,0.025100896134972572,2026-05-18T10:12:33.157090
14,411,0.024720003828406334,2026-05-18T10:12:33.222642
14,412,0.027912354096770287,2026-05-18T10:12:33.773201
14,413,0.029417064040899277,2026-05-18T10:12:33.834218
14,414,0.026591889560222626,2026-05-18T10:12:33.903533
14,415,0.023478876799345016,2026-05-18T10:12:33.964807
14,416,0.023346740752458572,2026-05-18T10:12:34.679574
14,417,0.026216845959424973,2026-05-18T10:12:34.742939
14,418,0.02780016139149666,2026-05-18T10:12:34.843860
14,419,0.024454986676573753,2026-05-18T10:12:34.909641
14,420,0.025607818737626076,2026-05-18T10:12:35.441472
14,421,0.0301706250756979,2026-05-18T10:12:35.503867
14,422,0.02609400637447834,2026-05-18T10:12:35.607910
14,423,0.02798621356487274,2026-05-18T10:12:35.669743
14,424,0.030343487858772278,2026-05-18T10:12:36.443109
14,425,0.02935417927801609,2026-05-18T10:12:36.509679
14,426,0.028051409870386124,2026-05-18T10:12:36.627390
14,427,0.02742471545934677,2026-05-18T10:12:36.689431
14,428,0.027832839637994766,2026-05-18T10:12:37.515838
14,429,0.02676655910909176,2026-05-18T10:12:37.579181
14,430,0.02500097081065178,2026-05-18T10:12:37.644219
14,431,0.03152567148208618,2026-05-18T10:12:37.706343
14,432,0.02472611889243126,2026-05-18T10:12:38.386463
14,433,0.02859708108007908,2026-05-18T10:12:38.452069
14,434,0.02676503360271454,2026-05-18T10:12:38.517942
14,435,0.025218801572918892,2026-05-18T10:12:38.582956
14,436,0.025992587208747864,2026-05-18T10:12:39.339577
14,437,0.0249099750071764,2026-05-18T10:12:39.406528
14,438,0.025002509355545044,2026-05-18T10:12:39.472758
14,439,0.026888541877269745,2026-05-18T10:12:39.538591
14,440,0.02790740132331848,2026-05-18T10:12:40.198876
14,441,0.024512197822332382,2026-05-18T10:12:40.259814
14,442,0.03206457570195198,2026-05-18T10:12:40.324112
14,443,0.026407809928059578,2026-05-18T10:12:40.389278
14,444,0.032153867185115814,2026-05-18T10:12:41.286219
14,445,0.03332401439547539,2026-05-18T10:12:41.354383
14,446,0.02492261305451393,2026-05-18T10:12:41.420184
14,447,0.02683614008128643,2026-05-18T10:12:41.487463
14,448,0.031548310071229935,2026-05-18T10:12:42.235689
14,449,0.024700479581952095,2026-05-18T10:12:42.299658
14,450,0.03523584455251694,2026-05-18T10:12:42.364695
14,451,0.027484452351927757,2026-05-18T10:12:42.429481
14,452,0.02333712764084339,2026-05-18T10:12:43.239398
14,453,0.02667134255170822,2026-05-18T10:12:43.303462
14,454,0.03227979689836502,2026-05-18T10:12:43.368349
14,455,0.0257174801081419,2026-05-18T10:12:43.433250
14,456,0.03017003834247589,2026-05-18T10:12:44.336325
14,457,0.0292477048933506,2026-05-18T10:12:44.401260
14,458,0.028105568140745163,2026-05-18T10:12:44.469446
14,459,0.025047149509191513,2026-05-18T10:12:44.537211
14,460,0.026646219193935394,2026-05-18T10:12:45.217092
14,461,0.031629785895347595,2026-05-18T10:12:45.280858
14,462,0.028960252180695534,2026-05-18T10:12:45.345316
14,463,0.029411951079964638,2026-05-18T10:12:45.410585
14,464,0.02601510100066662,2026-05-18T10:12:46.258710
14,465,0.024735497310757637,2026-05-18T10:12:46.323264
14,466,0.02661938965320587,2026-05-18T10:12:46.387296
14,467,0.026470590382814407,2026-05-18T10:12:46.451241
14,468,0.024365752935409546,2026-05-18T10:12:47.217047
14,469,0.026260890066623688,2026-05-18T10:12:47.280383
14,470,0.028189202770590782,2026-05-18T10:12:47.343728
14,471,0.029071984812617302,2026-05-18T10:12:47.410137
14,472,0.02906031161546707,2026-05-18T10:12:48.144407
14,473,0.027305662631988525,2026-05-18T10:12:48.369702
14,474,0.02407837100327015,2026-05-18T10:12:48.432408
14,475,0.02706068754196167,2026-05-18T10:12:48.495848
14,476,0.026901744306087494,2026-05-18T10:12:49.032808
14,477,0.022735172882676125,2026-05-18T10:12:49.271980
14,478,0.025362586602568626,2026-05-18T10:12:49.389302
14,479,0.028073210269212723,2026-05-18T10:12:49.449964
14,480,0.02496788091957569,2026-05-18T10:12:49.909202
14,481,0.024585111066699028,2026-05-18T10:12:50.270653
14,482,0.029001131653785706,2026-05-18T10:12:50.331744
14,483,0.029803114011883736,2026-05-18T10:12:50.396850
14,484,0.02549097314476967,2026-05-18T10:12:50.785817
14,485,0.02776949852705002,2026-05-18T10:12:51.198065
14,486,0.024648655205965042,2026-05-18T10:12:51.260438
14,487,0.02972240187227726,2026-05-18T10:12:51.321847
14,488,0.026983916759490967,2026-05-18T10:12:51.687819
14,489,0.027356863021850586,2026-05-18T10:12:52.077133
14,490,0.024720437824726105,2026-05-18T10:12:52.221541
14,491,0.02514803409576416,2026-05-18T10:12:52.283375
14,492,0.025960642844438553,2026-05-18T10:12:52.541309
14,493,0.028597017750144005,2026-05-18T10:12:53.249972
14,494,0.025320492684841156,2026-05-18T10:12:53.313924
14,495,0.0249103382229805,2026-05-18T10:12:53.378614
14,496,0.026923751458525658,2026-05-18T10:12:53.443299
14,497,0.02315928414463997,2026-05-18T10:12:53.626576
14,498,0.033174365758895874,2026-05-18T10:12:53.788728
14,499,0.024932092055678368,2026-05-18T10:12:53.854800
14,500,0.0268255602568388,2026-05-18T10:12:53.970718
14,501,0.025845248252153397,2026-05-18T10:12:54.870093
14,502,0.02845521830022335,2026-05-18T10:12:54.935770
14,503,0.027890944853425026,2026-05-18T10:12:54.999836
14,504,0.028748217970132828,2026-05-18T10:12:55.068026
14,505,0.031049655750393867,2026-05-18T10:12:55.921038
14,506,0.02503085322678089,2026-05-18T10:12:56.143089
14,507,0.032679010182619095,2026-05-18T10:12:56.215634
14,508,0.03000631555914879,2026-05-18T10:12:56.280749
14,509,0.024961110204458237,2026-05-18T10:12:56.975518
14,510,0.027680139988660812,2026-05-18T10:12:57.204467
14,511,0.02585407719016075,2026-05-18T10:12:57.276089
14,512,0.028077036142349243,2026-05-18T10:12:57.345145
14,513,0.024542106315493584,2026-05-18T10:12:58.236348
14,514,0.026540175080299377,2026-05-18T10:12:58.498785
14,515,0.023994771763682365,2026-05-18T10:12:58.561141
14,516,0.030010007321834564,2026-05-18T10:12:58.626489
14,517,0.02445937506854534,2026-05-18T10:12:59.393576
14,518,0.024087218567728996,2026-05-18T10:12:59.475032
14,519,0.025670267641544342,2026-05-18T10:12:59.541953
14,520,0.025184370577335358,2026-05-18T10:12:59.609891
14,521,0.027844544500112534,2026-05-18T10:13:00.580205
14,522,0.03598689287900925,2026-05-18T10:13:00.645321
14,523,0.036251891404390335,2026-05-18T10:13:00.709953
14,524,0.025949250906705856,2026-05-18T10:13:00.772374
14,525,0.02723030373454094,2026-05-18T10:13:01.669388
14,526,0.02593233436346054,2026-05-18T10:13:01.788337
14,527,0.027268419042229652,2026-05-18T10:13:01.861869
14,528,0.02469201758503914,2026-05-18T10:13:01.926456
14,529,0.02785331942141056,2026-05-18T10:13:02.680257
14,530,0.0286262184381485,2026-05-18T10:13:02.748532
14,531,0.02466627024114132,2026-05-18T10:13:02.815028
14,532,0.0293426513671875,2026-05-18T10:13:02.882320
14,533,0.031030889600515366,2026-05-18T10:13:03.577923
14,534,0.026294872164726257,2026-05-18T10:13:03.786927
14,535,0.025950094684958458,2026-05-18T10:13:03.850408
14,536,0.033782608807086945,2026-05-18T10:13:03.919044
14,537,0.026384927332401276,2026-05-18T10:13:04.565739
14,538,0.02538631670176983,2026-05-18T10:13:04.664806
14,539,0.028229374438524246,2026-05-18T10:13:04.730579
14,540,0.02506319060921669,2026-05-18T10:13:04.799618
14,541,0.0247638076543808,2026-05-18T10:13:05.743741
14,542,0.03170910105109215,2026-05-18T10:13:05.926803
14,543,0.029539037495851517,2026-05-18T10:13:05.992278
14,544,0.027237853035330772,2026-05-18T10:13:06.059077
14,545,0.025284988805651665,2026-05-18T10:13:07.011664
14,546,0.024108704179525375,2026-05-18T10:13:07.117297
14,547,0.028981108218431473,2026-05-18T10:13:07.182228
14,548,0.04229098558425903,2026-05-18T10:13:07.247466
14,549,0.024009598419070244,2026-05-18T10:13:08.245913
14,550,0.028844790533185005,2026-05-18T10:13:08.314957
14,551,0.026614245027303696,2026-05-18T10:13:08.381569
14,552,0.022038299590349197,2026-05-18T10:13:08.446695
14,553,0.028244588524103165,2026-05-18T10:13:09.407698
14,554,0.027500411495566368,2026-05-18T10:13:09.475729
14,555,0.027423471212387085,2026-05-18T10:13:09.541884
14,556,0.02840583212673664,2026-05-18T10:13:09.609521
14,557,0.027394119650125504,2026-05-18T10:13:10.439521
14,558,0.02694188803434372,2026-05-18T10:13:10.504441
14,559,0.027302294969558716,2026-05-18T10:13:10.573575
14,560,0.026827141642570496,2026-05-18T10:13:10.640435
14,561,0.026299433782696724,2026-05-18T10:13:11.528964
14,562,0.02579694241285324,2026-05-18T10:13:11.629309
14,563,0.025358304381370544,2026-05-18T10:13:11.693040
14,564,0.025739094242453575,2026-05-18T10:13:11.760851
14,565,0.025457821786403656,2026-05-18T10:13:12.460740
14,566,0.02653043158352375,2026-05-18T10:13:12.832288
14,567,0.028730154037475586,2026-05-18T10:13:12.896576
14,568,0.027390656992793083,2026-05-18T10:13:12.962488
14,569,0.031715404242277145,2026-05-18T10:13:13.989925
14,570,0.027040690183639526,2026-05-18T10:13:14.059398
14,571,0.027809591963887215,2026-05-18T10:13:14.123518
14,572,0.027506576851010323,2026-05-18T10:13:14.187717
14,573,0.024511072784662247,2026-05-18T10:13:14.732747
14,574,0.03395133838057518,2026-05-18T10:13:14.796401
14,575,0.026208849623799324,2026-05-18T10:13:14.869595
14,576,0.027109690010547638,2026-05-18T10:13:15.000665
14,577,0.027112197130918503,2026-05-18T10:13:15.542802
14,578,0.028169943019747734,2026-05-18T10:13:15.810531
14,579,0.025184273719787598,2026-05-18T10:13:15.871889
14,580,0.028306037187576294,2026-05-18T10:13:15.938929
14,581,0.028814438730478287,2026-05-18T10:13:16.550040
14,582,0.02501496486365795,2026-05-18T10:13:16.857776
14,583,0.02588312141597271,2026-05-18T10:13:16.925554
14,584,0.02715746872127056,2026-05-18T10:13:16.990871
14,585,0.028016895055770874,2026-05-18T10:13:17.615626
14,586,0.02544224262237549,2026-05-18T10:13:17.767713
14,587,0.02655797265470028,2026-05-18T10:13:17.832129
14,588,0.027964293956756592,2026-05-18T10:13:17.898736
14,589,0.02736794762313366,2026-05-18T10:13:18.577239
14,590,0.025279611349105835,2026-05-18T10:13:18.729759
14,591,0.028202367946505547,2026-05-18T10:13:18.798637
14,592,0.026394981890916824,2026-05-18T10:13:18.864934
14,593,0.028240619227290154,2026-05-18T10:13:19.636462
14,594,0.02749498561024666,2026-05-18T10:13:19.837136
14,595,0.02629096433520317,2026-05-18T10:13:19.901207
14,596,0.026360657066106796,2026-05-18T10:13:19.966769
14,597,0.023924222216010094,2026-05-18T10:13:20.445127
14,598,0.026201117783784866,2026-05-18T10:13:20.828243
14,599,0.02372291125357151,2026-05-18T10:13:20.889344
14,600,0.02611127309501171,2026-05-18T10:13:20.952480
14,601,0.023978034034371376,2026-05-18T10:13:21.477159
14,602,0.025358397513628006,2026-05-18T10:13:21.787918
14,603,0.02895732782781124,2026-05-18T10:13:21.856805
14,604,0.027171432971954346,2026-05-18T10:13:21.926575
14,605,0.028816578909754753,2026-05-18T10:13:22.411626
14,606,0.030521811917424202,2026-05-18T10:13:22.852636
14,607,0.025661570951342583,2026-05-18T10:13:22.914392
14,608,0.03000647947192192,2026-05-18T10:13:22.979162
14,609,0.02470339834690094,2026-05-18T10:13:23.311941
14,610,0.024970239028334618,2026-05-18T10:13:23.871010
14,611,0.03190893679857254,2026-05-18T10:13:23.935046
14,612,0.02393207885324955,2026-05-18T10:13:24.004182
14,613,0.025614289566874504,2026-05-18T10:13:24.297491
14,614,0.027774933725595474,2026-05-18T10:13:24.745417
14,615,0.028692834079265594,2026-05-18T10:13:24.806265
14,616,0.028238365426659584,2026-05-18T10:13:24.875257
14,617,0.032797642052173615,2026-05-18T10:13:25.336630
14,618,0.02936244197189808,2026-05-18T10:13:25.440782
14,619,0.02221386320888996,2026-05-18T10:13:25.503628
14,620,0.02500438690185547,2026-05-18T10:13:25.235485
14,621,0.024453800171613693,2026-05-18T10:13:25.741347
14,622,0.026332391425967216,2026-05-18T10:13:25.975991
14,623,0.025299400091171265,2026-05-18T10:13:26.041353
14,624,0.02854412980377674,2026-05-18T10:13:26.147954
14,625,0.026464898139238358,2026-05-18T10:13:26.588539
14,626,0.030713587999343872,2026-05-18T10:13:27.049591
14,627,0.02543916553258896,2026-05-18T10:13:27.109905
14,628,0.026879481971263885,2026-05-18T10:13:27.171403
14,629,0.022324906662106514,2026-05-18T10:13:27.565720
14,630,0.03540617227554321,2026-05-18T10:13:27.874120
14,631,0.02965494804084301,2026-05-18T10:13:27.936844
14,632,0.02569309063255787,2026-05-18T10:13:27.999156
14,633,0.03264285996556282,2026-05-18T10:13:28.520146
14,634,0.029728932306170464,2026-05-18T10:13:29.005769
14,635,0.025224914774298668,2026-05-18T10:13:29.067824
14,636,0.027013778686523438,2026-05-18T10:13:29.130649
14,637,0.025265881791710854,2026-05-18T10:13:29.563555
14,638,0.027079999446868896,2026-05-18T10:13:29.939059
14,639,0.024375369772315025,2026-05-18T10:13:30.000465
14,640,0.026795633137226105,2026-05-18T10:13:30.063131
14,641,0.0275832898914814,2026-05-18T10:13:30.591857
14,642,0.02582668885588646,2026-05-18T10:13:31.004978
14,643,0.026861844584345818,2026-05-18T10:13:31.065435
14,644,0.023459292948246002,2026-05-18T10:13:31.129020
14,645,0.02467995695769787,2026-05-18T10:13:31.589540
14,646,0.02636972814798355,2026-05-18T10:13:32.042459
14,647,0.02805248275399208,2026-05-18T10:13:32.105386
14,648,0.025828048586845398,2026-05-18T10:13:32.171488
14,649,0.02472345530986786,2026-05-18T10:13:32.592522
14,650,0.02575754001736641,2026-05-18T10:13:32.970447
14,651,0.026621319353580475,2026-05-18T10:13:33.031378
14,652,0.02618413046002388,2026-05-18T10:13:33.094899
14,653,0.02883654087781906,2026-05-18T10:13:33.693424
14,654,0.024090103805065155,2026-05-18T10:13:33.997570
14,655,0.036261770874261856,2026-05-18T10:13:34.061726
14,656,0.026761256158351898,2026-05-18T10:13:34.129773
14,657,0.025286002084612846,2026-05-18T10:13:34.600438
14,658,0.027390314266085625,2026-05-18T10:13:34.903335
14,659,0.029778802767395973,2026-05-18T10:13:34.965959
14,660,0.027057502418756485,2026-05-18T10:13:35.031660
14,661,0.028152601793408394,2026-05-18T10:13:35.596669
14,662,0.021651145070791245,2026-05-18T10:13:35.918879
14,663,0.03064270131289959,2026-05-18T10:13:35.985546
14,664,0.02543756365776062,2026-05-18T10:13:36.055319
14,665,0.027377933263778687,2026-05-18T10:13:36.528911
14,666,0.028435232117772102,2026-05-18T10:13:36.749259
14,667,0.02515275590121746,2026-05-18T10:13:36.810372
14,668,0.025926854461431503,2026-05-18T10:13:36.874597
14,669,0.02444431185722351,2026-05-18T10:13:37.510724
14,670,0.02735712192952633,2026-05-18T10:13:37.667621
14,671,0.026044894009828568,2026-05-18T10:13:37.733040
14,672,0.03794888034462929,2026-05-18T10:13:37.797549
14,673,0.031129110604524612,2026-05-18T10:13:38.494633
14,674,0.026732148602604866,2026-05-18T10:13:38.566132
14,675,0.027472559362649918,2026-05-18T10:13:38.630208
14,676,0.03020554408431053,2026-05-18T10:13:38.875936
14,677,0.024995852261781693,2026-05-18T10:13:39.573522
14,678,0.030583936721086502,2026-05-18T10:13:39.637649
14,679,0.02785390242934227,2026-05-18T10:13:39.701837
14,680,0.03148437663912773,2026-05-18T10:13:39.794743
14,681,0.028719523921608925,2026-05-18T10:13:40.688034
14,682,0.02615404687821865,2026-05-18T10:13:40.750826
14,683,0.028587382286787033,2026-05-18T10:13:40.813752
14,684,0.026971949264407158,2026-05-18T10:13:40.877729
14,685,0.033054374158382416,2026-05-18T10:13:41.685693
14,686,0.029533080756664276,2026-05-18T10:13:41.752187
14,687,0.024278929457068443,2026-05-18T10:13:41.815179
14,688,0.024529263377189636,2026-05-18T10:13:41.879137
14,689,0.027469001710414886,2026-05-18T10:13:42.607602
14,690,0.030893759801983833,2026-05-18T10:13:42.671947
14,691,0.022777559235692024,2026-05-18T10:13:42.735847
14,692,0.026629453524947166,2026-05-18T10:13:42.881661
14,693,0.02694016695022583,2026-05-18T10:13:43.592107
14,694,0.0244315005838871,2026-05-18T10:13:43.658280
14,695,0.027169842272996902,2026-05-18T10:13:43.722228
14,696,0.025459902361035347,2026-05-18T10:13:43.922385
14,697,0.027201492339372635,2026-05-18T10:13:44.498638
14,698,0.028851507231593132,2026-05-18T10:13:44.562074
14,699,0.030247380957007408,2026-05-18T10:13:44.625404
14,700,0.031032336875796318,2026-05-18T10:13:44.896046
14,701,0.02661951631307602,2026-05-18T10:13:45.595493
14,702,0.025818590074777603,2026-05-18T10:13:45.660791
14,703,0.026825888082385063,2026-05-18T10:13:45.725139
14,704,0.02822454832494259,2026-05-18T10:13:45.857599
14,705,0.027272045612335205,2026-05-18T10:13:46.608842
14,706,0.027999481186270714,2026-05-18T10:13:46.672577
14,707,0.025504108518362045,2026-05-18T10:13:46.737545
14,708,0.02863951027393341,2026-05-18T10:13:46.801871
14,709,0.029077088460326195,2026-05-18T10:13:47.611405
14,710,0.027744023129343987,2026-05-18T10:13:47.674289
14,711,0.024440297856926918,2026-05-18T10:13:47.741705
14,712,0.027003798633813858,2026-05-18T10:13:47.808142
14,713,0.027583062648773193,2026-05-18T10:13:48.536114
14,714,0.02542961575090885,2026-05-18T10:13:48.600128
14,715,0.027919882908463478,2026-05-18T10:13:48.665465
14,716,0.0293388981372118,2026-05-18T10:13:48.789589
14,717,0.026117729023098946,2026-05-18T10:13:49.809346
14,718,0.03328852728009224,2026-05-18T10:13:49.874782
14,719,0.024661224335432053,2026-05-18T10:13:49.937162
14,720,0.02679773047566414,2026-05-18T10:13:50.001438
14,721,0.025485895574092865,2026-05-18T10:13:51.040356
14,722,0.02859177626669407,2026-05-18T10:13:51.108488
14,723,0.02390313521027565,2026-05-18T10:13:51.172275
14,724,0.03111073188483715,2026-05-18T10:13:51.235564
14,725,0.029527494683861732,2026-05-18T10:13:52.001152
14,726,0.025584489107131958,2026-05-18T10:13:52.159474
14,727,0.028310120105743408,2026-05-18T10:13:52.225985
14,728,0.03329513221979141,2026-05-18T10:13:52.287289
14,729,0.026433035731315613,2026-05-18T10:13:52.885756
14,730,0.026222866028547287,2026-05-18T10:13:52.949839
14,731,0.02911297231912613,2026-05-18T10:13:53.011702
14,732,0.02688177116215229,2026-05-18T10:13:53.078234
14,733,0.029411379247903824,2026-05-18T10:13:53.741161
14,734,0.02363123558461666,2026-05-18T10:13:53.805228
14,735,0.028109390288591385,2026-05-18T10:13:53.870495
14,736,0.02800244651734829,2026-05-18T10:13:53.936345
14,737,0.02511027455329895,2026-05-18T10:13:54.709543
14,738,0.03145348280668259,2026-05-18T10:13:54.771893
14,739,0.030727334320545197,2026-05-18T10:13:54.833786
14,740,0.026260454207658768,2026-05-18T10:13:55.137166
14,741,0.025978457182645798,2026-05-18T10:13:55.742679
14,742,0.028479455038905144,2026-05-18T10:13:55.806610
14,743,0.031042899936437607,2026-05-18T10:13:55.871858
14,744,0.026775944977998734,2026-05-18T10:13:56.224753
14,745,0.031291086226701736,2026-05-18T10:13:56.966937
14,746,0.033559735864400864,2026-05-18T10:13:57.033316
14,747,0.025670314207673073,2026-05-18T10:13:57.099394
14,748,0.02404189482331276,2026-05-18T10:13:57.282190
14,749,0.025543201714754105,2026-05-18T10:13:58.118853
14,750,0.02702905423939228,2026-05-18T10:13:58.183619
14,751,0.034957464784383774,2026-05-18T10:13:58.250911
14,752,0.0246629286557436,2026-05-18T10:13:58.318082
14,753,0.028925377875566483,2026-05-18T10:13:59.216321
14,754,0.023032784461975098,2026-05-18T10:13:59.291753
14,755,0.02689795196056366,2026-05-18T10:13:59.362242
14,756,0.02692341059446335,2026-05-18T10:13:59.433242
14,757,0.032829757779836655,2026-05-18T10:14:00.103455
14,758,0.028989361599087715,2026-05-18T10:14:00.175638
14,759,0.03072456642985344,2026-05-18T10:14:00.244778
14,760,0.028804996982216835,2026-05-18T10:14:00.319641
14,761,0.03168250620365143,2026-05-18T10:14:01.135246
14,762,0.02766338549554348,2026-05-18T10:14:01.203667
14,763,0.0340350903570652,2026-05-18T10:14:01.271280
14,764,0.02925986424088478,2026-05-18T10:14:01.344216
14,765,0.025687728077173233,2026-05-18T10:14:01.964511
14,766,0.02489171177148819,2026-05-18T10:14:02.026736
14,767,0.027972329407930374,2026-05-18T10:14:02.090430
14,768,0.02905825339257717,2026-05-18T10:14:02.153934
14,769,0.02754843235015869,2026-05-18T10:14:02.775881
14,770,0.025626184418797493,2026-05-18T10:14:02.839856
14,771,0.023711226880550385,2026-05-18T10:14:02.904999
14,772,0.03308096155524254,2026-05-18T10:14:02.972627
14,773,0.032598938792943954,2026-05-18T10:14:03.727568
14,774,0.02534952200949192,2026-05-18T10:14:03.792454
14,775,0.029962195083498955,2026-05-18T10:14:03.856844
14,776,0.02911294437944889,2026-05-18T10:14:04.021253
14,777,0.029614903032779694,2026-05-18T10:14:04.629809
14,778,0.0273920726031065,2026-05-18T10:14:04.692428
14,779,0.025457821786403656,2026-05-18T10:14:04.756823
14,780,0.02882557176053524,2026-05-18T10:14:04.950542
14,781,0.030783487483859062,2026-05-18T10:14:05.439384
14,782,0.030433878302574158,2026-05-18T10:14:05.600949
14,783,0.025350380688905716,2026-05-18T10:14:05.664705
14,784,0.02997693233191967,2026-05-18T10:14:05.924342
14,785,0.027362067252397537,2026-05-18T10:14:06.278044
14,786,0.026753989979624748,2026-05-18T10:14:06.508914
14,787,0.030530551448464394,2026-05-18T10:14:06.626585
14,788,0.03280133754014969,2026-05-18T10:14:07.123932
14,789,0.026010433211922646,2026-05-18T10:14:07.327789
14,790,0.023851493373513222,2026-05-18T10:14:07.391989
14,791,0.02461046725511551,2026-05-18T10:14:07.876278
14,792,0.025572462007403374,2026-05-18T10:14:08.198260
14,793,0.023204723373055458,2026-05-18T10:14:08.503036
14,794,0.026153316721320152,2026-05-18T10:14:08.565816
14,795,0.028694283217191696,2026-05-18T10:14:08.715712
14,796,0.027014348655939102,2026-05-18T10:14:09.128410
14,797,0.02762562781572342,2026-05-18T10:14:09.370847
14,798,0.027933435514569283,2026-05-18T10:14:09.626895
14,799,0.024058442562818527,2026-05-18T10:14:09.857756
14,800,0.028309820219874382,2026-05-18T10:14:10.226665
14,801,0.024839401245117188,2026-05-18T10:14:10.316949
14,802,0.023395095020532608,2026-05-18T10:14:10.504522
14,803,0.030375797301530838,2026-05-18T10:14:10.844627
14,804,0.027483537793159485,2026-05-18T10:14:11.249789
14,805,0.025773104280233383,2026-05-18T10:14:11.478201
14,806,0.026580261066555977,2026-05-18T10:14:11.549668
14,807,0.02717825584113598,2026-05-18T10:14:11.769597
14,808,0.026686886325478554,2026-05-18T10:14:12.133598
14,809,0.030511710792779922,2026-05-18T10:14:12.518185
14,810,0.030938375741243362,2026-05-18T10:14:12.599093
14,811,0.02585974894464016,2026-05-18T10:14:12.190950
14,812,0.026317084208130836,2026-05-18T10:14:12.685701
14,813,0.028228720650076866,2026-05-18T10:14:12.761545
14,814,0.027414072304964066,2026-05-18T10:14:12.976410
14,815,0.025427913293242455,2026-05-18T10:14:13.162586
14,816,0.02591010183095932,2026-05-18T10:14:13.930793
14,817,0.023640796542167664,2026-05-18T10:14:14.017472
14,818,0.026014190167188644,2026-05-18T10:14:14.240704
14,819,0.024233127012848854,2026-05-18T10:14:14.319612
14,820,0.028160961344838142,2026-05-18T10:14:14.827345
14,821,0.03129177540540695,2026-05-18T10:14:14.895773
14,822,0.025459039956331253,2026-05-18T10:14:15.367932
14,823,0.027380459010601044,2026-05-18T10:14:15.434941
14,824,0.02660469524562359,2026-05-18T10:14:15.722745
14,825,0.03138186037540436,2026-05-18T10:14:15.787241
14,826,0.030375806614756584,2026-05-18T10:14:16.339341
14,827,0.02949579991400242,2026-05-18T10:14:16.400504
14,828,0.028229137882590294,2026-05-18T10:14:16.818288
14,829,0.032189320772886276,2026-05-18T10:14:16.891666
14,830,0.02742791920900345,2026-05-18T10:14:17.437813
14,831,0.0304245725274086,2026-05-18T10:14:17.503068
14,832,0.029061073437333107,2026-05-18T10:14:17.785237
14,833,0.024081500247120857,2026-05-18T10:14:17.846697
14,834,0.03176848217844963,2026-05-18T10:14:18.706044
14,835,0.030660316348075867,2026-05-18T10:14:18.769986
14,836,0.029091060161590576,2026-05-18T10:14:18.835048
14,837,0.026443341746926308,2026-05-18T10:14:18.899353
14,838,0.024336189031600952,2026-05-18T10:14:19.566484
14,839,0.02588474750518799,2026-05-18T10:14:19.797747
14,840,0.027097415179014206,2026-05-18T10:14:19.858656
14,841,0.026453888043761253,2026-05-18T10:14:19.924145
14,842,0.03078526072204113,2026-05-18T10:14:20.527227
14,843,0.028082406148314476,2026-05-18T10:14:21.012853
14,844,0.024820296093821526,2026-05-18T10:14:21.078429
14,845,0.02612212672829628,2026-05-18T10:14:21.141405
14,846,0.027484944090247154,2026-05-18T10:14:21.465284
14,847,0.024928413331508636,2026-05-18T10:14:22.113087
14,848,0.024808049201965332,2026-05-18T10:14:22.176612
14,849,0.026647204533219337,2026-05-18T10:14:22.241592
14,850,0.02868024818599224,2026-05-18T10:14:22.306942
14,851,0.024607745930552483,2026-05-18T10:14:23.021507
14,852,0.02995620295405388,2026-05-18T10:14:23.092340
14,853,0.02572196163237095,2026-05-18T10:14:23.168206
14,854,0.026639383286237717,2026-05-18T10:14:23.239462
14,855,0.02733997255563736,2026-05-18T10:14:23.935784
14,856,0.02781674824655056,2026-05-18T10:14:24.005019
14,857,0.024347949773073196,2026-05-18T10:14:24.074994
14,858,0.02333485148847103,2026-05-18T10:14:24.147675
14,859,0.031172649934887886,2026-05-18T10:14:25.150098
14,860,0.025382544845342636,2026-05-18T10:14:25.220416
14,861,0.02632232941687107,2026-05-18T10:14:25.290574
14,862,0.027028338983654976,2026-05-18T10:14:25.367386
14,863,0.024279458448290825,2026-05-18T10:14:25.968375
14,864,0.026015615090727806,2026-05-18T10:14:26.036391
14,865,0.02477765455842018,2026-05-18T10:14:26.109388
14,866,0.024980125948786736,2026-05-18T10:14:26.295297
14,867,0.026283621788024902,2026-05-18T10:14:26.924959
14,868,0.026387594640254974,2026-05-18T10:14:26.993723
14,869,0.028336849063634872,2026-05-18T10:14:27.063650
14,870,0.027080897241830826,2026-05-18T10:14:27.444935
14,871,0.02936410717666149,2026-05-18T10:14:28.030060
14,872,0.025755418464541435,2026-05-18T10:14:28.101417
14,873,0.028115469962358475,2026-05-18T10:14:28.178572
14,874,0.028071459382772446,2026-05-18T10:14:28.535663
14,875,0.02824452891945839,2026-05-18T10:14:29.066393
14,876,0.030623331665992737,2026-05-18T10:14:29.253644
14,877,0.026730185374617577,2026-05-18T10:14:29.317676
14,878,0.027476821094751358,2026-05-18T10:14:29.543993
14,879,0.029711397364735603,2026-05-18T10:14:30.086284
14,880,0.026862073689699173,2026-05-18T10:14:30.197789
14,881,0.026252644136548042,2026-05-18T10:14:30.260081
14,882,0.028096692636609077,2026-05-18T10:14:30.658442
14,883,0.02822425216436386,2026-05-18T10:14:31.146490
14,884,0.025439903140068054,2026-05-18T10:14:31.286645
14,885,0.026119785383343697,2026-05-18T10:14:31.352022
14,886,0.027224186807870865,2026-05-18T10:14:31.670452
14,887,0.025616692379117012,2026-05-18T10:14:32.481838
14,888,0.02739924006164074,2026-05-18T10:14:32.547485
14,889,0.030341167002916336,2026-05-18T10:14:32.617571
14,890,0.028739044442772865,2026-05-18T10:14:32.679907
14,891,0.02644810639321804,2026-05-18T10:14:33.552652
14,892,0.03166169300675392,2026-05-18T10:14:33.619723
14,893,0.02815639227628708,2026-05-18T10:14:33.684362
14,894,0.023511921986937523,2026-05-18T10:14:33.839013
14,895,0.02654721774160862,2026-05-18T10:14:34.874018
14,896,0.026407772675156593,2026-05-18T10:14:34.940088
14,897,0.029017841443419456,2026-05-18T10:14:35.009951
14,898,0.033158279955387115,2026-05-18T10:14:35.073929
14,899,0.031447883695364,2026-05-18T10:14:35.709536
14,900,0.02904665097594261,2026-05-18T10:14:35.774231
14,901,0.025913110002875328,2026-05-18T10:14:35.845253
14,902,0.02291814796626568,2026-05-18T10:14:35.910108
14,903,0.027295205742120743,2026-05-18T10:14:36.685649
14,904,0.02628536894917488,2026-05-18T10:14:36.752016
14,905,0.03266149014234543,2026-05-18T10:14:36.820473
14,906,0.028176721185445786,2026-05-18T10:14:36.886305
14,907,0.024654045701026917,2026-05-18T10:14:37.694626
14,908,0.026743384078145027,2026-05-18T10:14:37.760166
14,909,0.02843002788722515,2026-05-18T10:14:37.827286
14,910,0.026241756975650787,2026-05-18T10:14:37.900188
14,911,0.026067838072776794,2026-05-18T10:14:38.710336
14,912,0.02599400468170643,2026-05-18T10:14:38.781207
14,913,0.029538948088884354,2026-05-18T10:14:38.847801
14,914,0.02832978591322899,2026-05-18T10:14:38.914773
14,915,0.028184402734041214,2026-05-18T10:14:39.658507
14,916,0.026499802246689796,2026-05-18T10:14:39.722511
14,917,0.026709236204624176,2026-05-18T10:14:39.789239
14,918,0.026648417115211487,2026-05-18T10:14:39.956940
14,919,0.027657058089971542,2026-05-18T10:14:40.585843
14,920,0.026915820315480232,2026-05-18T10:14:40.652680
14,921,0.026698501780629158,2026-05-18T10:14:40.719943
14,922,0.027341071516275406,2026-05-18T10:14:41.027897
14,923,0.025316109880805016,2026-05-18T10:14:41.642034
14,924,0.02681436389684677,2026-05-18T10:14:41.706967
14,925,0.025255270302295685,2026-05-18T10:14:41.772686
14,926,0.028243832290172577,2026-05-18T10:14:41.932186
14,927,0.029736222699284554,2026-05-18T10:14:42.577643
14,928,0.027267277240753174,2026-05-18T10:14:42.640604
14,929,0.0275068711489439,2026-05-18T10:14:42.708784
14,930,0.02909103035926819,2026-05-18T10:14:42.982833
14,931,0.028695901855826378,2026-05-18T10:14:43.487959
14,932,0.03415518254041672,2026-05-18T10:14:43.548808
14,933,0.028852345421910286,2026-05-18T10:14:43.611387
14,934,0.02441965788602829,2026-05-18T10:14:43.903072
14,935,0.0269521102309227,2026-05-18T10:14:44.603292
14,936,0.02589336596429348,2026-05-18T10:14:44.094181
14,937,0.030467670410871506,2026-05-18T10:14:44.159054
14,938,0.0253496952354908,2026-05-18T10:14:44.223188
14,939,0.025290297344326973,2026-05-18T10:14:45.110431
14,940,0.026013130322098732,2026-05-18T10:14:45.174929
14,941,0.0268480833619833,2026-05-18T10:14:45.239710
14,942,0.02753680944442749,2026-05-18T10:14:45.304014
14,943,0.02692415565252304,2026-05-18T10:14:46.043171
14,944,0.026431985199451447,2026-05-18T10:14:46.107431
14,945,0.02362622506916523,2026-05-18T10:14:46.172140
14,946,0.024390865117311478,2026-05-18T10:14:46.442652
14,947,0.02354462444782257,2026-05-18T10:14:47.048670
14,948,0.028050057590007782,2026-05-18T10:14:47.111700
14,949,0.026796093210577965,2026-05-18T10:14:47.174646
14,950,0.027606450021266937,2026-05-18T10:14:47.498704
14,951,0.027706868946552277,2026-05-18T10:14:48.213079
14,952,0.02908019721508026,2026-05-18T10:14:48.279068
14,953,0.027943963184952736,2026-05-18T10:14:48.345315
14,954,0.028100499883294106,2026-05-18T10:14:48.669800
14,955,0.03171691298484802,2026-05-18T10:14:49.444635
14,956,0.029754213988780975,2026-05-18T10:14:49.512124
14,957,0.025603098794817924,2026-05-18T10:14:49.580584
14,958,0.025536423549056053,2026-05-18T10:14:49.736801
14,959,0.02655595913529396,2026-05-18T10:14:50.633086
14,960,0.026411034166812897,2026-05-18T10:14:50.707235
14,961,0.02427344210445881,2026-05-18T10:14:50.774974
14,962,0.02822941355407238,2026-05-18T10:14:50.841452
14,963,0.03130052611231804,2026-05-18T10:14:51.545446
14,964,0.030866147950291634,2026-05-18T10:14:51.613268
14,965,0.02937038242816925,2026-05-18T10:14:51.680347
14,966,0.028723234310746193,2026-05-18T10:14:51.750967
14,967,0.02759418450295925,2026-05-18T10:14:52.476680
14,968,0.029196621850132942,2026-05-18T10:14:52.545313
14,969,0.0262759942561388,2026-05-18T10:14:52.609111
14,970,0.027925800532102585,2026-05-18T10:14:52.841215
14,971,0.0277180764824152,2026-05-18T10:14:53.511567
14,972,0.025337500497698784,2026-05-18T10:14:53.576215
14,973,0.023446068167686462,2026-05-18T10:14:53.642442
14,974,0.02547311969101429,2026-05-18T10:14:53.888421
14,975,0.026721851900219917,2026-05-18T10:14:54.471399
14,976,0.029203947633504868,2026-05-18T10:14:54.638438
14,977,0.02441081777215004,2026-05-18T10:14:54.707410
14,978,0.027788778766989708,2026-05-18T10:14:54.905655
14,979,0.0293516106903553,2026-05-18T10:14:55.490238
14,980,0.03921383619308472,2026-05-18T10:14:55.555502
14,981,0.02751234360039234,2026-05-18T10:14:55.618988
14,982,0.02501949667930603,2026-05-18T10:14:55.928882
14,983,0.02594812959432602,2026-05-18T10:14:56.530462
14,984,0.028969688341021538,2026-05-18T10:14:56.593521
14,985,0.02461761049926281,2026-05-18T10:14:56.657955
14,986,0.025202753022313118,2026-05-18T10:14:56.886257
14,987,0.026179147884249687,2026-05-18T10:14:57.569991
14,988,0.02653612196445465,2026-05-18T10:14:57.634312
14,989,0.024819863960146904,2026-05-18T10:14:57.702988
14,990,0.027725668624043465,2026-05-18T10:14:58.166677
14,991,0.02555607259273529,2026-05-18T10:14:58.439473
14,992,0.023864638060331345,2026-05-18T10:14:58.502535
14,993,0.03006851114332676,2026-05-18T10:14:58.566488
14,994,0.03322795778512955,2026-05-18T10:14:59.135435
14,995,0.02673926018178463,2026-05-18T10:14:59.629676
14,996,0.028968287631869316,2026-05-18T10:14:59.699780
14,997,0.027310429140925407,2026-05-18T10:14:59.770019
14,998,0.028690874576568604,2026-05-18T10:15:00.491915
14,999,0.02574187144637108,2026-05-18T10:15:00.948437
14,1000,0.026883283630013466,2026-05-18T10:15:01.025683
14,1001,0.02409563772380352,2026-05-18T10:15:01.098802
14,1002,0.02542819269001484,2026-05-18T10:15:01.779461
14,1003,0.03153607249259949,2026-05-18T10:15:02.362771
14,1004,0.02892392873764038,2026-05-18T10:15:02.432621
14,1005,0.027949035167694092,2026-05-18T10:15:02.499108
14,1006,0.0307397972792387,2026-05-18T10:15:02.959965
14,1007,0.02597234398126602,2026-05-18T10:15:03.906738
14,1008,0.026577498763799667,2026-05-18T10:15:03.968495
14,1009,0.02643820457160473,2026-05-18T10:15:04.029774
14,1010,0.025589965283870697,2026-05-18T10:15:04.095214
14,1011,0.026188485324382782,2026-05-18T10:15:05.007591
14,1012,0.025269227102398872,2026-05-18T10:15:05.076011
14,1013,0.025763507932424545,2026-05-18T10:15:05.142190
14,1014,0.029330667108297348,2026-05-18T10:15:05.206372
14,1015,0.02575136348605156,2026-05-18T10:15:06.333324
14,1016,0.02457868680357933,2026-05-18T10:15:06.390898
14,1017,0.025471048429608345,2026-05-18T10:15:06.450536
14,1018,0.024870969355106354,2026-05-18T10:15:06.514498
14,1019,0.026190511882305145,2026-05-18T10:15:07.175243
14,1020,0.025326864793896675,2026-05-18T10:15:07.235678
14,1021,0.024489494040608406,2026-05-18T10:15:07.296308
14,1022,0.028340894728899002,2026-05-18T10:15:07.356906
14,1023,0.025795724242925644,2026-05-18T10:15:08.103775
14,1024,0.026566818356513977,2026-05-18T10:15:08.167642
14,1025,0.02942834421992302,2026-05-18T10:15:08.230659
14,1026,0.027749283239245415,2026-05-18T10:15:08.382730
14,1027,0.02474823407828808,2026-05-18T10:15:08.975459
14,1028,0.028977202251553535,2026-05-18T10:15:09.040294
14,1029,0.027050310745835304,2026-05-18T10:15:09.104670
14,1030,0.028476528823375702,2026-05-18T10:15:09.236574
14,1031,0.026704862713813782,2026-05-18T10:15:09.996183
14,1032,0.02636205032467842,2026-05-18T10:15:10.065126
14,1033,0.02601340040564537,2026-05-18T10:15:10.129380
14,1034,0.024347824975848198,2026-05-18T10:15:10.198166
14,1035,0.025082562118768692,2026-05-18T10:15:10.953506
14,1036,0.027468180283904076,2026-05-18T10:15:11.019950
14,1037,0.02928912453353405,2026-05-18T10:15:11.081636
14,1038,0.02588377706706524,2026-05-18T10:15:11.366354
14,1039,0.025186404585838318,2026-05-18T10:15:12.035147
14,1040,0.028124773874878883,2026-05-18T10:15:12.099861
14,1041,0.0249075498431921,2026-05-18T10:15:12.168739
14,1042,0.023712310940027237,2026-05-18T10:15:12.233014
14,1043,0.024327442049980164,2026-05-18T10:15:13.079233
14,1044,0.02815905585885048,2026-05-18T10:15:13.143669
14,1045,0.036791399121284485,2026-05-18T10:15:13.212630
14,1046,0.02755802869796753,2026-05-18T10:15:13.278490
14,1047,0.028353117406368256,2026-05-18T10:15:14.204956
14,1048,0.026976246386766434,2026-05-18T10:15:14.268126
14,1049,0.025873776525259018,2026-05-18T10:15:14.335333
14,1050,0.026382364332675934,2026-05-18T10:15:14.401696
14,1051,0.028690841048955917,2026-05-18T10:15:15.154122
14,1052,0.03101564571261406,2026-05-18T10:15:15.221263
14,1053,0.024617178365588188,2026-05-18T10:15:15.285961
14,1054,0.024324247613549232,2026-05-18T10:15:15.351481
14,1055,0.028722023591399193,2026-05-18T10:15:16.290179
14,1056,0.02953382581472397,2026-05-18T10:15:16.354445
14,1057,0.024806924164295197,2026-05-18T10:15:16.418648
14,1058,0.028606152161955833,2026-05-18T10:15:16.485327
14,1059,0.028207404538989067,2026-05-18T10:15:17.250913
14,1060,0.027699802070856094,2026-05-18T10:15:17.315485
14,1061,0.027197737246751785,2026-05-18T10:15:17.378369
14,1062,0.02706453576683998,2026-05-18T10:15:17.441048
14,1063,0.026983503252267838,2026-05-18T10:15:18.306683
14,1064,0.0266584400087595,2026-05-18T10:15:18.370765
14,1065,0.030525775626301765,2026-05-18T10:15:18.434266
14,1066,0.02731916308403015,2026-05-18T10:15:18.496723
14,1067,0.02958938479423523,2026-05-18T10:15:19.446233
14,1068,0.02380084991455078,2026-05-18T10:15:19.517330
14,1069,0.025352846831083298,2026-05-18T10:15:19.587924
14,1070,0.02763904444873333,2026-05-18T10:15:19.660148
14,1071,0.02743784710764885,2026-05-18T10:15:20.753097
14,1072,0.029930589720606804,2026-05-18T10:15:20.823964
14,1073,0.028672970831394196,2026-05-18T10:15:20.900159
14,1074,0.02406132221221924,2026-05-18T10:15:20.970553
14,1075,0.03289448842406273,2026-05-18T10:15:21.596658
14,1076,0.025567950680851936,2026-05-18T10:15:21.896573
14,1077,0.022853415459394455,2026-05-18T10:15:21.963506
14,1078,0.027974076569080353,2026-05-18T10:15:22.036003
14,1079,0.027145277708768845,2026-05-18T10:15:22.633956
14,1080,0.024743299931287766,2026-05-18T10:15:22.701072
14,1081,0.026562495157122612,2026-05-18T10:15:22.769225
14,1082,0.031051810830831528,2026-05-18T10:15:22.838586
14,1083,0.026608627289533615,2026-05-18T10:15:23.633636
14,1084,0.02521491050720215,2026-05-18T10:15:23.702603
14,1085,0.026796113699674606,2026-05-18T10:15:23.773226
14,1086,0.026920491829514503,2026-05-18T10:15:23.844134
14,1087,0.02457875944674015,2026-05-18T10:15:24.335578
14,1088,0.02600102685391903,2026-05-18T10:15:24.469505
14,1089,0.02471540868282318,2026-05-18T10:15:24.535547
14,1090,0.026680635288357735,2026-05-18T10:15:24.770427
14,1091,0.034053295850753784,2026-05-18T10:15:25.573545
14,1092,0.026057373732328415,2026-05-18T10:15:25.643390
14,1093,0.027454504743218422,2026-05-18T10:15:25.716006
14,1094,0.027671419084072113,2026-05-18T10:15:25.813255
14,1095,0.026819683611392975,2026-05-18T10:15:26.462993
14,1096,0.03522074967622757,2026-05-18T10:15:26.533071
14,1097,0.03254339471459389,2026-05-18T10:15:26.603027
14,1098,0.027912011370062828,2026-05-18T10:15:26.673863
14,1099,0.028296830132603645,2026-05-18T10:15:27.298179
14,1100,0.024448860436677933,2026-05-18T10:15:27.473359
14,1101,0.02617829665541649,2026-05-18T10:15:27.533309
14,1102,0.02733706496655941,2026-05-18T10:15:27.594905
14,1103,0.027428047731518745,2026-05-18T10:15:28.291918
14,1104,0.028534969314932823,2026-05-18T10:15:28.409060
14,1105,0.029976418241858482,2026-05-18T10:15:28.472817
14,1106,0.037515487521886826,2026-05-18T10:15:28.547756
14,1107,0.0278763547539711,2026-05-18T10:15:29.291566
14,1108,0.0278346985578537,2026-05-18T10:15:29.429265
14,1109,0.026770157739520073,2026-05-18T10:15:29.491275
14,1110,0.026864752173423767,2026-05-18T10:15:29.578218
14,1111,0.024275610223412514,2026-05-18T10:15:30.276372
14,1112,0.02750970982015133,2026-05-18T10:15:30.633150
14,1113,0.025995614007115364,2026-05-18T10:15:30.694020
14,1114,0.031144985929131508,2026-05-18T10:15:30.756872
14,1115,0.03178487718105316,2026-05-18T10:15:31.025374
14,1116,0.02781846933066845,2026-05-18T10:15:31.601922
14,1117,0.03332006558775902,2026-05-18T10:15:31.668127
14,1118,0.027407629415392876,2026-05-18T10:15:31.795371
14,1119,0.02929070219397545,2026-05-18T10:15:31.861651
14,1120,0.026033267378807068,2026-05-18T10:15:32.476181
14,1121,0.024563554674386978,2026-05-18T10:15:32.536000
14,1122,0.02854108065366745,2026-05-18T10:15:32.630391
14,1123,0.024190915748476982,2026-05-18T10:15:32.949304
14,1124,0.025377629324793816,2026-05-18T10:15:33.292932
14,1125,0.02841959334909916,2026-05-18T10:15:33.358075
14,1126,0.026256263256072998,2026-05-18T10:15:33.658112
14,1127,0.0307961143553257,2026-05-18T10:15:34.226730
14,1128,0.025141078978776932,2026-05-18T10:15:34.296258
14,1129,0.025451170280575752,2026-05-18T10:15:34.358293
14,1130,0.02715425007045269,2026-05-18T10:15:34.552614
14,1131,0.02511758543550968,2026-05-18T10:15:35.221901
14,1132,0.024954481050372124,2026-05-18T10:15:35.291077
14,1133,0.029579326510429382,2026-05-18T10:15:35.355136
14,1134,0.02788066677749157,2026-05-18T10:15:35.628473
14,1135,0.02582191862165928,2026-05-18T10:15:36.084863
14,1136,0.0268718209117651,2026-05-18T10:15:36.339679
14,1137,0.03149479255080223,2026-05-18T10:15:36.397728
14,1138,0.02943449467420578,2026-05-18T10:15:36.593857
14,1139,0.02889680676162243,2026-05-18T10:15:36.962908
14,1140,0.0244087316095829,2026-05-18T10:15:37.578602
14,1141,0.028689753264188766,2026-05-18T10:15:37.655424
14,1142,0.027549153193831444,2026-05-18T10:15:37.722259
14,1143,0.02589758113026619,2026-05-18T10:15:37.928414
14,1144,0.027484729886054993,2026-05-18T10:15:38.608834
14,1145,0.028896091505885124,2026-05-18T10:15:38.673075
14,1146,0.024697618559002876,2026-05-18T10:15:38.761505
14,1147,0.027015570551156998,2026-05-18T10:15:38.920016
15,0,0.03314125910401344,2026-05-18T10:15:47.900862
15,1,0.026675987988710403,2026-05-18T10:15:48.080482
15,2,0.02927173115313053,2026-05-18T10:15:48.154300
15,3,0.026821695268154144,2026-05-18T10:15:48.226473
15,4,0.027616972103714943,2026-05-18T10:15:48.572861
15,5,0.02441173978149891,2026-05-18T10:15:48.785629
15,6,0.025240395218133926,2026-05-18T10:15:48.846308
15,7,0.024895716458559036,2026-05-18T10:15:48.914064
15,8,0.024500997737050056,2026-05-18T10:15:49.619929
15,9,0.03060724213719368,2026-05-18T10:15:49.683842
15,10,0.030505813658237457,2026-05-18T10:15:49.746699
15,11,0.026818284764885902,2026-05-18T10:15:49.809617
15,12,0.029323939234018326,2026-05-18T10:15:50.549492
15,13,0.026460306718945503,2026-05-18T10:15:50.612397
15,14,0.030495906248688698,2026-05-18T10:15:50.672864
15,15,0.02749716117978096,2026-05-18T10:15:50.737499
15,16,0.02808135375380516,2026-05-18T10:15:51.484641
15,17,0.026300067082047462,2026-05-18T10:15:51.544657
15,18,0.02683347277343273,2026-05-18T10:15:51.605830
15,19,0.028089072555303574,2026-05-18T10:15:51.666673
15,20,0.028463443741202354,2026-05-18T10:15:52.489813
15,21,0.024470269680023193,2026-05-18T10:15:52.552758
15,22,0.023645704612135887,2026-05-18T10:15:52.614925
15,23,0.028261760249733925,2026-05-18T10:15:52.676796
15,24,0.027439719066023827,2026-05-18T10:15:53.280123
15,25,0.023661118000745773,2026-05-18T10:15:53.342659
15,26,0.02449176460504532,2026-05-18T10:15:53.408828
15,27,0.028130238875746727,2026-05-18T10:15:53.467639
15,28,0.027306104078888893,2026-05-18T10:15:54.287691
15,29,0.025020945817232132,2026-05-18T10:15:54.350391
15,30,0.029734911397099495,2026-05-18T10:15:54.412635
15,31,0.027685215696692467,2026-05-18T10:15:54.478272
15,32,0.02568577602505684,2026-05-18T10:15:54.951678
15,33,0.02252267114818096,2026-05-18T10:15:55.012907
15,34,0.025518814101815224,2026-05-18T10:15:55.073159
15,35,0.026307376101613045,2026-05-18T10:15:55.133418
15,36,0.02523433044552803,2026-05-18T10:15:55.818131
15,37,0.02827933430671692,2026-05-18T10:15:55.884165
15,38,0.026705028489232063,2026-05-18T10:15:55.946458
15,39,0.027311811223626137,2026-05-18T10:15:56.012522
15,40,0.02553771622478962,2026-05-18T10:15:56.675338
15,41,0.026108985766768456,2026-05-18T10:15:56.736822
15,42,0.025714775547385216,2026-05-18T10:15:56.798573
15,43,0.02436082437634468,2026-05-18T10:15:56.860551
15,44,0.028581595048308372,2026-05-18T10:15:57.539871
15,45,0.029357025399804115,2026-05-18T10:15:57.599532
15,46,0.0272800512611866,2026-05-18T10:15:57.660128
15,47,0.027987675741314888,2026-05-18T10:15:57.726099
15,48,0.022597717121243477,2026-05-18T10:15:58.477007
15,49,0.02715672180056572,2026-05-18T10:15:58.539256
15,50,0.03320182114839554,2026-05-18T10:15:58.601818
15,51,0.02624562568962574,2026-05-18T10:15:58.664317
15,52,0.024661125615239143,2026-05-18T10:15:59.417889
15,53,0.032474104315042496,2026-05-18T10:15:59.482243
15,54,0.03008279763162136,2026-05-18T10:15:59.547584
15,55,0.03017844259738922,2026-05-18T10:15:59.610760
15,56,0.02770361676812172,2026-05-18T10:16:00.233831
15,57,0.025608638301491737,2026-05-18T10:16:00.298136
15,58,0.02427893504500389,2026-05-18T10:16:00.365501
15,59,0.02582182176411152,2026-05-18T10:16:00.431668
15,60,0.0277272779494524,2026-05-18T10:16:01.094857
15,61,0.026187367737293243,2026-05-18T10:16:01.156411
15,62,0.028197426348924637,2026-05-18T10:16:01.222964
15,63,0.029326792806386948,2026-05-18T10:16:01.288175
15,64,0.02652597427368164,2026-05-18T10:16:01.858753
15,65,0.025439461693167686,2026-05-18T10:16:01.922758
15,66,0.03156275674700737,2026-05-18T10:16:01.987511
15,67,0.025643641129136086,2026-05-18T10:16:02.052491
15,68,0.029148543253540993,2026-05-18T10:16:02.674591
15,69,0.025438997894525528,2026-05-18T10:16:02.737959
15,70,0.030994838103652,2026-05-18T10:16:02.800550
15,71,0.02539118379354477,2026-05-18T10:16:02.863089
15,72,0.02692861109972,2026-05-18T10:16:03.719665
15,73,0.02747381292283535,2026-05-18T10:16:03.785520
15,74,0.030788758769631386,2026-05-18T10:16:03.850897
15,75,0.02559041604399681,2026-05-18T10:16:03.913976
15,76,0.027357693761587143,2026-05-18T10:16:04.499761
15,77,0.02782350592315197,2026-05-18T10:16:04.561913
15,78,0.02718273550271988,2026-05-18T10:16:04.680113
15,79,0.02475619874894619,2026-05-18T10:16:04.741778
15,80,0.02827581763267517,2026-05-18T10:16:05.288576
15,81,0.026762058958411217,2026-05-18T10:16:05.351632
15,82,0.02704758569598198,2026-05-18T10:16:05.415486
15,83,0.029349548742175102,2026-05-18T10:16:05.478440
15,84,0.025020398199558258,2026-05-18T10:16:06.146481
15,85,0.026883330196142197,2026-05-18T10:16:06.207882
15,86,0.0263198334723711,2026-05-18T10:16:06.270307
15,87,0.02491021528840065,2026-05-18T10:16:06.332604
15,88,0.029153205454349518,2026-05-18T10:16:07.067888
15,89,0.03108815662562847,2026-05-18T10:16:07.130988
15,90,0.02919110096991062,2026-05-18T10:16:07.194674
15,91,0.024007447063922882,2026-05-18T10:16:07.264458
15,92,0.030397919937968254,2026-05-18T10:16:07.927193
15,93,0.024994920939207077,2026-05-18T10:16:07.986852
15,94,0.025395777076482773,2026-05-18T10:16:08.048308
15,95,0.030159981921315193,2026-05-18T10:16:08.110507
15,96,0.029367933049798012,2026-05-18T10:16:08.908271
15,97,0.025113100185990334,2026-05-18T10:16:08.971580
15,98,0.026171769946813583,2026-05-18T10:16:09.035125
15,99,0.027338864281773567,2026-05-18T10:16:09.098470
15,100,0.027750659734010696,2026-05-18T10:16:09.718910
15,101,0.028910711407661438,2026-05-18T10:16:09.787967
15,102,0.027975795790553093,2026-05-18T10:16:09.852339
15,103,0.026576120406389236,2026-05-18T10:16:09.917477
15,104,0.029281148687005043,2026-05-18T10:16:10.517594
15,105,0.02788587473332882,2026-05-18T10:16:10.579076
15,106,0.02567078173160553,2026-05-18T10:16:10.644021
15,107,0.024142013862729073,2026-05-18T10:16:10.711014
15,108,0.025438101962208748,2026-05-18T10:16:11.474607
15,109,0.026882870122790337,2026-05-18T10:16:11.541139
15,110,0.028324568644165993,2026-05-18T10:16:11.606699
15,111,0.024820031598210335,2026-05-18T10:16:11.673994
15,112,0.025567570701241493,2026-05-18T10:16:12.337394
15,113,0.02542811632156372,2026-05-18T10:16:12.399499
15,114,0.023934686556458473,2026-05-18T10:16:12.461139
15,115,0.03277474641799927,2026-05-18T10:16:12.524916
15,116,0.024914078414440155,2026-05-18T10:16:13.157196
15,117,0.031072961166501045,2026-05-18T10:16:13.220237
15,118,0.027826663106679916,2026-05-18T10:16:13.283945
15,119,0.0237783994525671,2026-05-18T10:16:13.348117
15,120,0.026500796899199486,2026-05-18T10:16:14.137121
15,121,0.030939722433686256,2026-05-18T10:16:14.198250
15,122,0.024888869374990463,2026-05-18T10:16:14.263790
15,123,0.030160773545503616,2026-05-18T10:16:14.324467
15,124,0.02729932963848114,2026-05-18T10:16:15.105477
15,125,0.02923508919775486,2026-05-18T10:16:15.168005
15,126,0.02546563185751438,2026-05-18T10:16:15.231269
15,127,0.029668789356946945,2026-05-18T10:16:15.297754
15,128,0.026400886476039886,2026-05-18T10:16:15.971828
15,129,0.024754973128437996,2026-05-18T10:16:16.035546
15,130,0.02931341528892517,2026-05-18T10:16:16.098830
15,131,0.026946445927023888,2026-05-18T10:16:16.161719
15,132,0.0280062947422266,2026-05-18T10:16:16.796488
15,133,0.030135005712509155,2026-05-18T10:16:16.858951
15,134,0.032593950629234314,2026-05-18T10:16:16.921045
15,135,0.028507178649306297,2026-05-18T10:16:16.982496
15,136,0.027630070224404335,2026-05-18T10:16:17.467964
15,137,0.027461208403110504,2026-05-18T10:16:17.528742
15,138,0.024781856685876846,2026-05-18T10:16:17.591392
15,139,0.027673864737153053,2026-05-18T10:16:17.654937
15,140,0.024535376578569412,2026-05-18T10:16:18.412542
15,141,0.0310605950653553,2026-05-18T10:16:18.477167
15,142,0.027316037565469742,2026-05-18T10:16:18.540541
15,143,0.03047107346355915,2026-05-18T10:16:18.604554
15,144,0.03319956362247467,2026-05-18T10:16:19.239012
15,145,0.025640854611992836,2026-05-18T10:16:19.305831
15,146,0.030258435755968094,2026-05-18T10:16:19.370130
15,147,0.026625731959939003,2026-05-18T10:16:19.434713
15,148,0.027129940688610077,2026-05-18T10:16:20.050729
15,149,0.027984822168946266,2026-05-18T10:16:20.111699
15,150,0.02991582080721855,2026-05-18T10:16:20.258096
15,151,0.028119400143623352,2026-05-18T10:16:20.322168
15,152,0.02587953954935074,2026-05-18T10:16:20.942233
15,153,0.025097548961639404,2026-05-18T10:16:21.004089
15,154,0.029975978657603264,2026-05-18T10:16:21.142001
15,155,0.028549158945679665,2026-05-18T10:16:21.205060
15,156,0.027309004217386246,2026-05-18T10:16:21.976441
15,157,0.02599332481622696,2026-05-18T10:16:22.036539
15,158,0.030807796865701675,2026-05-18T10:16:22.097929
15,159,0.02521590329706669,2026-05-18T10:16:22.162912
15,160,0.029052959755063057,2026-05-18T10:16:22.661322
15,161,0.024357112124562263,2026-05-18T10:16:22.719426
15,162,0.026330476626753807,2026-05-18T10:16:22.778700
15,163,0.02629859931766987,2026-05-18T10:16:22.838523
15,164,0.02855808101594448,2026-05-18T10:16:23.441857
15,165,0.025992149487137794,2026-05-18T10:16:23.508521
15,166,0.02472364716231823,2026-05-18T10:16:23.630726
15,167,0.029402751475572586,2026-05-18T10:16:23.691793
15,168,0.031225789338350296,2026-05-18T10:16:24.434128
15,169,0.024244360625743866,2026-05-18T10:16:24.499779
15,170,0.026496347039937973,2026-05-18T10:16:24.561428
15,171,0.029454560950398445,2026-05-18T10:16:24.624552
15,172,0.024983618408441544,2026-05-18T10:16:25.584445
15,173,0.028758352622389793,2026-05-18T10:16:25.648848
15,174,0.02566048689186573,2026-05-18T10:16:25.711881
15,175,0.028457943350076675,2026-05-18T10:16:25.772442
15,176,0.025727933272719383,2026-05-18T10:16:26.397142
15,177,0.025343826040625572,2026-05-18T10:16:26.459189
15,178,0.02492959052324295,2026-05-18T10:16:26.583355
15,179,0.02324233576655388,2026-05-18T10:16:26.646193
15,180,0.030205849558115005,2026-05-18T10:16:27.234092
15,181,0.029970908537507057,2026-05-18T10:16:27.294306
15,182,0.025625770911574364,2026-05-18T10:16:27.355925
15,183,0.028209209442138672,2026-05-18T10:16:27.417650
15,184,0.026636335998773575,2026-05-18T10:16:28.048266
15,185,0.02650957554578781,2026-05-18T10:16:28.116077
15,186,0.024337276816368103,2026-05-18T10:16:28.186286
15,187,0.025978880003094673,2026-05-18T10:16:28.251122
15,188,0.02458394691348076,2026-05-18T10:16:28.821000
15,189,0.028217678889632225,2026-05-18T10:16:28.880996
15,190,0.028368564322590828,2026-05-18T10:16:29.054050
15,191,0.02548060566186905,2026-05-18T10:16:29.194175
15,192,0.02520468831062317,2026-05-18T10:16:29.651603
15,193,0.029949376359581947,2026-05-18T10:16:29.713993
15,194,0.026155704632401466,2026-05-18T10:16:29.827750
15,195,0.031108949333429337,2026-05-18T10:16:30.044856
15,196,0.027836455032229424,2026-05-18T10:16:30.522116
15,197,0.026226121932268143,2026-05-18T10:16:30.580826
15,198,0.023800106719136238,2026-05-18T10:16:30.676880
15,199,0.029727429151535034,2026-05-18T10:16:31.079656
15,200,0.02606712095439434,2026-05-18T10:16:31.226657
15,201,0.026690201833844185,2026-05-18T10:16:31.287283
15,202,0.0273427814245224,2026-05-18T10:16:31.694845
15,203,0.026441754773259163,2026-05-18T10:16:31.967242
15,204,0.028428591787815094,2026-05-18T10:16:32.121953
15,205,0.029173877090215683,2026-05-18T10:16:32.185562
15,206,0.02719852514564991,2026-05-18T10:16:32.610839
15,207,0.024543263018131256,2026-05-18T10:16:32.967268
15,208,0.02554280310869217,2026-05-18T10:16:33.030460
15,209,0.02768467739224434,2026-05-18T10:16:33.093908
15,210,0.023743027821183205,2026-05-18T10:16:33.600936
15,211,0.029544075950980186,2026-05-18T10:16:33.951275
15,212,0.02516930364072323,2026-05-18T10:16:34.010869
15,213,0.03483374044299126,2026-05-18T10:16:34.071600
15,214,0.0255145151168108,2026-05-18T10:16:34.435794
15,215,0.02428566850721836,2026-05-18T10:16:34.871904
15,216,0.02754867635667324,2026-05-18T10:16:34.931654
15,217,0.02980034053325653,2026-05-18T10:16:34.992558
15,218,0.028076421469449997,2026-05-18T10:16:35.303415
15,219,0.025683116167783737,2026-05-18T10:16:35.774776
15,220,0.027035148814320564,2026-05-18T10:16:35.834799
15,221,0.024773627519607544,2026-05-18T10:16:35.898139
15,222,0.03041807934641838,2026-05-18T10:16:36.247501
15,223,0.028565024957060814,2026-05-18T10:16:36.622933
15,224,0.029820628464221954,2026-05-18T10:16:36.682535
15,225,0.03344253823161125,2026-05-18T10:16:36.743154
15,226,0.02494315803050995,2026-05-18T10:16:37.013894
15,227,0.02521214261651039,2026-05-18T10:16:37.568944
15,228,0.025970349088311195,2026-05-18T10:16:37.682895
15,229,0.025980984792113304,2026-05-18T10:16:37.745403
15,230,0.029835816472768784,2026-05-18T10:16:38.015647
15,231,0.026830922812223434,2026-05-18T10:16:38.434811
15,232,0.027903173118829727,2026-05-18T10:16:38.494542
15,233,0.027510659769177437,2026-05-18T10:16:38.559947
15,234,0.03197167068719864,2026-05-18T10:16:39.062308
15,235,0.028861187398433685,2026-05-18T10:16:39.320847
15,236,0.028099210932850838,2026-05-18T10:16:39.383444
15,237,0.03101223148405552,2026-05-18T10:16:39.445710
15,238,0.029310353100299835,2026-05-18T10:16:39.958139
15,239,0.024949800223112106,2026-05-18T10:16:40.288429
15,240,0.026139622554183006,2026-05-18T10:16:40.353161
15,241,0.02903147228062153,2026-05-18T10:16:40.415646
15,242,0.026472484692931175,2026-05-18T10:16:40.706624
15,243,0.024553321301937103,2026-05-18T10:16:41.092293
15,244,0.029204830527305603,2026-05-18T10:16:41.155389
15,245,0.031782366335392,2026-05-18T10:16:41.217443
15,246,0.02551090717315674,2026-05-18T10:16:41.682284
15,247,0.030401287600398064,2026-05-18T10:16:41.998313
15,248,0.026495464146137238,2026-05-18T10:16:42.372432
15,249,0.024438252672553062,2026-05-18T10:16:42.435458
15,250,0.02557147853076458,2026-05-18T10:16:42.576948
15,251,0.0284117478877306,2026-05-18T10:16:42.865404
15,252,0.026904379948973656,2026-05-18T10:16:43.238391
15,253,0.030438212677836418,2026-05-18T10:16:43.299921
15,254,0.02617744356393814,2026-05-18T10:16:43.401918
15,255,0.02623782306909561,2026-05-18T10:16:43.745032
15,256,0.025796769186854362,2026-05-18T10:16:44.100202
15,257,0.025272531434893608,2026-05-18T10:16:44.164561
15,258,0.02713136561214924,2026-05-18T10:16:44.223873
15,259,0.02626727893948555,2026-05-18T10:16:44.466949
15,260,0.029793651774525642,2026-05-18T10:16:44.929764
15,261,0.026701267808675766,2026-05-18T10:16:44.989420
15,262,0.03248278796672821,2026-05-18T10:16:45.079804
15,263,0.02672659046947956,2026-05-18T10:16:45.336227
15,264,0.023396993055939674,2026-05-18T10:16:45.850813
15,265,0.028385011479258537,2026-05-18T10:16:45.915074
15,266,0.03048180416226387,2026-05-18T10:16:46.145630
15,267,0.035109683871269226,2026-05-18T10:16:46.207844
15,268,0.026428138837218285,2026-05-18T10:16:46.703814
15,269,0.026661789044737816,2026-05-18T10:16:46.768286
15,270,0.025204796344041824,2026-05-18T10:16:46.920775
15,271,0.028139982372522354,2026-05-18T10:16:46.989255
15,272,0.029996126890182495,2026-05-18T10:16:47.503665
15,273,0.0257295873016119,2026-05-18T10:16:47.564702
15,274,0.02834594063460827,2026-05-18T10:16:47.740322
15,275,0.028622616082429886,2026-05-18T10:16:47.998384
15,276,0.03149062767624855,2026-05-18T10:16:48.240999
15,277,0.025292519479990005,2026-05-18T10:16:48.301366
15,278,0.02478102594614029,2026-05-18T10:16:48.702028
15,279,0.02483239211142063,2026-05-18T10:16:48.780376
15,280,0.030927004292607307,2026-05-18T10:16:49.170436
15,281,0.02645166590809822,2026-05-18T10:16:49.231306
15,282,0.02627907134592533,2026-05-18T10:16:49.469621
15,283,0.02491649240255356,2026-05-18T10:16:49.532919
15,284,0.02574005164206028,2026-05-18T10:16:50.004622
15,285,0.03084373287856579,2026-05-18T10:16:50.065992
15,286,0.03054000809788704,2026-05-18T10:16:50.442945
15,287,0.026229996234178543,2026-05-18T10:16:50.508673
15,288,0.026534713804721832,2026-05-18T10:16:50.770797
15,289,0.0328056775033474,2026-05-18T10:16:50.832162
15,290,0.030333315953612328,2026-05-18T10:16:51.310604
15,291,0.0260737594217062,2026-05-18T10:16:51.370173
15,292,0.029191214591264725,2026-05-18T10:16:51.517409
15,293,0.028327666223049164,2026-05-18T10:16:51.577384
15,294,0.026879172772169113,2026-05-18T10:16:52.099291
15,295,0.03237452358007431,2026-05-18T10:16:52.161520
15,296,0.026351993903517723,2026-05-18T10:16:52.389436
15,297,0.030578849837183952,2026-05-18T10:16:52.453029
15,298,0.02579825185239315,2026-05-18T10:16:53.095941
15,299,0.027935467660427094,2026-05-18T10:16:53.157905
15,300,0.024261143058538437,2026-05-18T10:16:53.288054
15,301,0.02933061122894287,2026-05-18T10:16:53.350976
15,302,0.026277460157871246,2026-05-18T10:16:53.889541
15,303,0.027454594150185585,2026-05-18T10:16:53.950699
15,304,0.02800821326673031,2026-05-18T10:16:54.312535
15,305,0.027882656082510948,2026-05-18T10:16:54.372596
15,306,0.0286500696092844,2026-05-18T10:16:54.760263
15,307,0.025832176208496094,2026-05-18T10:16:54.820540
15,308,0.028505876660346985,2026-05-18T10:16:55.241475
15,309,0.02673431485891342,2026-05-18T10:16:55.298292
15,310,0.025904551148414612,2026-05-18T10:16:55.375942
15,311,0.03072405606508255,2026-05-18T10:16:55.540449
15,312,0.02472318336367607,2026-05-18T10:16:56.120311
15,313,0.027057453989982605,2026-05-18T10:16:56.180822
15,314,0.025601986795663834,2026-05-18T10:16:56.241008
15,315,0.02919548749923706,2026-05-18T10:16:56.356401
15,316,0.02828959748148918,2026-05-18T10:16:56.902201
15,317,0.02861678972840309,2026-05-18T10:16:56.960514
15,318,0.02913687936961651,2026-05-18T10:16:57.083232
15,319,0.026398656889796257,2026-05-18T10:16:57.247107
15,320,0.025152569636702538,2026-05-18T10:16:57.629163
15,321,0.028242656961083412,2026-05-18T10:16:57.688970
15,322,0.025574034079909325,2026-05-18T10:16:58.005082
15,323,0.027671240270137787,2026-05-18T10:16:58.103518
15,324,0.029636533930897713,2026-05-18T10:16:58.451761
15,325,0.02260022796690464,2026-05-18T10:16:58.510870
15,326,0.02823765017092228,2026-05-18T10:16:58.710989
15,327,0.026939498260617256,2026-05-18T10:16:58.865216
15,328,0.025753453373908997,2026-05-18T10:16:59.326543
15,329,0.025521304458379745,2026-05-18T10:16:59.385804
15,330,0.02518277056515217,2026-05-18T10:16:59.589499
15,331,0.027073128148913383,2026-05-18T10:16:59.736791
15,332,0.025978999212384224,2026-05-18T10:17:00.344839
15,333,0.026962680742144585,2026-05-18T10:17:00.405593
15,334,0.031410638242959976,2026-05-18T10:17:00.467030
15,335,0.02748364955186844,2026-05-18T10:17:00.734980
15,336,0.025163229554891586,2026-05-18T10:17:01.094814
15,337,0.027893394231796265,2026-05-18T10:17:01.153677
15,338,0.026793677359819412,2026-05-18T10:17:01.411470
15,339,0.027599403634667397,2026-05-18T10:17:01.470598
15,340,0.027830542996525764,2026-05-18T10:17:02.003562
15,341,0.03051583096385002,2026-05-18T10:17:02.063152
15,342,0.02539214678108692,2026-05-18T10:17:02.315197
15,343,0.02627250924706459,2026-05-18T10:17:02.374262
15,344,0.026671819388866425,2026-05-18T10:17:03.014141
15,345,0.024189673364162445,2026-05-18T10:17:03.075813
15,346,0.026360655203461647,2026-05-18T10:17:03.137257
15,347,0.028652984648942947,2026-05-18T10:17:03.199026
15,348,0.02848014235496521,2026-05-18T10:17:03.810228
15,349,0.025524087250232697,2026-05-18T10:17:03.871403
15,350,0.025863928720355034,2026-05-18T10:17:04.019986
15,351,0.028421984985470772,2026-05-18T10:17:04.081194
15,352,0.023955317214131355,2026-05-18T10:17:04.911970
15,353,0.02926761843264103,2026-05-18T10:17:04.982004
15,354,0.030079197138547897,2026-05-18T10:17:05.046140
15,355,0.02722674421966076,2026-05-18T10:17:05.114348
15,356,0.02479458600282669,2026-05-18T10:17:05.904488
15,357,0.032745394855737686,2026-05-18T10:17:05.966299
15,358,0.025770558044314384,2026-05-18T10:17:06.028036
15,359,0.02819119766354561,2026-05-18T10:17:06.093581
15,360,0.028361301869153976,2026-05-18T10:17:06.822741
15,361,0.029343873262405396,2026-05-18T10:17:06.884916
15,362,0.026685239747166634,2026-05-18T10:17:06.946909
15,363,0.032888732850551605,2026-05-18T10:17:07.010454
15,364,0.029203791171312332,2026-05-18T10:17:07.832114
15,365,0.02739943191409111,2026-05-18T10:17:07.894255
15,366,0.02343556098639965,2026-05-18T10:17:07.956619
15,367,0.026355907320976257,2026-05-18T10:17:08.020390
15,368,0.024577198550105095,2026-05-18T10:17:08.825509
15,369,0.02769106812775135,2026-05-18T10:17:08.887383
15,370,0.03288853541016579,2026-05-18T10:17:08.949714
15,371,0.02596789039671421,2026-05-18T10:17:09.015490
15,372,0.027631815522909164,2026-05-18T10:17:09.575136
15,373,0.025020450353622437,2026-05-18T10:17:09.638437
15,374,0.025376686826348305,2026-05-18T10:17:09.700188
15,375,0.02505963109433651,2026-05-18T10:17:09.760901
15,376,0.025896776467561722,2026-05-18T10:17:10.476287
15,377,0.024873582646250725,2026-05-18T10:17:10.538586
15,378,0.024378325790166855,2026-05-18T10:17:10.655598
15,379,0.02873578667640686,2026-05-18T10:17:10.716250
15,380,0.029293373227119446,2026-05-18T10:17:11.277925
15,381,0.02560250461101532,2026-05-18T10:17:11.341073
15,382,0.02329917438328266,2026-05-18T10:17:11.411450
15,383,0.023714188486337662,2026-05-18T10:17:11.480447
15,384,0.02946527488529682,2026-05-18T10:17:12.254467
15,385,0.027437083423137665,2026-05-18T10:17:12.318069
15,386,0.02539217844605446,2026-05-18T10:17:12.384887
15,387,0.024836014956235886,2026-05-18T10:17:12.453309
15,388,0.028119035065174103,2026-05-18T10:17:13.277227
15,389,0.027414973825216293,2026-05-18T10:17:13.342818
15,390,0.0298929400742054,2026-05-18T10:17:13.406595
15,391,0.03169967979192734,2026-05-18T10:17:13.469228
15,392,0.02358696423470974,2026-05-18T10:17:14.122504
15,393,0.02495117299258709,2026-05-18T10:17:14.185143
15,394,0.029186366125941277,2026-05-18T10:17:14.247938
15,395,0.02638905867934227,2026-05-18T10:17:14.310611
15,396,0.024065451696515083,2026-05-18T10:17:15.055597
15,397,0.02469334937632084,2026-05-18T10:17:15.117007
15,398,0.02665196731686592,2026-05-18T10:17:15.179673
15,399,0.02799881063401699,2026-05-18T10:17:15.243115
15,400,0.027493465691804886,2026-05-18T10:17:15.874193
15,401,0.025639185681939125,2026-05-18T10:17:15.933203
15,402,0.027087828144431114,2026-05-18T10:17:15.993604
15,403,0.027759315446019173,2026-05-18T10:17:16.054505
15,404,0.026548007503151894,2026-05-18T10:17:16.762945
15,405,0.02712416648864746,2026-05-18T10:17:16.824615
15,406,0.033384572714567184,2026-05-18T10:17:16.887266
15,407,0.031882818788290024,2026-05-18T10:17:16.953831
15,408,0.02729000337421894,2026-05-18T10:17:17.746633
15,409,0.027430467307567596,2026-05-18T10:17:17.808327
15,410,0.032743681222200394,2026-05-18T10:17:17.872174
15,411,0.026802977547049522,2026-05-18T10:17:17.934097
15,412,0.026398930698633194,2026-05-18T10:17:18.499261
15,413,0.025525271892547607,2026-05-18T10:17:18.559115
15,414,0.027060838416218758,2026-05-18T10:17:18.626024
15,415,0.02362406626343727,2026-05-18T10:17:18.687308
15,416,0.0304593313485384,2026-05-18T10:17:19.273753
15,417,0.0242594126611948,2026-05-18T10:17:19.335912
15,418,0.02858508937060833,2026-05-18T10:17:19.401693
15,419,0.029107926413416862,2026-05-18T10:17:19.467034
15,420,0.029534554108977318,2026-05-18T10:17:19.975828
15,421,0.02986598201096058,2026-05-18T10:17:20.038306
15,422,0.026777204126119614,2026-05-18T10:17:20.109360
15,423,0.024737881496548653,2026-05-18T10:17:20.179444
15,424,0.02794288657605648,2026-05-18T10:17:20.841669
15,425,0.027889054268598557,2026-05-18T10:17:20.906779
15,426,0.024917468428611755,2026-05-18T10:17:20.970864
15,427,0.029019389301538467,2026-05-18T10:17:21.038250
15,428,0.025265760719776154,2026-05-18T10:17:22.061759
15,429,0.02683928981423378,2026-05-18T10:17:22.124188
15,430,0.025395972654223442,2026-05-18T10:17:22.192069
15,431,0.02541167289018631,2026-05-18T10:17:22.255143
15,432,0.03079446777701378,2026-05-18T10:17:22.928776
15,433,0.025505870580673218,2026-05-18T10:17:22.990956
15,434,0.028377709910273552,2026-05-18T10:17:23.053288
15,435,0.027484731748700142,2026-05-18T10:17:23.119579
15,436,0.02942006103694439,2026-05-18T10:17:23.888148
15,437,0.029032113030552864,2026-05-18T10:17:23.954436
15,438,0.027241377159953117,2026-05-18T10:17:24.021550
15,439,0.03316117823123932,2026-05-18T10:17:24.088755
15,440,0.02344501204788685,2026-05-18T10:17:24.993357
15,441,0.02640024572610855,2026-05-18T10:17:25.054578
15,442,0.029570622369647026,2026-05-18T10:17:25.116407
15,443,0.02742287702858448,2026-05-18T10:17:25.179352
15,444,0.024655453860759735,2026-05-18T10:17:25.761945
15,445,0.026329025626182556,2026-05-18T10:17:25.823497
15,446,0.029244428500533104,2026-05-18T10:17:25.883636
15,447,0.024991532787680626,2026-05-18T10:17:25.944364
15,448,0.03762175515294075,2026-05-18T10:17:26.783186
15,449,0.032925862818956375,2026-05-18T10:17:26.845475
15,450,0.027113070711493492,2026-05-18T10:17:26.907048
15,451,0.024314718320965767,2026-05-18T10:17:26.970420
15,452,0.027626754716038704,2026-05-18T10:17:27.637662
15,453,0.024231255054473877,2026-05-18T10:17:27.698696
15,454,0.030055340379476547,2026-05-18T10:17:27.759697
15,455,0.02639034204185009,2026-05-18T10:17:27.820534
15,456,0.025395818054676056,2026-05-18T10:17:28.467553
15,457,0.027339613065123558,2026-05-18T10:17:28.525493
15,458,0.028484288603067398,2026-05-18T10:17:28.584451
15,459,0.027610165998339653,2026-05-18T10:17:28.643367
15,460,0.027643878012895584,2026-05-18T10:17:29.224687
15,461,0.026142146438360214,2026-05-18T10:17:29.286273
15,462,0.025952156633138657,2026-05-18T10:17:29.349835
15,463,0.028861230239272118,2026-05-18T10:17:29.411845
15,464,0.026059608906507492,2026-05-18T10:17:30.105755
15,465,0.025127490982413292,2026-05-18T10:17:30.165512
15,466,0.027635885402560234,2026-05-18T10:17:30.225835
15,467,0.02733801305294037,2026-05-18T10:17:30.285981
15,468,0.030700596049427986,2026-05-18T10:17:31.002526
15,469,0.027278991416096687,2026-05-18T10:17:31.064044
15,470,0.026031658053398132,2026-05-18T10:17:31.125520
15,471,0.0290567297488451,2026-05-18T10:17:31.191587
15,472,0.023706579580903053,2026-05-18T10:17:31.883619
15,473,0.02547423169016838,2026-05-18T10:17:31.942244
15,474,0.02796742133796215,2026-05-18T10:17:32.002097
15,475,0.033775750547647476,2026-05-18T10:17:32.065292
15,476,0.024386998265981674,2026-05-18T10:17:32.809495
15,477,0.025064099580049515,2026-05-18T10:17:32.870591
15,478,0.026056179776787758,2026-05-18T10:17:32.986403
15,479,0.025515789166092873,2026-05-18T10:17:33.047514
15,480,0.028305381536483765,2026-05-18T10:17:33.585775
15,481,0.026344742625951767,2026-05-18T10:17:33.645754
15,482,0.02428494393825531,2026-05-18T10:17:33.705449
15,483,0.031183697283267975,2026-05-18T10:17:33.768000
15,484,0.029900051653385162,2026-05-18T10:17:34.351348
15,485,0.024370919913053513,2026-05-18T10:17:34.412163
15,486,0.027318980544805527,2026-05-18T10:17:34.473979
15,487,0.02764124423265457,2026-05-18T10:17:34.536115
15,488,0.025224000215530396,2026-05-18T10:17:35.218466
15,489,0.024719439446926117,2026-05-18T10:17:35.277338
15,490,0.026085464283823967,2026-05-18T10:17:35.337953
15,491,0.02958545833826065,2026-05-18T10:17:35.399751
15,492,0.025765331462025642,2026-05-18T10:17:35.960444
15,493,0.026185069233179092,2026-05-18T10:17:36.025261
15,494,0.026738787069916725,2026-05-18T10:17:36.305882
15,495,0.02888624183833599,2026-05-18T10:17:36.367758
15,496,0.031427983194589615,2026-05-18T10:17:36.801401
15,497,0.031390730291604996,2026-05-18T10:17:36.863551
15,498,0.025542940944433212,2026-05-18T10:17:37.074096
15,499,0.023550862446427345,2026-05-18T10:17:37.134642
15,500,0.02654900960624218,2026-05-18T10:17:37.836003
15,501,0.02723812870681286,2026-05-18T10:17:37.898115
15,502,0.026186887174844742,2026-05-18T10:17:37.960648
15,503,0.02870935946702957,2026-05-18T10:17:38.023132
15,504,0.0271927323192358,2026-05-18T10:17:38.706085
15,505,0.028587136417627335,2026-05-18T10:17:38.767912
15,506,0.026311557739973068,2026-05-18T10:17:38.830771
15,507,0.02626674808561802,2026-05-18T10:17:38.892085
15,508,0.024905145168304443,2026-05-18T10:17:39.521555
15,509,0.02662506327033043,2026-05-18T10:17:39.580107
15,510,0.026616360992193222,2026-05-18T10:17:39.640367
15,511,0.035273611545562744,2026-05-18T10:17:39.701218
15,512,0.027990058064460754,2026-05-18T10:17:40.373544
15,513,0.029100382700562477,2026-05-18T10:17:40.435264
15,514,0.0290913674980402,2026-05-18T10:17:40.506639
15,515,0.0252935029566288,2026-05-18T10:17:40.568642
15,516,0.02614845149219036,2026-05-18T10:17:41.344153
15,517,0.026773516088724136,2026-05-18T10:17:41.405866
15,518,0.026668313890695572,2026-05-18T10:17:41.467574
15,519,0.02969721332192421,2026-05-18T10:17:41.530738
15,520,0.02470969408750534,2026-05-18T10:17:42.261873
15,521,0.02665814571082592,2026-05-18T10:17:42.321743
15,522,0.029648171737790108,2026-05-18T10:17:42.382174
15,523,0.025993945077061653,2026-05-18T10:17:42.444493
15,524,0.028590647503733635,2026-05-18T10:17:43.198854
15,525,0.028482818976044655,2026-05-18T10:17:43.261786
15,526,0.025026945397257805,2026-05-18T10:17:43.326500
15,527,0.029943443834781647,2026-05-18T10:17:43.391283
15,528,0.026927029713988304,2026-05-18T10:17:44.080755
15,529,0.02564060129225254,2026-05-18T10:17:44.142721
15,530,0.026592887938022614,2026-05-18T10:17:44.206207
15,531,0.027260858565568924,2026-05-18T10:17:44.270097
15,532,0.03074195608496666,2026-05-18T10:17:44.996606
15,533,0.02669302001595497,2026-05-18T10:17:45.061799
15,534,0.027114881202578545,2026-05-18T10:17:45.130035
15,535,0.025531860068440437,2026-05-18T10:17:45.196039
15,536,0.025935547426342964,2026-05-18T10:17:45.793711
15,537,0.025989672169089317,2026-05-18T10:17:45.854687
15,538,0.026986604556441307,2026-05-18T10:17:45.916305
15,539,0.027474040165543556,2026-05-18T10:17:45.984208
15,540,0.03080260567367077,2026-05-18T10:17:46.711944
15,541,0.029063858091831207,2026-05-18T10:17:46.773733
15,542,0.027615992352366447,2026-05-18T10:17:46.836733
15,543,0.02679987996816635,2026-05-18T10:17:46.900467
15,544,0.028064733371138573,2026-05-18T10:17:47.616314
15,545,0.0260822344571352,2026-05-18T10:17:47.679450
15,546,0.027161171659827232,2026-05-18T10:17:47.742458
15,547,0.026226015761494637,2026-05-18T10:17:47.805483
15,548,0.026554280892014503,2026-05-18T10:17:48.580030
15,549,0.023094363510608673,2026-05-18T10:17:48.642116
15,550,0.027762459591031075,2026-05-18T10:17:48.704997
15,551,0.026253681629896164,2026-05-18T10:17:48.767579
15,552,0.026539290323853493,2026-05-18T10:17:49.551619
15,553,0.026885347440838814,2026-05-18T10:17:49.615445
15,554,0.0247039832174778,2026-05-18T10:17:49.677904
15,555,0.025615224614739418,2026-05-18T10:17:49.742068
15,556,0.027437223121523857,2026-05-18T10:17:50.342827
15,557,0.02723143808543682,2026-05-18T10:17:50.404724
15,558,0.023306656628847122,2026-05-18T10:17:50.464817
15,559,0.03120904229581356,2026-05-18T10:17:50.526972
15,560,0.028987817466259003,2026-05-18T10:17:51.356680
15,561,0.026992464438080788,2026-05-18T10:17:51.422806
15,562,0.026684371754527092,2026-05-18T10:17:51.491546
15,563,0.02693498507142067,2026-05-18T10:17:51.556925
15,564,0.03157038986682892,2026-05-18T10:17:52.353317
15,565,0.026137584820389748,2026-05-18T10:17:52.417966
15,566,0.03281838074326515,2026-05-18T10:17:52.483231
15,567,0.029184972867369652,2026-05-18T10:17:52.553418
15,568,0.029062502086162567,2026-05-18T10:17:53.189333
15,569,0.030370624735951424,2026-05-18T10:17:53.251460
15,570,0.02441590651869774,2026-05-18T10:17:53.313725
15,571,0.027302859351038933,2026-05-18T10:17:53.376659
15,572,0.026415586471557617,2026-05-18T10:17:54.238170
15,573,0.025702564045786858,2026-05-18T10:17:54.300977
15,574,0.025848500430583954,2026-05-18T10:17:54.363155
15,575,0.02749265916645527,2026-05-18T10:17:54.426735
15,576,0.025433793663978577,2026-05-18T10:17:55.262929
15,577,0.029767656698822975,2026-05-18T10:17:55.324786
15,578,0.025985518470406532,2026-05-18T10:17:55.445326
15,579,0.02353752963244915,2026-05-18T10:17:55.507065
15,580,0.025552231818437576,2026-05-18T10:17:56.136655
15,581,0.027994805946946144,2026-05-18T10:17:56.212161
15,582,0.02495528757572174,2026-05-18T10:17:56.274541
15,583,0.024826381355524063,2026-05-18T10:17:56.337153
15,584,0.027226917445659637,2026-05-18T10:17:56.957999
15,585,0.028506245464086533,2026-05-18T10:17:57.018610
15,586,0.025539712980389595,2026-05-18T10:17:57.079823
15,587,0.027761276811361313,2026-05-18T10:17:57.139897
15,588,0.02824576012790203,2026-05-18T10:17:58.009408
15,589,0.028499605134129524,2026-05-18T10:17:58.072349
15,590,0.029828043654561043,2026-05-18T10:17:58.135439
15,591,0.028511280193924904,2026-05-18T10:17:58.198124
15,592,0.028242532163858414,2026-05-18T10:17:58.807721
15,593,0.029084281995892525,2026-05-18T10:17:58.869152
15,594,0.024433674290776253,2026-05-18T10:17:58.936065
15,595,0.040919288992881775,2026-05-18T10:17:58.998989
15,596,0.028579697012901306,2026-05-18T10:17:59.597697
15,597,0.026609573513269424,2026-05-18T10:17:59.659138
15,598,0.029289843514561653,2026-05-18T10:17:59.720100
15,599,0.027094442397356033,2026-05-18T10:17:59.781429
15,600,0.02497711405158043,2026-05-18T10:18:00.401893
15,601,0.027444886043667793,2026-05-18T10:18:00.526027
15,602,0.0270791407674551,2026-05-18T10:18:00.589728
15,603,0.031101044267416,2026-05-18T10:18:00.651769
15,604,0.031088635325431824,2026-05-18T10:18:01.236210
15,605,0.03378850594162941,2026-05-18T10:18:01.476660
15,606,0.027797918766736984,2026-05-18T10:18:01.535895
15,607,0.023898914456367493,2026-05-18T10:18:01.594565
15,608,0.026769060641527176,2026-05-18T10:18:02.045686
15,609,0.028864800930023193,2026-05-18T10:18:02.257762
15,610,0.028548628091812134,2026-05-18T10:18:02.514885
15,611,0.028392815962433815,2026-05-18T10:18:02.572780
15,612,0.031315889209508896,2026-05-18T10:18:03.041241
15,613,0.025804150849580765,2026-05-18T10:18:03.176868
15,614,0.026887573301792145,2026-05-18T10:18:03.289814
15,615,0.023943787440657616,2026-05-18T10:18:03.349832
15,616,0.03011992946267128,2026-05-18T10:18:03.964704
15,617,0.026305081322789192,2026-05-18T10:18:04.288566
15,618,0.03361974656581879,2026-05-18T10:18:04.349112
15,619,0.026751263067126274,2026-05-18T10:18:04.408093
15,620,0.031953632831573486,2026-05-18T10:18:04.898972
15,621,0.027945343405008316,2026-05-18T10:18:05.277401
15,622,0.027083972468972206,2026-05-18T10:18:05.338450
15,623,0.032055288553237915,2026-05-18T10:18:05.400148
15,624,0.024315552785992622,2026-05-18T10:18:05.652711
15,625,0.02869071066379547,2026-05-18T10:18:06.101973
15,626,0.03070470131933689,2026-05-18T10:18:06.161173
15,627,0.0262786615639925,2026-05-18T10:18:06.220345
15,628,0.023099901154637337,2026-05-18T10:18:06.541599
15,629,0.026455989107489586,2026-05-18T10:18:07.006474
15,630,0.02689940296113491,2026-05-18T10:18:07.067287
15,631,0.03515600040555,2026-05-18T10:18:07.128732
15,632,0.025060590356588364,2026-05-18T10:18:07.619478
15,633,0.027331285178661346,2026-05-18T10:18:08.122121
15,634,0.025090578943490982,2026-05-18T10:18:08.188726
15,635,0.0262119323015213,2026-05-18T10:18:08.251018
15,636,0.0298454649746418,2026-05-18T10:18:08.595019
15,637,0.02321002259850502,2026-05-18T10:18:09.048823
15,638,0.028542697429656982,2026-05-18T10:18:09.111492
15,639,0.026249853894114494,2026-05-18T10:18:09.178124
15,640,0.025347260758280754,2026-05-18T10:18:09.530702
15,641,0.024901075288653374,2026-05-18T10:18:09.793419
15,642,0.026252426207065582,2026-05-18T10:18:09.994593
15,643,0.02626703307032585,2026-05-18T10:18:10.054388
15,644,0.027529723942279816,2026-05-18T10:18:10.386016
15,645,0.026291407644748688,2026-05-18T10:18:10.573837
15,646,0.024133654311299324,2026-05-18T10:18:10.958187
15,647,0.02719324268400669,2026-05-18T10:18:11.017189
15,648,0.023729871958494186,2026-05-18T10:18:11.321848
15,649,0.02579091116786003,2026-05-18T10:18:11.380964
15,650,0.024266917258501053,2026-05-18T10:18:11.920958
15,651,0.025203887373209,2026-05-18T10:18:11.982640
15,652,0.02544177882373333,2026-05-18T10:18:12.226876
15,653,0.02697235718369484,2026-05-18T10:18:12.295201
15,654,0.02766220085322857,2026-05-18T10:18:12.677353
15,655,0.028183743357658386,2026-05-18T10:18:12.737257
15,656,0.025395842269062996,2026-05-18T10:18:13.131316
15,657,0.026612592861056328,2026-05-18T10:18:13.191419
15,658,0.02756376564502716,2026-05-18T10:18:13.542986
15,659,0.02959306538105011,2026-05-18T10:18:13.607060
15,660,0.03151656687259674,2026-05-18T10:18:14.263627
15,661,0.028455976396799088,2026-05-18T10:18:14.325872
15,662,0.0240397360175848,2026-05-18T10:18:14.394581
15,663,0.030482864007353783,2026-05-18T10:18:14.457089
15,664,0.028906533494591713,2026-05-18T10:18:15.089012
15,665,0.02753596007823944,2026-05-18T10:18:15.150157
15,666,0.027950815856456757,2026-05-18T10:18:15.212413
15,667,0.028140436857938766,2026-05-18T10:18:15.275733
15,668,0.02677757851779461,2026-05-18T10:18:16.018825
15,669,0.03204865753650665,2026-05-18T10:18:16.081216
15,670,0.026538576930761337,2026-05-18T10:18:16.146049
15,671,0.026002293452620506,2026-05-18T10:18:16.209145
15,672,0.02644851617515087,2026-05-18T10:18:16.949968
15,673,0.024184204638004303,2026-05-18T10:18:17.015823
15,674,0.028919978067278862,2026-05-18T10:18:17.082355
15,675,0.0292152538895607,2026-05-18T10:18:17.149352
15,676,0.025695007294416428,2026-05-18T10:18:17.886137
15,677,0.025068655610084534,2026-05-18T10:18:17.952612
15,678,0.027293736115098,2026-05-18T10:18:18.074877
15,679,0.026036320254206657,2026-05-18T10:18:18.136850
15,680,0.029726466163992882,2026-05-18T10:18:18.633026
15,681,0.02903343178331852,2026-05-18T10:18:18.692176
15,682,0.023378243669867516,2026-05-18T10:18:18.806933
15,683,0.026794588193297386,2026-05-18T10:18:18.868181
15,684,0.030382396653294563,2026-05-18T10:18:19.525539
15,685,0.028719468042254448,2026-05-18T10:18:19.587987
15,686,0.027077537029981613,2026-05-18T10:18:19.798676
15,687,0.02409522607922554,2026-05-18T10:18:19.859121
15,688,0.03233533352613449,2026-05-18T10:18:20.492213
15,689,0.028375955298542976,2026-05-18T10:18:20.554128
15,690,0.026782995089888573,2026-05-18T10:18:20.717489
15,691,0.03633320704102516,2026-05-18T10:18:20.778921
15,692,0.026057995855808258,2026-05-18T10:18:21.377495
15,693,0.023789040744304657,2026-05-18T10:18:21.440608
15,694,0.02858765609562397,2026-05-18T10:18:21.666020
15,695,0.036959558725357056,2026-05-18T10:18:21.728598
15,696,0.03306746482849121,2026-05-18T10:18:22.246210
15,697,0.032750342041254044,2026-05-18T10:18:22.306028
15,698,0.02880820818245411,2026-05-18T10:18:22.601640
15,699,0.02465943992137909,2026-05-18T10:18:22.669860
15,700,0.02718714252114296,2026-05-18T10:18:23.349494
15,701,0.02700546197593212,2026-05-18T10:18:23.411999
15,702,0.025959905236959457,2026-05-18T10:18:23.476443
15,703,0.02557726763188839,2026-05-18T10:18:23.541923
15,704,0.02703452855348587,2026-05-18T10:18:24.191733
15,705,0.03008529543876648,2026-05-18T10:18:24.295237
15,706,0.024485481902956963,2026-05-18T10:18:24.359495
15,707,0.025849711149930954,2026-05-18T10:18:24.425520
15,708,0.024570180103182793,2026-05-18T10:18:25.175681
15,709,0.03537384420633316,2026-05-18T10:18:25.239729
15,710,0.032079923897981644,2026-05-18T10:18:25.305720
15,711,0.028056975454092026,2026-05-18T10:18:25.369324
15,712,0.028830816969275475,2026-05-18T10:18:26.104997
15,713,0.02582510933279991,2026-05-18T10:18:26.167574
15,714,0.027315406128764153,2026-05-18T10:18:26.236449
15,715,0.027195943519473076,2026-05-18T10:18:26.298311
15,716,0.024397917091846466,2026-05-18T10:18:27.036142
15,717,0.025543024763464928,2026-05-18T10:18:27.098369
15,718,0.026392469182610512,2026-05-18T10:18:27.161340
15,719,0.029020538553595543,2026-05-18T10:18:27.223674
15,720,0.027386533096432686,2026-05-18T10:18:28.112021
15,721,0.02768828719854355,2026-05-18T10:18:28.178377
15,722,0.02781997248530388,2026-05-18T10:18:28.242436
15,723,0.026023389771580696,2026-05-18T10:18:28.306534
15,724,0.026256050914525986,2026-05-18T10:18:29.059576
15,725,0.02348710037767887,2026-05-18T10:18:29.121533
15,726,0.02773907035589218,2026-05-18T10:18:29.185006
15,727,0.027472954243421555,2026-05-18T10:18:29.250665
15,728,0.026643378660082817,2026-05-18T10:18:30.110495
15,729,0.026543010026216507,2026-05-18T10:18:30.174148
15,730,0.027934035286307335,2026-05-18T10:18:30.240207
15,731,0.025862740352749825,2026-05-18T10:18:30.305073
15,732,0.024584855884313583,2026-05-18T10:18:31.209352
15,733,0.03354185074567795,2026-05-18T10:18:31.275085
15,734,0.028371518477797508,2026-05-18T10:18:31.341612
15,735,0.027453003451228142,2026-05-18T10:18:31.413417
15,736,0.02629062347114086,2026-05-18T10:18:32.298542
15,737,0.026650188490748405,2026-05-18T10:18:32.367130
15,738,0.029615068808197975,2026-05-18T10:18:32.430285
15,739,0.030018437653779984,2026-05-18T10:18:32.496746
15,740,0.023835299536585808,2026-05-18T10:18:33.326007
15,741,0.03126497194170952,2026-05-18T10:18:33.397538
15,742,0.026143429800868034,2026-05-18T10:18:33.464353
15,743,0.026825882494449615,2026-05-18T10:18:33.524910
15,744,0.026276428252458572,2026-05-18T10:18:34.715081
15,745,0.025699404999613762,2026-05-18T10:18:34.783815
15,746,0.027897771447896957,2026-05-18T10:18:34.852228
15,747,0.02865629456937313,2026-05-18T10:18:34.923167
15,748,0.027142085134983063,2026-05-18T10:18:36.011425
15,749,0.025714904069900513,2026-05-18T10:18:36.077286
15,750,0.027317533269524574,2026-05-18T10:18:36.144985
15,751,0.0269215926527977,2026-05-18T10:18:36.209467
15,752,0.02855844795703888,2026-05-18T10:18:37.429509
15,753,0.025902509689331055,2026-05-18T10:18:37.501628
15,754,0.024837279692292213,2026-05-18T10:18:37.567139
15,755,0.02511163428425789,2026-05-18T10:18:37.634915
15,756,0.028639480471611023,2026-05-18T10:18:38.941553
15,757,0.02558494172990322,2026-05-18T10:18:39.007907
15,758,0.027556316927075386,2026-05-18T10:18:39.076898
15,759,0.02870429866015911,2026-05-18T10:18:39.147735
15,760,0.028217317536473274,2026-05-18T10:18:40.139859
15,761,0.03342628479003906,2026-05-18T10:18:40.210928
15,762,0.027239574119448662,2026-05-18T10:18:40.281917
15,763,0.02664436586201191,2026-05-18T10:18:40.350484
15,764,0.024696990847587585,2026-05-18T10:18:41.319063
15,765,0.02997392602264881,2026-05-18T10:18:41.383835
15,766,0.024423465132713318,2026-05-18T10:18:41.447928
15,767,0.029753243550658226,2026-05-18T10:18:41.513080
15,768,0.02685488387942314,2026-05-18T10:18:42.400251
15,769,0.025032470002770424,2026-05-18T10:18:42.463136
15,770,0.02774076908826828,2026-05-18T10:18:42.527249
15,771,0.02476680278778076,2026-05-18T10:18:42.588978
15,772,0.024672381579875946,2026-05-18T10:18:43.703221
15,773,0.026540007442235947,2026-05-18T10:18:43.766768
15,774,0.028684372082352638,2026-05-18T10:18:43.835188
15,775,0.027028322219848633,2026-05-18T10:18:43.907335
15,776,0.025255130603909492,2026-05-18T10:18:44.882897
15,777,0.024803373962640762,2026-05-18T10:18:44.946456
15,778,0.02640758454799652,2026-05-18T10:18:45.084752
15,779,0.029131075367331505,2026-05-18T10:18:45.145357
15,780,0.030850155279040337,2026-05-18T10:18:45.777399
15,781,0.02983550727367401,2026-05-18T10:18:45.840707
15,782,0.02796635404229164,2026-05-18T10:18:45.976916
15,783,0.02904525399208069,2026-05-18T10:18:46.044344
15,784,0.02664128877222538,2026-05-18T10:18:46.895430
15,785,0.025783756747841835,2026-05-18T10:18:46.965287
15,786,0.026634201407432556,2026-05-18T10:18:47.289470
15,787,0.02773638814687729,2026-05-18T10:18:47.351113
15,788,0.02435864694416523,2026-05-18T10:18:48.186451
15,789,0.02472776733338833,2026-05-18T10:18:48.256080
15,790,0.025458944961428642,2026-05-18T10:18:48.436619
15,791,0.03849029913544655,2026-05-18T10:18:48.504143
15,792,0.025677181780338287,2026-05-18T10:18:49.236179
15,793,0.024379976093769073,2026-05-18T10:18:49.300474
15,794,0.02996835485100746,2026-05-18T10:18:49.470561
15,795,0.03181127831339836,2026-05-18T10:18:49.533885
15,796,0.025964805856347084,2026-05-18T10:18:50.220215
15,797,0.026728074997663498,2026-05-18T10:18:50.284209
15,798,0.02537846937775612,2026-05-18T10:18:50.525750
15,799,0.027749616652727127,2026-05-18T10:18:50.589243
15,800,0.02574961446225643,2026-05-18T10:18:51.174611
15,801,0.030060971155762672,2026-05-18T10:18:51.238171
15,802,0.03559916466474533,2026-05-18T10:18:51.580033
15,803,0.034106798470020294,2026-05-18T10:18:51.667577
15,804,0.026540841907262802,2026-05-18T10:18:52.375199
15,805,0.025795791298151016,2026-05-18T10:18:52.438782
15,806,0.025234077125787735,2026-05-18T10:18:52.715821
15,807,0.025195389986038208,2026-05-18T10:18:52.778364
15,808,0.02854907512664795,2026-05-18T10:18:53.267707
15,809,0.031756382435560226,2026-05-18T10:18:53.327430
15,810,0.027634503319859505,2026-05-18T10:18:53.772511
15,811,0.025386806577444077,2026-05-18T10:18:53.833259
15,812,0.02860972099006176,2026-05-18T10:18:54.056120
15,813,0.02840033732354641,2026-05-18T10:18:54.118288
15,814,0.02793998457491398,2026-05-18T10:18:54.675941
15,815,0.027649277821183205,2026-05-18T10:18:54.736896
15,816,0.02655780129134655,2026-05-18T10:18:55.068194
15,817,0.027514001354575157,2026-05-18T10:18:55.129400
15,818,0.028987431898713112,2026-05-18T10:18:55.913429
15,819,0.027827465906739235,2026-05-18T10:18:55.994018
15,820,0.02736557088792324,2026-05-18T10:18:56.350433
15,821,0.02389020286500454,2026-05-18T10:18:56.414094
15,822,0.031133491545915604,2026-05-18T10:18:56.822013
15,823,0.026275495067238808,2026-05-18T10:18:56.888692
15,824,0.026537233963608742,2026-05-18T10:18:57.474867
15,825,0.02269049920141697,2026-05-18T10:18:57.540013
15,826,0.025666415691375732,2026-05-18T10:18:57.735164
15,827,0.032041508704423904,2026-05-18T10:18:57.798888
15,828,0.026250716298818588,2026-05-18T10:18:58.399343
15,829,0.03013511933386326,2026-05-18T10:18:58.459923
15,830,0.027928033843636513,2026-05-18T10:18:58.600017
15,831,0.029042741283774376,2026-05-18T10:18:58.661107
15,832,0.026902249082922935,2026-05-18T10:18:59.351971
15,833,0.0277415681630373,2026-05-18T10:18:59.415449
15,834,0.02510255202651024,2026-05-18T10:18:59.486930
15,835,0.028404580429196358,2026-05-18T10:18:59.549238
15,836,0.026506967842578888,2026-05-18T10:19:00.262481
15,837,0.032244015485048294,2026-05-18T10:19:00.327382
15,838,0.024707021191716194,2026-05-18T10:19:00.606654
15,839,0.026312464848160744,2026-05-18T10:19:00.675601
15,840,0.027579190209507942,2026-05-18T10:19:01.225484
15,841,0.027321873232722282,2026-05-18T10:19:01.289881
15,842,0.02667279727756977,2026-05-18T10:19:01.625788
15,843,0.028735479339957237,2026-05-18T10:19:01.689911
15,844,0.029907500371336937,2026-05-18T10:19:02.205888
15,845,0.025967830792069435,2026-05-18T10:19:02.266370
15,846,0.026892125606536865,2026-05-18T10:19:02.767459
15,847,0.024489019066095352,2026-05-18T10:19:02.832390
15,848,0.02708107978105545,2026-05-18T10:19:03.434115
15,849,0.02353956550359726,2026-05-18T10:19:03.494971
15,850,0.026180334389209747,2026-05-18T10:19:03.679368
15,851,0.0299026221036911,2026-05-18T10:19:03.743401
15,852,0.025358853861689568,2026-05-18T10:19:04.260337
15,853,0.024146724492311478,2026-05-18T10:19:04.323215
15,854,0.023364899680018425,2026-05-18T10:19:04.530368
15,855,0.028420716524124146,2026-05-18T10:19:04.917081
15,856,0.026582542806863785,2026-05-18T10:19:05.415523
15,857,0.02671767771244049,2026-05-18T10:19:05.473348
15,858,0.026387181133031845,2026-05-18T10:19:05.544830
15,859,0.02423543855547905,2026-05-18T10:19:06.094056
15,860,0.03320922702550888,2026-05-18T10:19:06.462105
15,861,0.032181516289711,2026-05-18T10:19:06.523131
15,862,0.024678602814674377,2026-05-18T10:19:06.638666
15,863,0.026921682059764862,2026-05-18T10:19:07.085531
15,864,0.025011245161294937,2026-05-18T10:19:07.372186
15,865,0.02536034770309925,2026-05-18T10:19:07.430562
15,866,0.026714753359556198,2026-05-18T10:19:07.664757
15,867,0.028542300686240196,2026-05-18T10:19:08.184262
15,868,0.026863878592848778,2026-05-18T10:19:08.250133
15,869,0.027821611613035202,2026-05-18T10:19:08.314770
15,870,0.03072936460375786,2026-05-18T10:19:08.550048
15,871,0.026380490511655807,2026-05-18T10:19:09.197657
15,872,0.024302888661623,2026-05-18T10:19:09.262564
15,873,0.02688785083591938,2026-05-18T10:19:09.327717
15,874,0.031005362048745155,2026-05-18T10:19:09.391819
15,875,0.027020549401640892,2026-05-18T10:19:09.982883
15,876,0.026432139798998833,2026-05-18T10:19:10.045764
15,877,0.02866952121257782,2026-05-18T10:19:10.110540
15,878,0.022384995594620705,2026-05-18T10:19:10.346975
15,879,0.029218483716249466,2026-05-18T10:19:10.835409
15,880,0.02613414265215397,2026-05-18T10:19:11.067710
15,881,0.027667492628097534,2026-05-18T10:19:11.127571
15,882,0.025227228179574013,2026-05-18T10:19:11.312744
15,883,0.02528904378414154,2026-05-18T10:19:11.626088
15,884,0.029193494468927383,2026-05-18T10:19:12.322449
15,885,0.027616536244750023,2026-05-18T10:19:12.384763
15,886,0.028257930651307106,2026-05-18T10:19:12.448993
15,887,0.025810375809669495,2026-05-18T10:19:12.515535
15,888,0.0248878113925457,2026-05-18T10:19:13.270368
15,889,0.024980684742331505,2026-05-18T10:19:13.334149
15,890,0.025422975420951843,2026-05-18T10:19:13.398431
15,891,0.024096732959151268,2026-05-18T10:19:13.464649
15,892,0.02515009231865406,2026-05-18T10:19:14.173688
15,893,0.02602751925587654,2026-05-18T10:19:14.234276
15,894,0.02843586914241314,2026-05-18T10:19:14.301250
15,895,0.029925614595413208,2026-05-18T10:19:14.416839
15,896,0.02571736089885235,2026-05-18T10:19:15.186556
15,897,0.027135275304317474,2026-05-18T10:19:15.249478
15,898,0.03032073937356472,2026-05-18T10:19:15.312224
15,899,0.02833588607609272,2026-05-18T10:19:15.474475
15,900,0.027837634086608887,2026-05-18T10:19:16.346586
15,901,0.02574651874601841,2026-05-18T10:19:16.410011
15,902,0.028984684497117996,2026-05-18T10:19:16.473043
15,903,0.026880275458097458,2026-05-18T10:19:16.622608
15,904,0.023506805300712585,2026-05-18T10:19:17.216297
15,905,0.028854764997959137,2026-05-18T10:19:17.275957
15,906,0.02928941324353218,2026-05-18T10:19:17.337166
15,907,0.02464877814054489,2026-05-18T10:19:17.489718
15,908,0.03145924210548401,2026-05-18T10:19:18.364803
15,909,0.028614070266485214,2026-05-18T10:19:18.427749
15,910,0.02590339258313179,2026-05-18T10:19:18.492582
15,911,0.02852366305887699,2026-05-18T10:19:18.554743
15,912,0.02936423197388649,2026-05-18T10:19:19.338222
15,913,0.02493838220834732,2026-05-18T10:19:19.402415
15,914,0.0292216707020998,2026-05-18T10:19:19.465724
15,915,0.026536963880062103,2026-05-18T10:19:19.529120
15,916,0.026342133060097694,2026-05-18T10:19:20.231227
15,917,0.031047048047184944,2026-05-18T10:19:20.296308
15,918,0.0263077300041914,2026-05-18T10:19:20.361415
15,919,0.024776263162493706,2026-05-18T10:19:20.424925
15,920,0.025619594380259514,2026-05-18T10:19:21.149361
15,921,0.024946650490164757,2026-05-18T10:19:21.214678
15,922,0.029258428141474724,2026-05-18T10:19:21.320337
15,923,0.0261014886200428,2026-05-18T10:19:21.387326
15,924,0.024657968431711197,2026-05-18T10:19:21.928866
15,925,0.027366774156689644,2026-05-18T10:19:21.989578
15,926,0.026498831808567047,2026-05-18T10:19:22.302817
15,927,0.024094996973872185,2026-05-18T10:19:22.364720
15,928,0.02434486895799637,2026-05-18T10:19:22.777593
15,929,0.025346023961901665,2026-05-18T10:19:22.842648
15,930,0.02773807942867279,2026-05-18T10:19:23.372073
15,931,0.02099127694964409,2026-05-18T10:19:23.431695
15,932,0.032796915620565414,2026-05-18T10:19:23.862168
15,933,0.02708582766354084,2026-05-18T10:19:23.924337
15,934,0.02474106475710869,2026-05-18T10:19:24.188788
15,935,0.02894473262131214,2026-05-18T10:19:24.250143
15,936,0.025507265701889992,2026-05-18T10:19:24.826765
15,937,0.02399100735783577,2026-05-18T10:19:24.886590
15,938,0.02676980569958687,2026-05-18T10:19:25.250827
15,939,0.02494846284389496,2026-05-18T10:19:25.311664
15,940,0.024898024275898933,2026-05-18T10:19:25.588894
15,941,0.032029930502176285,2026-05-18T10:19:25.649123
15,942,0.02384549379348755,2026-05-18T10:19:26.046463
15,943,0.025703316554427147,2026-05-18T10:19:26.109446
15,944,0.026162203401327133,2026-05-18T10:19:26.658083
15,945,0.028169522061944008,2026-05-18T10:19:26.718134
15,946,0.026462143287062645,2026-05-18T10:19:27.048909
15,947,0.02562149241566658,2026-05-18T10:19:27.109491
15,948,0.028420230373740196,2026-05-18T10:19:27.616183
15,949,0.028222322463989258,2026-05-18T10:19:27.676944
15,950,0.028603315353393555,2026-05-18T10:19:28.039906
15,951,0.028716031461954117,2026-05-18T10:19:28.101127
15,952,0.026489999145269394,2026-05-18T10:19:28.510483
15,953,0.03083289973437786,2026-05-18T10:19:28.570906
15,954,0.024654576554894447,2026-05-18T10:19:28.855923
15,955,0.02756177820265293,2026-05-18T10:19:28.916794
15,956,0.02941310591995716,2026-05-18T10:19:29.567023
15,957,0.02392837218940258,2026-05-18T10:19:29.630404
15,958,0.027911020442843437,2026-05-18T10:19:29.842515
15,959,0.027841659262776375,2026-05-18T10:19:29.909183
15,960,0.02470104582607746,2026-05-18T10:19:30.473884
15,961,0.02941124513745308,2026-05-18T10:19:30.534089
15,962,0.029288770630955696,2026-05-18T10:19:30.999419
15,963,0.028724974021315575,2026-05-18T10:19:31.060826
15,964,0.027572691440582275,2026-05-18T10:19:31.409167
15,965,0.027169929817318916,2026-05-18T10:19:31.471031
15,966,0.024830052629113197,2026-05-18T10:19:31.730615
15,967,0.024139517918229103,2026-05-18T10:19:31.792059
15,968,0.03032882697880268,2026-05-18T10:19:32.324430
15,969,0.02647119015455246,2026-05-18T10:19:32.384902
15,970,0.02737795189023018,2026-05-18T10:19:32.653626
15,971,0.025158319622278214,2026-05-18T10:19:32.716900
15,972,0.027772072702646255,2026-05-18T10:19:33.204023
15,973,0.02542644925415516,2026-05-18T10:19:33.265171
15,974,0.026874849572777748,2026-05-18T10:19:33.695934
15,975,0.02450922317802906,2026-05-18T10:19:33.763892
15,976,0.026546766981482506,2026-05-18T10:19:34.275373
15,977,0.02954607829451561,2026-05-18T10:19:34.338072
15,978,0.027903692796826363,2026-05-18T10:19:34.731729
15,979,0.02679361216723919,2026-05-18T10:19:34.799043
15,980,0.0271310918033123,2026-05-18T10:19:35.243660
15,981,0.024783123284578323,2026-05-18T10:19:35.304789
15,982,0.023790108039975166,2026-05-18T10:19:35.838864
15,983,0.02499844692647457,2026-05-18T10:19:35.901682
15,984,0.028049202635884285,2026-05-18T10:19:36.106966
15,985,0.025085702538490295,2026-05-18T10:19:36.173131
15,986,0.023807326331734657,2026-05-18T10:19:36.900120
15,987,0.026734422892332077,2026-05-18T10:19:36.962973
15,988,0.02453712373971939,2026-05-18T10:19:37.266207
15,989,0.027536088600754738,2026-05-18T10:19:37.325897
15,990,0.02579677477478981,2026-05-18T10:19:37.959344
15,991,0.028807833790779114,2026-05-18T10:19:38.025520
15,992,0.026458915323019028,2026-05-18T10:19:38.299204
15,993,0.02774752490222454,2026-05-18T10:19:38.360587
15,994,0.026385098695755005,2026-05-18T10:19:38.794018
15,995,0.03240526467561722,2026-05-18T10:19:39.019218
15,996,0.025208568200469017,2026-05-18T10:19:39.332519
15,997,0.024093221873044968,2026-05-18T10:19:39.398366
15,998,0.025584017857909203,2026-05-18T10:19:39.794605
15,999,0.02988850325345993,2026-05-18T10:19:39.912204
15,1000,0.025797171518206596,2026-05-18T10:19:40.139080
15,1001,0.02675284817814827,2026-05-18T10:19:40.197940
15,1002,0.02635263092815876,2026-05-18T10:19:40.730563
15,1003,0.029288802295923233,2026-05-18T10:19:40.806642
15,1004,0.028965869918465614,2026-05-18T10:19:41.124835
15,1005,0.02536919340491295,2026-05-18T10:19:41.187207
15,1006,0.026017580181360245,2026-05-18T10:19:41.766435
15,1007,0.031234135851264,2026-05-18T10:19:41.829631
15,1008,0.025589801371097565,2026-05-18T10:19:42.252439
15,1009,0.027029506862163544,2026-05-18T10:19:42.318026
15,1010,0.024868374690413475,2026-05-18T10:19:42.633939
15,1011,0.029958253726363182,2026-05-18T10:19:42.710742
15,1012,0.029195550829172134,2026-05-18T10:19:43.183634
15,1013,0.026123512536287308,2026-05-18T10:19:43.244113
15,1014,0.03217453882098198,2026-05-18T10:19:43.549099
15,1015,0.030144983902573586,2026-05-18T10:19:43.608998
15,1016,0.025584902614355087,2026-05-18T10:19:44.129473
15,1017,0.02492591179907322,2026-05-18T10:19:44.190602
15,1018,0.02824864163994789,2026-05-18T10:19:44.509134
15,1019,0.030145959928631783,2026-05-18T10:19:44.569884
15,1020,0.02676842361688614,2026-05-18T10:19:45.216350
15,1021,0.024916691705584526,2026-05-18T10:19:45.278958
15,1022,0.026798836886882782,2026-05-18T10:19:45.345660
15,1023,0.02582860365509987,2026-05-18T10:19:45.595083
15,1024,0.02599417045712471,2026-05-18T10:19:45.872613
15,1025,0.025286830961704254,2026-05-18T10:19:45.936103
15,1026,0.027243999764323235,2026-05-18T10:19:46.138641
15,1027,0.02701062709093094,2026-05-18T10:19:46.357972
15,1028,0.02752934768795967,2026-05-18T10:19:46.797088
15,1029,0.030031749978661537,2026-05-18T10:19:46.857770
15,1030,0.02764592319726944,2026-05-18T10:19:46.987041
15,1031,0.028337178751826286,2026-05-18T10:19:47.407074
15,1032,0.026301342993974686,2026-05-18T10:19:47.710222
15,1033,0.026769084855914116,2026-05-18T10:19:47.770688
15,1034,0.026553925126791,2026-05-18T10:19:47.834031
15,1035,0.02471429854631424,2026-05-18T10:19:48.411810
15,1036,0.028771119192242622,2026-05-18T10:19:48.762030
15,1037,0.024736296385526657,2026-05-18T10:19:48.823364
15,1038,0.025626832619309425,2026-05-18T10:19:48.884976
15,1039,0.024353668093681335,2026-05-18T10:19:49.442720
15,1040,0.0254436694085598,2026-05-18T10:19:49.763119
15,1041,0.0290878564119339,2026-05-18T10:19:49.828734
15,1042,0.025824133306741714,2026-05-18T10:19:49.892093
15,1043,0.023681478574872017,2026-05-18T10:19:50.302091
15,1044,0.027482520788908005,2026-05-18T10:19:50.875035
15,1045,0.02715575136244297,2026-05-18T10:19:50.939963
15,1046,0.02458680048584938,2026-05-18T10:19:51.005693
15,1047,0.024158408865332603,2026-05-18T10:19:51.262209
15,1048,0.02975340746343136,2026-05-18T10:19:51.956654
15,1049,0.02523171901702881,2026-05-18T10:19:52.020323
15,1050,0.02961992472410202,2026-05-18T10:19:52.085297
15,1051,0.02825593203306198,2026-05-18T10:19:52.330148
15,1052,0.023663729429244995,2026-05-18T10:19:52.926280
15,1053,0.03131266310811043,2026-05-18T10:19:52.989032
15,1054,0.028859898447990417,2026-05-18T10:19:53.053069
15,1055,0.023906145244836807,2026-05-18T10:19:53.378704
15,1056,0.03168782219290733,2026-05-18T10:19:53.719371
15,1057,0.02550618164241314,2026-05-18T10:19:53.780707
15,1058,0.02480718493461609,2026-05-18T10:19:53.842115
15,1059,0.02553357556462288,2026-05-18T10:19:54.478467
15,1060,0.02895582839846611,2026-05-18T10:19:54.759643
15,1061,0.029754208400845528,2026-05-18T10:19:54.823857
15,1062,0.030190013349056244,2026-05-18T10:19:54.888314
15,1063,0.028815602883696556,2026-05-18T10:19:55.416321
15,1064,0.026936210691928864,2026-05-18T10:19:55.696829
15,1065,0.029434580355882645,2026-05-18T10:19:55.757028
15,1066,0.026205718517303467,2026-05-18T10:19:55.818361
15,1067,0.027546875178813934,2026-05-18T10:19:56.262975
15,1068,0.02873348258435726,2026-05-18T10:19:56.549519
15,1069,0.027039512991905212,2026-05-18T10:19:56.610316
15,1070,0.03155306726694107,2026-05-18T10:19:56.672811
15,1071,0.025806816294789314,2026-05-18T10:19:57.253105
15,1072,0.0297858789563179,2026-05-18T10:19:57.500501
15,1073,0.026321204379200935,2026-05-18T10:19:57.561574
15,1074,0.027495507150888443,2026-05-18T10:19:57.623640
15,1075,0.030264558270573616,2026-05-18T10:19:58.172732
15,1076,0.029422130435705185,2026-05-18T10:19:58.378294
15,1077,0.031102536246180534,2026-05-18T10:19:58.441255
15,1078,0.02578047849237919,2026-05-18T10:19:58.716751
15,1079,0.023878002539277077,2026-05-18T10:19:59.153476
15,1080,0.029136238619685173,2026-05-18T10:19:59.214262
15,1081,0.025782130658626556,2026-05-18T10:19:59.279404
15,1082,0.024605801329016685,2026-05-18T10:19:59.427250
15,1083,0.027533555403351784,2026-05-18T10:20:00.121492
15,1084,0.02666056528687477,2026-05-18T10:20:00.199853
15,1085,0.027650032192468643,2026-05-18T10:20:00.263538
15,1086,0.0309453085064888,2026-05-18T10:20:00.327078
15,1087,0.029360834509134293,2026-05-18T10:20:00.933814
15,1088,0.03438537195324898,2026-05-18T10:20:01.070996
15,1089,0.026837656274437904,2026-05-18T10:20:01.137097
15,1090,0.031107187271118164,2026-05-18T10:20:01.357271
15,1091,0.028862258419394493,2026-05-18T10:20:01.795920
15,1092,0.02535402961075306,2026-05-18T10:20:01.969351
15,1093,0.028118431568145752,2026-05-18T10:20:02.031225
15,1094,0.028275903314352036,2026-05-18T10:20:02.519010
15,1095,0.025115245953202248,2026-05-18T10:20:02.685960
15,1096,0.03024461306631565,2026-05-18T10:20:03.041462
15,1097,0.026119591668248177,2026-05-18T10:20:03.106636
15,1098,0.02817109227180481,2026-05-18T10:20:03.523110
15,1099,0.02546565793454647,2026-05-18T10:20:03.689132
15,1100,0.027682920917868614,2026-05-18T10:20:04.081154
15,1101,0.028679966926574707,2026-05-18T10:20:04.142803
15,1102,0.025303136557340622,2026-05-18T10:20:04.506805
15,1103,0.029285350814461708,2026-05-18T10:20:04.591550
15,1104,0.023723354563117027,2026-05-18T10:20:04.968374
15,1105,0.026185188442468643,2026-05-18T10:20:05.029051
15,1106,0.024591874331235886,2026-05-18T10:20:05.378702
15,1107,0.024873726069927216,2026-05-18T10:20:05.483860
15,1108,0.029310598969459534,2026-05-18T10:20:05.936319
15,1109,0.026414701715111732,2026-05-18T10:20:05.997517
15,1110,0.02748466655611992,2026-05-18T10:20:06.241452
15,1111,0.027879446744918823,2026-05-18T10:20:06.464189
15,1112,0.030282218009233475,2026-05-18T10:20:06.879212
15,1113,0.02748562954366207,2026-05-18T10:20:06.942958
15,1114,0.026563484221696854,2026-05-18T10:20:07.363178
15,1115,0.02663852460682392,2026-05-18T10:20:07.443045
15,1116,0.025655273348093033,2026-05-18T10:20:07.854328
15,1117,0.027473678812384605,2026-05-18T10:20:07.915022
15,1118,0.027078785002231598,2026-05-18T10:20:08.280123
15,1119,0.024994738399982452,2026-05-18T10:20:08.347236
15,1120,0.024252241477370262,2026-05-18T10:20:08.674984
15,1121,0.027551716193556786,2026-05-18T10:20:08.844732
15,1122,0.027313796803355217,2026-05-18T10:20:09.098945
15,1123,0.028439026325941086,2026-05-18T10:20:09.205455
15,1124,0.027270322665572166,2026-05-18T10:20:09.635244
15,1125,0.026998162269592285,2026-05-18T10:20:09.993051
15,1126,0.02633732743561268,2026-05-18T10:20:10.052705
15,1127,0.024770177900791168,2026-05-18T10:20:10.149793
15,1128,0.026990115642547607,2026-05-18T10:20:10.577169
15,1129,0.029722929000854492,2026-05-18T10:20:11.172224
15,1130,0.027108805254101753,2026-05-18T10:20:11.234002
15,1131,0.03023482859134674,2026-05-18T10:20:11.296692
15,1132,0.03029898926615715,2026-05-18T10:20:11.397527
15,1133,0.031726762652397156,2026-05-18T10:20:12.245955
15,1134,0.02835931070148945,2026-05-18T10:20:12.307729
15,1135,0.026182781904935837,2026-05-18T10:20:12.370028
15,1136,0.02670281007885933,2026-05-18T10:20:12.430931
15,1137,0.02587570808827877,2026-05-18T10:20:13.266184
15,1138,0.02445228211581707,2026-05-18T10:20:13.328909
15,1139,0.02754013054072857,2026-05-18T10:20:13.389320
15,1140,0.025671130046248436,2026-05-18T10:20:13.479181
15,1141,0.03298700228333473,2026-05-18T10:20:14.339633
15,1142,0.02562595158815384,2026-05-18T10:20:14.401827
15,1143,0.0262033399194479,2026-05-18T10:20:14.465356
15,1144,0.024459905922412872,2026-05-18T10:20:14.527133
15,1145,0.028222158551216125,2026-05-18T10:20:15.227960
15,1146,0.028995083644986153,2026-05-18T10:20:15.291518
15,1147,0.022718243300914764,2026-05-18T10:20:15.352791
